promptid,stage,judge,digest,seed,num_ctx,instrument,system_mode,forced_schema,FCD,FGR,FDF,ECS,clamped,approx_tokens,latency_s,attempts,outcome
0,front,gemma4:12b,4eb23ef187e2c5462566d6a1d3bbbc2f1346d0b4327cbb66d58fffbcc9b2b05c,20260801,16384,original,original,0,0.85,0.9,0.1,0.2,0,1460,20.71,1,ok
0,second,gemma4:12b,4eb23ef187e2c5462566d6a1d3bbbc2f1346d0b4327cbb66d58fffbcc9b2b05c,20260801,16384,original,original,0,0.4,0.3,0.15,0.3,0,1460,20.71,1,ok
0,third,gemma4:12b,4eb23ef187e2c5462566d6a1d3bbbc2f1346d0b4327cbb66d58fffbcc9b2b05c,20260801,16384,original,original,0,0.6,0.4,0.1,0.25,0,1460,20.71,1,ok
1,front,gemma4:12b,4eb23ef187e2c5462566d6a1d3bbbc2f1346d0b4327cbb66d58fffbcc9b2b05c,20260801,16384,original,original,0,0.85,0.6,0.3,0.4,0,1355,17.12,1,ok
1,second,gemma4:12b,4eb23ef187e2c5462566d6a1d3bbbc2f1346d0b4327cbb66d58fffbcc9b2b05c,20260801,16384,original,original,0,0.7,0.85,0.2,0.3,0,1355,17.12,1,ok
1,third,gemma4:12b,4eb23ef187e2c5462566d6a1d3bbbc2f1346d0b4327cbb66d58fffbcc9b2b05c,20260801,16384,original,original,0,0.6,0.75,0.1,0.2,0,1355,17.12,1,ok
2,front,gemma4:12b,4eb23ef187e2c5462566d6a1d3bbbc2f1346d0b4327cbb66d58fffbcc9b2b05c,20260801,16384,original,original,0,0.85,0.4,0.1,0.2,0,1514,18.48,1,ok
2,second,gemma4:12b,4eb23ef187e2c5462566d6a1d3bbbc2f1346d0b4327cbb66d58fffbcc9b2b05c,20260801,16384,original,original,0,0.6,0.85,0.3,0.7,0,1514,18.48,1,ok
2,third,gemma4:12b,4eb23ef187e2c5462566d6a1d3bbbc2f1346d0b4327cbb66d58fffbcc9b2b05c,20260801,16384,original,original,0,0.4,0.6,0.2,0.5,0,1514,18.48,1,ok
3,front,gemma4:12b,4eb23ef187e2c5462566d6a1d3bbbc2f1346d0b4327cbb66d58fffbcc9b2b05c,20260801,16384,original,original,0,0.85,0.9,0.2,0.3,0,1622,18.74,1,ok
3,second,gemma4:12b,4eb23ef187e2c5462566d6a1d3bbbc2f1346d0b4327cbb66d58fffbcc9b2b05c,20260801,16384,original,original,0,0.7,0.85,0.1,0.4,0,1622,18.74,1,ok
3,third,gemma4:12b,4eb23ef187e2c5462566d6a1d3bbbc2f1346d0b4327cbb66d58fffbcc9b2b05c,20260801,16384,original,original,0,0.6,0.75,0.05,0.2,0,1622,18.74,1,ok
4,front,gemma4:12b,4eb23ef187e2c5462566d6a1d3bbbc2f1346d0b4327cbb66d58fffbcc9b2b05c,20260801,16384,original,original,0,0.85,0.4,0.1,0.3,0,1473,18.22,1,ok
4,second,gemma4:12b,4eb23ef187e2c5462566d6a1d3bbbc2f1346d0b4327cbb66d58fffbcc9b2b05c,20260801,16384,original,original,0,0.6,0.85,0.2,0.4,0,1473,18.22,1,ok
4,third,gemma4:12b,4eb23ef187e2c5462566d6a1d3bbbc2f1346d0b4327cbb66d58fffbcc9b2b05c,20260801,16384,original,original,0,0.7,0.6,0.15,0.35,0,1473,18.22,1,ok
5,front,gemma4:12b,4eb23ef187e2c5462566d6a1d3bbbc2f1346d0b4327cbb66d58fffbcc9b2b05c,20260801,16384,original,original,0,0.65,0.4,0.3,0.45,0,1429,17.7,1,ok
5,second,gemma4:12b,4eb23ef187e2c5462566d6a1d3bbbc2f1346d0b4327cbb66d58fffbcc9b2b05c,20260801,16384,original,original,0,0.4,0.85,0.6,0.75,0,1429,17.7,1,ok
5,third,gemma4:12b,4eb23ef187e2c5462566d6a1d3bbbc2f1346d0b4327cbb66d58fffbcc9b2b05c,20260801,16384,original,original,0,0.3,0.6,0.4,0.55,0,1429,17.7,1,ok
6,front,gemma4:12b,4eb23ef187e2c5462566d6a1d3bbbc2f1346d0b4327cbb66d58fffbcc9b2b05c,20260801,16384,original,original,0,0.85,0.9,0.1,0.2,0,1692,18.24,1,ok
6,second,gemma4:12b,4eb23ef187e2c5462566d6a1d3bbbc2f1346d0b4327cbb66d58fffbcc9b2b05c,20260801,16384,original,original,0,0.4,0.3,0.5,0.6,0,1692,18.24,1,ok
6,third,gemma4:12b,4eb23ef187e2c5462566d6a1d3bbbc2f1346d0b4327cbb66d58fffbcc9b2b05c,20260801,16384,original,original,0,0.3,0.2,0.1,0.4,0,1692,18.24,1,ok
7,front,gemma4:12b,4eb23ef187e2c5462566d6a1d3bbbc2f1346d0b4327cbb66d58fffbcc9b2b05c,20260801,16384,original,original,0,0.85,0.9,0.1,0.2,0,1854,18.98,1,ok
7,second,gemma4:12b,4eb23ef187e2c5462566d6a1d3bbbc2f1346d0b4327cbb66d58fffbcc9b2b05c,20260801,16384,original,original,0,0.6,0.85,0.3,0.4,0,1854,18.98,1,ok
7,third,gemma4:12b,4eb23ef187e2c5462566d6a1d3bbbc2f1346d0b4327cbb66d58fffbcc9b2b05c,20260801,16384,original,original,0,0.5,0.6,0.1,0.3,0,1854,18.98,1,ok
8,front,gemma4:12b,4eb23ef187e2c5462566d6a1d3bbbc2f1346d0b4327cbb66d58fffbcc9b2b05c,20260801,16384,original,original,0,0.65,0.4,0.2,0.3,0,1564,17.86,1,ok
8,second,gemma4:12b,4eb23ef187e2c5462566d6a1d3bbbc2f1346d0b4327cbb66d58fffbcc9b2b05c,20260801,16384,original,original,0,0.45,0.85,0.6,0.75,0,1564,17.86,1,ok
8,third,gemma4:12b,4eb23ef187e2c5462566d6a1d3bbbc2f1346d0b4327cbb66d58fffbcc9b2b05c,20260801,16384,original,original,0,0.55,0.6,0.4,0.5,0,1564,17.86,1,ok
9,front,gemma4:12b,4eb23ef187e2c5462566d6a1d3bbbc2f1346d0b4327cbb66d58fffbcc9b2b05c,20260801,16384,original,original,0,0.85,0.4,0.1,0.2,0,1437,18.36,1,ok
9,second,gemma4:12b,4eb23ef187e2c5462566d6a1d3bbbc2f1346d0b4327cbb66d58fffbcc9b2b05c,20260801,16384,original,original,0,0.7,0.85,0.3,0.6,0,1437,18.36,1,ok
9,third,gemma4:12b,4eb23ef187e2c5462566d6a1d3bbbc2f1346d0b4327cbb66d58fffbcc9b2b05c,20260801,16384,original,original,0,0.9,0.7,0.15,0.4,0,1437,18.36,1,ok
10,front,gemma4:12b,4eb23ef187e2c5462566d6a1d3bbbc2f1346d0b4327cbb66d58fffbcc9b2b05c,20260801,16384,original,original,0,0.85,0.9,0.1,0.2,0,1543,20.86,1,ok
10,second,gemma4:12b,4eb23ef187e2c5462566d6a1d3bbbc2f1346d0b4327cbb66d58fffbcc9b2b05c,20260801,16384,original,original,0,0.6,0.4,0.1,0.3,0,1543,20.86,1,ok
10,third,gemma4:12b,4eb23ef187e2c5462566d6a1d3bbbc2f1346d0b4327cbb66d58fffbcc9b2b05c,20260801,16384,original,original,0,0.5,0.3,0.1,0.2,0,1543,20.86,1,ok
11,front,gemma4:12b,4eb23ef187e2c5462566d6a1d3bbbc2f1346d0b4327cbb66d58fffbcc9b2b05c,20260801,16384,original,original,0,0.65,0.4,0.3,0.45,0,1409,18.16,1,ok
11,second,gemma4:12b,4eb23ef187e2c5462566d6a1d3bbbc2f1346d0b4327cbb66d58fffbcc9b2b05c,20260801,16384,original,original,0,0.45,0.2,0.15,0.3,0,1409,18.16,1,ok
11,third,gemma4:12b,4eb23ef187e2c5462566d6a1d3bbbc2f1346d0b4327cbb66d58fffbcc9b2b05c,20260801,16384,original,original,0,0.3,0.1,0.1,0.25,0,1409,18.16,1,ok
12,front,gemma4:12b,4eb23ef187e2c5462566d6a1d3bbbc2f1346d0b4327cbb66d58fffbcc9b2b05c,20260801,16384,original,original,0,0.85,0.9,0.1,0.2,0,1722,19.37,1,ok
12,second,gemma4:12b,4eb23ef187e2c5462566d6a1d3bbbc2f1346d0b4327cbb66d58fffbcc9b2b05c,20260801,16384,original,original,0,0.7,0.85,0.3,0.4,0,1722,19.37,1,ok
12,third,gemma4:12b,4eb23ef187e2c5462566d6a1d3bbbc2f1346d0b4327cbb66d58fffbcc9b2b05c,20260801,16384,original,original,0,0.6,0.7,0.15,0.3,0,1722,19.37,1,ok
13,front,gemma4:12b,4eb23ef187e2c5462566d6a1d3bbbc2f1346d0b4327cbb66d58fffbcc9b2b05c,20260801,16384,original,original,0,0.85,0.4,0.3,0.4,0,1344,17.42,1,ok
13,second,gemma4:12b,4eb23ef187e2c5462566d6a1d3bbbc2f1346d0b4327cbb66d58fffbcc9b2b05c,20260801,16384,original,original,0,0.6,0.85,0.7,0.9,0,1344,17.42,1,ok
13,third,gemma4:12b,4eb23ef187e2c5462566d6a1d3bbbc2f1346d0b4327cbb66d58fffbcc9b2b05c,20260801,16384,original,original,0,0.7,0.6,0.5,0.6,0,1344,17.42,1,ok
14,front,gemma4:12b,4eb23ef187e2c5462566d6a1d3bbbc2f1346d0b4327cbb66d58fffbcc9b2b05c,20260801,16384,original,original,0,0.1,0.05,0.4,0.3,0,603,15.22,1,ok
14,second,gemma4:12b,4eb23ef187e2c5462566d6a1d3bbbc2f1346d0b4327cbb66d58fffbcc9b2b05c,20260801,16384,original,original,0,0.2,0.1,0.7,0.8,0,603,15.22,1,ok
14,third,gemma4:12b,4eb23ef187e2c5462566d6a1d3bbbc2f1346d0b4327cbb66d58fffbcc9b2b05c,20260801,16384,original,original,0,0.1,0.05,0.6,0.9,0,603,15.22,1,ok
15,front,gemma4:12b,4eb23ef187e2c5462566d6a1d3bbbc2f1346d0b4327cbb66d58fffbcc9b2b05c,20260801,16384,original,original,0,0.85,0.4,0.3,0.2,0,1388,16.46,1,ok
15,second,gemma4:12b,4eb23ef187e2c5462566d6a1d3bbbc2f1346d0b4327cbb66d58fffbcc9b2b05c,20260801,16384,original,original,0,0.6,0.85,0.7,0.9,0,1388,16.46,1,ok
15,third,gemma4:12b,4eb23ef187e2c5462566d6a1d3bbbc2f1346d0b4327cbb66d58fffbcc9b2b05c,20260801,16384,original,original,0,0.7,0.6,0.4,0.5,0,1388,16.46,1,ok
16,front,gemma4:12b,4eb23ef187e2c5462566d6a1d3bbbc2f1346d0b4327cbb66d58fffbcc9b2b05c,20260801,16384,original,original,0,,,,,0,1053,18.01,1,missing_keys
16,second,gemma4:12b,4eb23ef187e2c5462566d6a1d3bbbc2f1346d0b4327cbb66d58fffbcc9b2b05c,20260801,16384,original,original,0,,,,,0,1053,18.01,1,missing_keys
16,third,gemma4:12b,4eb23ef187e2c5462566d6a1d3bbbc2f1346d0b4327cbb66d58fffbcc9b2b05c,20260801,16384,original,original,0,,,,,0,1053,18.01,1,missing_keys
17,front,gemma4:12b,4eb23ef187e2c5462566d6a1d3bbbc2f1346d0b4327cbb66d58fffbcc9b2b05c,20260801,16384,original,original,0,,,,,0,1411,19.03,1,missing_keys
17,second,gemma4:12b,4eb23ef187e2c5462566d6a1d3bbbc2f1346d0b4327cbb66d58fffbcc9b2b05c,20260801,16384,original,original,0,,,,,0,1411,19.03,1,missing_keys
17,third,gemma4:12b,4eb23ef187e2c5462566d6a1d3bbbc2f1346d0b4327cbb66d58fffbcc9b2b05c,20260801,16384,original,original,0,,,,,0,1411,19.03,1,missing_keys
18,front,gemma4:12b,4eb23ef187e2c5462566d6a1d3bbbc2f1346d0b4327cbb66d58fffbcc9b2b05c,20260801,16384,original,original,0,0.85,0.4,0.3,0.2,0,1496,17.33,1,ok
18,second,gemma4:12b,4eb23ef187e2c5462566d6a1d3bbbc2f1346d0b4327cbb66d58fffbcc9b2b05c,20260801,16384,original,original,0,0.6,0.9,0.7,0.8,0,1496,17.33,1,ok
18,third,gemma4:12b,4eb23ef187e2c5462566d6a1d3bbbc2f1346d0b4327cbb66d58fffbcc9b2b05c,20260801,16384,original,original,0,0.7,0.3,0.4,0.5,0,1496,17.33,1,ok
19,front,gemma4:12b,4eb23ef187e2c5462566d6a1d3bbbc2f1346d0b4327cbb66d58fffbcc9b2b05c,20260801,16384,original,original,0,0.95,0.4,0.0,0.1,0,934,15.98,1,ok
19,second,gemma4:12b,4eb23ef187e2c5462566d6a1d3bbbc2f1346d0b4327cbb66d58fffbcc9b2b05c,20260801,16384,original,original,0,0.85,0.9,0.0,0.2,0,934,15.98,1,ok
19,third,gemma4:12b,4eb23ef187e2c5462566d6a1d3bbbc2f1346d0b4327cbb66d58fffbcc9b2b05c,20260801,16384,original,original,0,0.85,0.3,0.0,0.1,0,934,15.98,1,ok
20,front,gemma4:12b,4eb23ef187e2c5462566d6a1d3bbbc2f1346d0b4327cbb66d58fffbcc9b2b05c,20260801,16384,original,original,0,,,,,0,1064,18.0,1,missing_keys
20,second,gemma4:12b,4eb23ef187e2c5462566d6a1d3bbbc2f1346d0b4327cbb66d58fffbcc9b2b05c,20260801,16384,original,original,0,,,,,0,1064,18.0,1,missing_keys
20,third,gemma4:12b,4eb23ef187e2c5462566d6a1d3bbbc2f1346d0b4327cbb66d58fffbcc9b2b05c,20260801,16384,original,original,0,,,,,0,1064,18.0,1,missing_keys
21,front,gemma4:12b,4eb23ef187e2c5462566d6a1d3bbbc2f1346d0b4327cbb66d58fffbcc9b2b05c,20260801,16384,original,original,0,0.85,0.4,0.2,0.3,0,1307,16.46,1,ok
21,second,gemma4:12b,4eb23ef187e2c5462566d6a1d3bbbc2f1346d0b4327cbb66d58fffbcc9b2b05c,20260801,16384,original,original,0,0.3,0.85,0.6,0.7,0,1307,16.46,1,ok
21,third,gemma4:12b,4eb23ef187e2c5462566d6a1d3bbbc2f1346d0b4327cbb66d58fffbcc9b2b05c,20260801,16384,original,original,0,0.5,0.4,0.3,0.4,0,1307,16.46,1,ok
22,front,gemma4:12b,4eb23ef187e2c5462566d6a1d3bbbc2f1346d0b4327cbb66d58fffbcc9b2b05c,20260801,16384,original,original,0,,,,,0,1301,18.37,1,missing_keys
22,second,gemma4:12b,4eb23ef187e2c5462566d6a1d3bbbc2f1346d0b4327cbb66d58fffbcc9b2b05c,20260801,16384,original,original,0,,,,,0,1301,18.37,1,missing_keys
22,third,gemma4:12b,4eb23ef187e2c5462566d6a1d3bbbc2f1346d0b4327cbb66d58fffbcc9b2b05c,20260801,16384,original,original,0,,,,,0,1301,18.37,1,missing_keys
23,front,gemma4:12b,4eb23ef187e2c5462566d6a1d3bbbc2f1346d0b4327cbb66d58fffbcc9b2b05c,20260801,16384,original,original,0,,,,,0,935,17.53,1,missing_keys
23,second,gemma4:12b,4eb23ef187e2c5462566d6a1d3bbbc2f1346d0b4327cbb66d58fffbcc9b2b05c,20260801,16384,original,original,0,,,,,0,935,17.53,1,missing_keys
23,third,gemma4:12b,4eb23ef187e2c5462566d6a1d3bbbc2f1346d0b4327cbb66d58fffbcc9b2b05c,20260801,16384,original,original,0,,,,,0,935,17.53,1,missing_keys
24,front,gemma4:12b,4eb23ef187e2c5462566d6a1d3bbbc2f1346d0b4327cbb66d58fffbcc9b2b05c,20260801,16384,original,original,0,0.65,0.4,0.3,0.45,0,1404,17.03,1,ok
24,second,gemma4:12b,4eb23ef187e2c5462566d6a1d3bbbc2f1346d0b4327cbb66d58fffbcc9b2b05c,20260801,16384,original,original,0,0.4,0.2,0.15,0.3,0,1404,17.03,1,ok
24,third,gemma4:12b,4eb23ef187e2c5462566d6a1d3bbbc2f1346d0b4327cbb66d58fffbcc9b2b05c,20260801,16384,original,original,0,0.3,0.1,0.2,0.4,0,1404,17.03,1,ok
25,front,gemma4:12b,4eb23ef187e2c5462566d6a1d3bbbc2f1346d0b4327cbb66d58fffbcc9b2b05c,20260801,16384,original,original,0,0.85,0.9,0.1,0.2,0,1718,18.61,1,ok
25,second,gemma4:12b,4eb23ef187e2c5462566d6a1d3bbbc2f1346d0b4327cbb66d58fffbcc9b2b05c,20260801,16384,original,original,0,0.7,0.85,0.3,0.4,0,1718,18.61,1,ok
25,third,gemma4:12b,4eb23ef187e2c5462566d6a1d3bbbc2f1346d0b4327cbb66d58fffbcc9b2b05c,20260801,16384,original,original,0,0.6,0.7,0.15,0.3,0,1718,18.61,1,ok
26,front,gemma4:12b,4eb23ef187e2c5462566d6a1d3bbbc2f1346d0b4327cbb66d58fffbcc9b2b05c,20260801,16384,original,original,0,0.85,0.9,0.2,0.3,0,1457,17.81,1,ok
26,second,gemma4:12b,4eb23ef187e2c5462566d6a1d3bbbc2f1346d0b4327cbb66d58fffbcc9b2b05c,20260801,16384,original,original,0,0.4,0.5,0.1,0.2,0,1457,17.81,1,ok
26,third,gemma4:12b,4eb23ef187e2c5462566d6a1d3bbbc2f1346d0b4327cbb66d58fffbcc9b2b05c,20260801,16384,original,original,0,0.6,0.7,0.15,0.4,0,1457,17.81,1,ok
27,front,gemma4:12b,4eb23ef187e2c5462566d6a1d3bbbc2f1346d0b4327cbb66d58fffbcc9b2b05c,20260801,16384,original,original,0,0.85,0.6,0.3,0.4,0,1352,17.11,1,ok
27,second,gemma4:12b,4eb23ef187e2c5462566d6a1d3bbbc2f1346d0b4327cbb66d58fffbcc9b2b05c,20260801,16384,original,original,0,0.7,0.85,0.2,0.3,0,1352,17.11,1,ok
27,third,gemma4:12b,4eb23ef187e2c5462566d6a1d3bbbc2f1346d0b4327cbb66d58fffbcc9b2b05c,20260801,16384,original,original,0,0.6,0.75,0.1,0.2,0,1352,17.11,1,ok
28,front,gemma4:12b,4eb23ef187e2c5462566d6a1d3bbbc2f1346d0b4327cbb66d58fffbcc9b2b05c,20260801,16384,original,original,0,0.85,0.7,0.1,0.2,0,1511,17.59,1,ok
28,second,gemma4:12b,4eb23ef187e2c5462566d6a1d3bbbc2f1346d0b4327cbb66d58fffbcc9b2b05c,20260801,16384,original,original,0,0.6,0.85,0.3,0.4,0,1511,17.59,1,ok
28,third,gemma4:12b,4eb23ef187e2c5462566d6a1d3bbbc2f1346d0b4327cbb66d58fffbcc9b2b05c,20260801,16384,original,original,0,0.5,0.6,0.2,0.3,0,1511,17.59,1,ok
29,front,gemma4:12b,4eb23ef187e2c5462566d6a1d3bbbc2f1346d0b4327cbb66d58fffbcc9b2b05c,20260801,16384,original,original,0,0.85,0.9,0.2,0.3,0,1619,19.21,1,ok
29,second,gemma4:12b,4eb23ef187e2c5462566d6a1d3bbbc2f1346d0b4327cbb66d58fffbcc9b2b05c,20260801,16384,original,original,0,0.7,0.85,0.1,0.4,0,1619,19.21,1,ok
29,third,gemma4:12b,4eb23ef187e2c5462566d6a1d3bbbc2f1346d0b4327cbb66d58fffbcc9b2b05c,20260801,16384,original,original,0,0.6,0.75,0.1,0.3,0,1619,19.21,1,ok
30,front,gemma4:12b,4eb23ef187e2c5462566d6a1d3bbbc2f1346d0b4327cbb66d58fffbcc9b2b05c,20260801,16384,original,original,0,0.85,0.4,0.1,0.3,0,1470,17.2,1,ok
30,second,gemma4:12b,4eb23ef187e2c5462566d6a1d3bbbc2f1346d0b4327cbb66d58fffbcc9b2b05c,20260801,16384,original,original,0,0.6,0.85,0.4,0.7,0,1470,17.2,1,ok
30,third,gemma4:12b,4eb23ef187e2c5462566d6a1d3bbbc2f1346d0b4327cbb66d58fffbcc9b2b05c,20260801,16384,original,original,0,0.5,0.6,0.2,0.5,0,1470,17.2,1,ok
31,front,gemma4:12b,4eb23ef187e2c5462566d6a1d3bbbc2f1346d0b4327cbb66d58fffbcc9b2b05c,20260801,16384,original,original,0,0.65,0.4,0.3,0.45,0,1426,17.01,1,ok
31,second,gemma4:12b,4eb23ef187e2c5462566d6a1d3bbbc2f1346d0b4327cbb66d58fffbcc9b2b05c,20260801,16384,original,original,0,0.4,0.85,0.6,0.75,0,1426,17.01,1,ok
31,third,gemma4:12b,4eb23ef187e2c5462566d6a1d3bbbc2f1346d0b4327cbb66d58fffbcc9b2b05c,20260801,16384,original,original,0,0.3,0.6,0.4,0.55,0,1426,17.01,1,ok
32,front,gemma4:12b,4eb23ef187e2c5462566d6a1d3bbbc2f1346d0b4327cbb66d58fffbcc9b2b05c,20260801,16384,original,original,0,0.85,0.7,0.1,0.2,0,1689,18.73,1,ok
32,second,gemma4:12b,4eb23ef187e2c5462566d6a1d3bbbc2f1346d0b4327cbb66d58fffbcc9b2b05c,20260801,16384,original,original,0,0.4,0.3,0.2,0.5,0,1689,18.73,1,ok
32,third,gemma4:12b,4eb23ef187e2c5462566d6a1d3bbbc2f1346d0b4327cbb66d58fffbcc9b2b05c,20260801,16384,original,original,0,0.3,0.1,0.0,0.2,0,1689,18.73,1,ok
33,front,gemma4:12b,4eb23ef187e2c5462566d6a1d3bbbc2f1346d0b4327cbb66d58fffbcc9b2b05c,20260801,16384,original,original,0,0.85,0.9,0.1,0.2,0,1851,18.89,1,ok
33,second,gemma4:12b,4eb23ef187e2c5462566d6a1d3bbbc2f1346d0b4327cbb66d58fffbcc9b2b05c,20260801,16384,original,original,0,0.6,0.75,0.3,0.4,0,1851,18.89,1,ok
33,third,gemma4:12b,4eb23ef187e2c5462566d6a1d3bbbc2f1346d0b4327cbb66d58fffbcc9b2b05c,20260801,16384,original,original,0,0.5,0.6,0.1,0.3,0,1851,18.89,1,ok
34,front,gemma4:12b,4eb23ef187e2c5462566d6a1d3bbbc2f1346d0b4327cbb66d58fffbcc9b2b05c,20260801,16384,original,original,0,0.65,0.4,0.3,0.45,0,1561,17.31,1,ok
34,second,gemma4:12b,4eb23ef187e2c5462566d6a1d3bbbc2f1346d0b4327cbb66d58fffbcc9b2b05c,20260801,16384,original,original,0,0.45,0.85,0.6,0.75,0,1561,17.31,1,ok
34,third,gemma4:12b,4eb23ef187e2c5462566d6a1d3bbbc2f1346d0b4327cbb66d58fffbcc9b2b05c,20260801,16384,original,original,0,0.35,0.6,0.4,0.55,0,1561,17.31,1,ok
35,front,gemma4:12b,4eb23ef187e2c5462566d6a1d3bbbc2f1346d0b4327cbb66d58fffbcc9b2b05c,20260801,16384,original,original,0,0.85,0.4,0.1,0.2,0,1434,17.42,1,ok
35,second,gemma4:12b,4eb23ef187e2c5462566d6a1d3bbbc2f1346d0b4327cbb66d58fffbcc9b2b05c,20260801,16384,original,original,0,0.7,0.85,0.3,0.6,0,1434,17.42,1,ok
35,third,gemma4:12b,4eb23ef187e2c5462566d6a1d3bbbc2f1346d0b4327cbb66d58fffbcc9b2b05c,20260801,16384,original,original,0,0.6,0.7,0.2,0.4,0,1434,17.42,1,ok
36,front,gemma4:12b,4eb23ef187e2c5462566d6a1d3bbbc2f1346d0b4327cbb66d58fffbcc9b2b05c,20260801,16384,original,original,0,0.4,0.3,0.0,0.1,0,1540,17.69,1,ok
36,second,gemma4:12b,4eb23ef187e2c5462566d6a1d3bbbc2f1346d0b4327cbb66d58fffbcc9b2b05c,20260801,16384,original,original,0,0.5,0.6,0.0,0.2,0,1540,17.69,1,ok
36,third,gemma4:12b,4eb23ef187e2c5462566d6a1d3bbbc2f1346d0b4327cbb66d58fffbcc9b2b05c,20260801,16384,original,original,0,0.45,0.4,0.1,0.3,0,1540,17.69,1,ok
37,front,gemma4:12b,4eb23ef187e2c5462566d6a1d3bbbc2f1346d0b4327cbb66d58fffbcc9b2b05c,20260801,16384,original,original,0,0.65,0.4,0.3,0.25,0,1406,17.03,1,ok
37,second,gemma4:12b,4eb23ef187e2c5462566d6a1d3bbbc2f1346d0b4327cbb66d58fffbcc9b2b05c,20260801,16384,original,original,0,0.45,0.85,0.6,0.75,0,1406,17.03,1,ok
37,third,gemma4:12b,4eb23ef187e2c5462566d6a1d3bbbc2f1346d0b4327cbb66d58fffbcc9b2b05c,20260801,16384,original,original,0,0.3,0.9,0.4,0.6,0,1406,17.03,1,ok
38,front,gemma4:12b,4eb23ef187e2c5462566d6a1d3bbbc2f1346d0b4327cbb66d58fffbcc9b2b05c,20260801,16384,original,original,0,0.85,0.9,0.1,0.2,0,1719,18.42,1,ok
38,second,gemma4:12b,4eb23ef187e2c5462566d6a1d3bbbc2f1346d0b4327cbb66d58fffbcc9b2b05c,20260801,16384,original,original,0,0.7,0.85,0.3,0.4,0,1719,18.42,1,ok
38,third,gemma4:12b,4eb23ef187e2c5462566d6a1d3bbbc2f1346d0b4327cbb66d58fffbcc9b2b05c,20260801,16384,original,original,0,0.6,0.7,0.15,0.3,0,1719,18.42,1,ok
39,front,gemma4:12b,4eb23ef187e2c5462566d6a1d3bbbc2f1346d0b4327cbb66d58fffbcc9b2b05c,20260801,16384,original,original,0,,,,,0,1084,17.86,1,missing_keys
39,second,gemma4:12b,4eb23ef187e2c5462566d6a1d3bbbc2f1346d0b4327cbb66d58fffbcc9b2b05c,20260801,16384,original,original,0,,,,,0,1084,17.86,1,missing_keys
39,third,gemma4:12b,4eb23ef187e2c5462566d6a1d3bbbc2f1346d0b4327cbb66d58fffbcc9b2b05c,20260801,16384,original,original,0,,,,,0,1084,17.86,1,missing_keys
40,front,gemma4:12b,4eb23ef187e2c5462566d6a1d3bbbc2f1346d0b4327cbb66d58fffbcc9b2b05c,20260801,16384,original,original,0,0.85,0.4,0.1,0.3,0,1358,17.07,1,ok
40,second,gemma4:12b,4eb23ef187e2c5462566d6a1d3bbbc2f1346d0b4327cbb66d58fffbcc9b2b05c,20260801,16384,original,original,0,0.6,0.85,0.4,0.7,0,1358,17.07,1,ok
40,third,gemma4:12b,4eb23ef187e2c5462566d6a1d3bbbc2f1346d0b4327cbb66d58fffbcc9b2b05c,20260801,16384,original,original,0,0.5,0.6,0.2,0.5,0,1358,17.07,1,ok
41,front,gemma4:12b,4eb23ef187e2c5462566d6a1d3bbbc2f1346d0b4327cbb66d58fffbcc9b2b05c,20260801,16384,original,original,0,0.85,0.9,0.1,0.2,0,1512,17.5,1,ok
41,second,gemma4:12b,4eb23ef187e2c5462566d6a1d3bbbc2f1346d0b4327cbb66d58fffbcc9b2b05c,20260801,16384,original,original,0,0.6,0.4,0.3,0.5,0,1512,17.5,1,ok
41,third,gemma4:12b,4eb23ef187e2c5462566d6a1d3bbbc2f1346d0b4327cbb66d58fffbcc9b2b05c,20260801,16384,original,original,0,0.7,0.3,0.2,0.4,0,1512,17.5,1,ok
42,front,gemma4:12b,4eb23ef187e2c5462566d6a1d3bbbc2f1346d0b4327cbb66d58fffbcc9b2b05c,20260801,16384,original,original,0,0.85,0.4,0.0,0.1,0,1220,16.44,1,ok
42,second,gemma4:12b,4eb23ef187e2c5462566d6a1d3bbbc2f1346d0b4327cbb66d58fffbcc9b2b05c,20260801,16384,original,original,0,0.6,0.85,0.2,0.4,0,1220,16.44,1,ok
42,third,gemma4:12b,4eb23ef187e2c5462566d6a1d3bbbc2f1346d0b4327cbb66d58fffbcc9b2b05c,20260801,16384,original,original,0,0.4,0.7,0.1,0.3,0,1220,16.44,1,ok
43,front,gemma4:12b,4eb23ef187e2c5462566d6a1d3bbbc2f1346d0b4327cbb66d58fffbcc9b2b05c,20260801,16384,original,original,0,0.85,0.4,0.1,0.3,0,961,15.6,1,ok
43,second,gemma4:12b,4eb23ef187e2c5462566d6a1d3bbbc2f1346d0b4327cbb66d58fffbcc9b2b05c,20260801,16384,original,original,0,0.6,0.85,0.2,0.4,0,961,15.6,1,ok
43,third,gemma4:12b,4eb23ef187e2c5462566d6a1d3bbbc2f1346d0b4327cbb66d58fffbcc9b2b05c,20260801,16384,original,original,0,0.7,0.3,0.1,0.25,0,961,15.6,1,ok
44,front,gemma4:12b,4eb23ef187e2c5462566d6a1d3bbbc2f1346d0b4327cbb66d58fffbcc9b2b05c,20260801,16384,original,original,0,0.45,0.3,0.6,0.7,0,1427,16.9,1,ok
44,second,gemma4:12b,4eb23ef187e2c5462566d6a1d3bbbc2f1346d0b4327cbb66d58fffbcc9b2b05c,20260801,16384,original,original,0,0.2,0.85,0.4,0.6,0,1427,16.9,1,ok
44,third,gemma4:12b,4eb23ef187e2c5462566d6a1d3bbbc2f1346d0b4327cbb66d58fffbcc9b2b05c,20260801,16384,original,original,0,0.15,0.7,0.3,0.5,0,1427,16.9,1,ok
45,front,gemma4:12b,4eb23ef187e2c5462566d6a1d3bbbc2f1346d0b4327cbb66d58fffbcc9b2b05c,20260801,16384,original,original,0,,,,,0,1055,17.9,1,missing_keys
45,second,gemma4:12b,4eb23ef187e2c5462566d6a1d3bbbc2f1346d0b4327cbb66d58fffbcc9b2b05c,20260801,16384,original,original,0,,,,,0,1055,17.9,1,missing_keys
45,third,gemma4:12b,4eb23ef187e2c5462566d6a1d3bbbc2f1346d0b4327cbb66d58fffbcc9b2b05c,20260801,16384,original,original,0,,,,,0,1055,17.9,1,missing_keys
46,front,gemma4:12b,4eb23ef187e2c5462566d6a1d3bbbc2f1346d0b4327cbb66d58fffbcc9b2b05c,20260801,16384,original,original,0,0.85,0.4,0.1,0.3,0,1059,15.85,1,ok
46,second,gemma4:12b,4eb23ef187e2c5462566d6a1d3bbbc2f1346d0b4327cbb66d58fffbcc9b2b05c,20260801,16384,original,original,0,0.7,0.85,0.2,0.4,0,1059,15.85,1,ok
46,third,gemma4:12b,4eb23ef187e2c5462566d6a1d3bbbc2f1346d0b4327cbb66d58fffbcc9b2b05c,20260801,16384,original,original,0,0.6,0.3,0.1,0.2,0,1059,15.85,1,ok
47,front,gemma4:12b,4eb23ef187e2c5462566d6a1d3bbbc2f1346d0b4327cbb66d58fffbcc9b2b05c,20260801,16384,original,original,0,,,,,0,1168,17.89,1,missing_keys
47,second,gemma4:12b,4eb23ef187e2c5462566d6a1d3bbbc2f1346d0b4327cbb66d58fffbcc9b2b05c,20260801,16384,original,original,0,,,,,0,1168,17.89,1,missing_keys
47,third,gemma4:12b,4eb23ef187e2c5462566d6a1d3bbbc2f1346d0b4327cbb66d58fffbcc9b2b05c,20260801,16384,original,original,0,,,,,0,1168,17.89,1,missing_keys
48,front,gemma4:12b,4eb23ef187e2c5462566d6a1d3bbbc2f1346d0b4327cbb66d58fffbcc9b2b05c,20260801,16384,original,original,0,0.85,0.4,0.1,0.2,0,1151,16.24,1,ok
48,second,gemma4:12b,4eb23ef187e2c5462566d6a1d3bbbc2f1346d0b4327cbb66d58fffbcc9b2b05c,20260801,16384,original,original,0,0.7,0.85,0.3,0.6,0,1151,16.24,1,ok
48,third,gemma4:12b,4eb23ef187e2c5462566d6a1d3bbbc2f1346d0b4327cbb66d58fffbcc9b2b05c,20260801,16384,original,original,0,0.9,0.4,0.1,0.3,0,1151,16.24,1,ok
49,front,gemma4:12b,4eb23ef187e2c5462566d6a1d3bbbc2f1346d0b4327cbb66d58fffbcc9b2b05c,20260801,16384,original,original,0,,,,,0,1093,17.73,1,missing_keys
49,second,gemma4:12b,4eb23ef187e2c5462566d6a1d3bbbc2f1346d0b4327cbb66d58fffbcc9b2b05c,20260801,16384,original,original,0,,,,,0,1093,17.73,1,missing_keys
49,third,gemma4:12b,4eb23ef187e2c5462566d6a1d3bbbc2f1346d0b4327cbb66d58fffbcc9b2b05c,20260801,16384,original,original,0,,,,,0,1093,17.73,1,missing_keys
50,front,gemma4:12b,4eb23ef187e2c5462566d6a1d3bbbc2f1346d0b4327cbb66d58fffbcc9b2b05c,20260801,16384,original,original,0,0.65,0.4,0.3,0.45,0,1407,16.85,1,ok
50,second,gemma4:12b,4eb23ef187e2c5462566d6a1d3bbbc2f1346d0b4327cbb66d58fffbcc9b2b05c,20260801,16384,original,original,0,0.4,0.2,0.15,0.3,0,1407,16.85,1,ok
50,third,gemma4:12b,4eb23ef187e2c5462566d6a1d3bbbc2f1346d0b4327cbb66d58fffbcc9b2b05c,20260801,16384,original,original,0,0.3,0.1,0.1,0.25,0,1407,16.85,1,ok
51,front,gemma4:12b,4eb23ef187e2c5462566d6a1d3bbbc2f1346d0b4327cbb66d58fffbcc9b2b05c,20260801,16384,original,original,0,,,,,0,1117,17.73,1,missing_keys
51,second,gemma4:12b,4eb23ef187e2c5462566d6a1d3bbbc2f1346d0b4327cbb66d58fffbcc9b2b05c,20260801,16384,original,original,0,,,,,0,1117,17.73,1,missing_keys
51,third,gemma4:12b,4eb23ef187e2c5462566d6a1d3bbbc2f1346d0b4327cbb66d58fffbcc9b2b05c,20260801,16384,original,original,0,,,,,0,1117,17.73,1,missing_keys
52,front,gemma4:12b,4eb23ef187e2c5462566d6a1d3bbbc2f1346d0b4327cbb66d58fffbcc9b2b05c,20260801,16384,original,original,0,0.85,0.9,0.2,0.3,0,1459,17.47,1,ok
52,second,gemma4:12b,4eb23ef187e2c5462566d6a1d3bbbc2f1346d0b4327cbb66d58fffbcc9b2b05c,20260801,16384,original,original,0,0.4,0.5,0.1,0.2,0,1459,17.47,1,ok
52,third,gemma4:12b,4eb23ef187e2c5462566d6a1d3bbbc2f1346d0b4327cbb66d58fffbcc9b2b05c,20260801,16384,original,original,0,0.6,0.4,0.1,0.2,0,1459,17.47,1,ok
53,front,gemma4:12b,4eb23ef187e2c5462566d6a1d3bbbc2f1346d0b4327cbb66d58fffbcc9b2b05c,20260801,16384,original,original,0,0.85,0.7,0.3,0.4,0,1353,16.87,1,ok
53,second,gemma4:12b,4eb23ef187e2c5462566d6a1d3bbbc2f1346d0b4327cbb66d58fffbcc9b2b05c,20260801,16384,original,original,0,0.9,0.85,0.2,0.3,0,1353,16.87,1,ok
53,third,gemma4:12b,4eb23ef187e2c5462566d6a1d3bbbc2f1346d0b4327cbb66d58fffbcc9b2b05c,20260801,16384,original,original,0,0.95,0.9,0.1,0.2,0,1353,16.87,1,ok
54,front,gemma4:12b,4eb23ef187e2c5462566d6a1d3bbbc2f1346d0b4327cbb66d58fffbcc9b2b05c,20260801,16384,original,original,0,0.85,0.9,0.1,0.2,0,1512,17.34,1,ok
54,second,gemma4:12b,4eb23ef187e2c5462566d6a1d3bbbc2f1346d0b4327cbb66d58fffbcc9b2b05c,20260801,16384,original,original,0,0.6,0.7,0.3,0.5,0,1512,17.34,1,ok
54,third,gemma4:12b,4eb23ef187e2c5462566d6a1d3bbbc2f1346d0b4327cbb66d58fffbcc9b2b05c,20260801,16384,original,original,0,0.4,0.6,0.2,0.4,0,1512,17.34,1,ok
55,front,gemma4:12b,4eb23ef187e2c5462566d6a1d3bbbc2f1346d0b4327cbb66d58fffbcc9b2b05c,20260801,16384,original,original,0,0.85,0.9,0.3,0.4,0,1620,18.92,1,ok
55,second,gemma4:12b,4eb23ef187e2c5462566d6a1d3bbbc2f1346d0b4327cbb66d58fffbcc9b2b05c,20260801,16384,original,original,0,0.7,0.85,0.2,0.3,0,1620,18.92,1,ok
55,third,gemma4:12b,4eb23ef187e2c5462566d6a1d3bbbc2f1346d0b4327cbb66d58fffbcc9b2b05c,20260801,16384,original,original,0,0.6,0.75,0.1,0.2,0,1620,18.92,1,ok
56,front,gemma4:12b,4eb23ef187e2c5462566d6a1d3bbbc2f1346d0b4327cbb66d58fffbcc9b2b05c,20260801,16384,original,original,0,0.85,0.4,0.1,0.3,0,1471,16.92,1,ok
56,second,gemma4:12b,4eb23ef187e2c5462566d6a1d3bbbc2f1346d0b4327cbb66d58fffbcc9b2b05c,20260801,16384,original,original,0,0.6,0.85,0.2,0.4,0,1471,16.92,1,ok
56,third,gemma4:12b,4eb23ef187e2c5462566d6a1d3bbbc2f1346d0b4327cbb66d58fffbcc9b2b05c,20260801,16384,original,original,0,0.7,0.6,0.15,0.35,0,1471,16.92,1,ok
57,front,gemma4:12b,4eb23ef187e2c5462566d6a1d3bbbc2f1346d0b4327cbb66d58fffbcc9b2b05c,20260801,16384,original,original,0,0.85,0.4,0.3,0.2,0,1427,16.82,1,ok
57,second,gemma4:12b,4eb23ef187e2c5462566d6a1d3bbbc2f1346d0b4327cbb66d58fffbcc9b2b05c,20260801,16384,original,original,0,0.6,0.85,0.4,0.7,0,1427,16.82,1,ok
57,third,gemma4:12b,4eb23ef187e2c5462566d6a1d3bbbc2f1346d0b4327cbb66d58fffbcc9b2b05c,20260801,16384,original,original,0,0.5,0.6,0.2,0.4,0,1427,16.82,1,ok
58,front,gemma4:12b,4eb23ef187e2c5462566d6a1d3bbbc2f1346d0b4327cbb66d58fffbcc9b2b05c,20260801,16384,original,original,0,0.85,0.9,0.1,0.2,0,1690,18.58,1,ok
58,second,gemma4:12b,4eb23ef187e2c5462566d6a1d3bbbc2f1346d0b4327cbb66d58fffbcc9b2b05c,20260801,16384,original,original,0,0.4,0.3,0.5,0.6,0,1690,18.58,1,ok
58,third,gemma4:12b,4eb23ef187e2c5462566d6a1d3bbbc2f1346d0b4327cbb66d58fffbcc9b2b05c,20260801,16384,original,original,0,0.3,0.2,0.1,0.4,0,1690,18.58,1,ok
59,front,gemma4:12b,4eb23ef187e2c5462566d6a1d3bbbc2f1346d0b4327cbb66d58fffbcc9b2b05c,20260801,16384,original,original,0,0.85,0.9,0.1,0.2,0,1852,19.77,1,ok
59,second,gemma4:12b,4eb23ef187e2c5462566d6a1d3bbbc2f1346d0b4327cbb66d58fffbcc9b2b05c,20260801,16384,original,original,0,0.6,0.75,0.3,0.4,0,1852,19.77,1,ok
59,third,gemma4:12b,4eb23ef187e2c5462566d6a1d3bbbc2f1346d0b4327cbb66d58fffbcc9b2b05c,20260801,16384,original,original,0,0.4,0.3,0.1,0.2,0,1852,19.77,1,ok
60,front,gemma4:12b,4eb23ef187e2c5462566d6a1d3bbbc2f1346d0b4327cbb66d58fffbcc9b2b05c,20260801,16384,original,original,0,0.65,0.4,0.3,0.45,0,1562,18.24,1,ok
60,second,gemma4:12b,4eb23ef187e2c5462566d6a1d3bbbc2f1346d0b4327cbb66d58fffbcc9b2b05c,20260801,16384,original,original,0,0.45,0.85,0.6,0.75,0,1562,18.24,1,ok
60,third,gemma4:12b,4eb23ef187e2c5462566d6a1d3bbbc2f1346d0b4327cbb66d58fffbcc9b2b05c,20260801,16384,original,original,0,0.55,0.7,0.4,0.6,0,1562,18.24,1,ok
61,front,gemma4:12b,4eb23ef187e2c5462566d6a1d3bbbc2f1346d0b4327cbb66d58fffbcc9b2b05c,20260801,16384,original,original,0,0.85,0.4,0.1,0.2,0,1435,18.27,1,ok
61,second,gemma4:12b,4eb23ef187e2c5462566d6a1d3bbbc2f1346d0b4327cbb66d58fffbcc9b2b05c,20260801,16384,original,original,0,0.7,0.85,0.3,0.6,0,1435,18.27,1,ok
61,third,gemma4:12b,4eb23ef187e2c5462566d6a1d3bbbc2f1346d0b4327cbb66d58fffbcc9b2b05c,20260801,16384,original,original,0,0.9,0.7,0.1,0.4,0,1435,18.27,1,ok
62,front,gemma4:12b,4eb23ef187e2c5462566d6a1d3bbbc2f1346d0b4327cbb66d58fffbcc9b2b05c,20260801,16384,original,original,0,0.85,0.9,0.1,0.2,0,1542,18.63,1,ok
62,second,gemma4:12b,4eb23ef187e2c5462566d6a1d3bbbc2f1346d0b4327cbb66d58fffbcc9b2b05c,20260801,16384,original,original,0,0.6,0.4,0.1,0.3,0,1542,18.63,1,ok
62,third,gemma4:12b,4eb23ef187e2c5462566d6a1d3bbbc2f1346d0b4327cbb66d58fffbcc9b2b05c,20260801,16384,original,original,0,0.5,0.3,0.1,0.2,0,1542,18.63,1,ok
63,front,gemma4:12b,4eb23ef187e2c5462566d6a1d3bbbc2f1346d0b4327cbb66d58fffbcc9b2b05c,20260801,16384,original,original,0,0.85,0.4,0.3,0.2,0,1407,17.33,1,ok
63,second,gemma4:12b,4eb23ef187e2c5462566d6a1d3bbbc2f1346d0b4327cbb66d58fffbcc9b2b05c,20260801,16384,original,original,0,0.6,0.85,0.4,0.5,0,1407,17.33,1,ok
63,third,gemma4:12b,4eb23ef187e2c5462566d6a1d3bbbc2f1346d0b4327cbb66d58fffbcc9b2b05c,20260801,16384,original,original,0,0.9,0.7,0.1,0.3,0,1407,17.33,1,ok
64,front,gemma4:12b,4eb23ef187e2c5462566d6a1d3bbbc2f1346d0b4327cbb66d58fffbcc9b2b05c,20260801,16384,original,original,0,0.85,0.9,0.1,0.2,0,1721,18.9,1,ok
64,second,gemma4:12b,4eb23ef187e2c5462566d6a1d3bbbc2f1346d0b4327cbb66d58fffbcc9b2b05c,20260801,16384,original,original,0,0.7,0.85,0.3,0.4,0,1721,18.9,1,ok
64,third,gemma4:12b,4eb23ef187e2c5462566d6a1d3bbbc2f1346d0b4327cbb66d58fffbcc9b2b05c,20260801,16384,original,original,0,0.6,0.7,0.15,0.3,0,1721,18.9,1,ok
65,front,gemma4:12b,4eb23ef187e2c5462566d6a1d3bbbc2f1346d0b4327cbb66d58fffbcc9b2b05c,20260801,16384,original,original,0,0.85,0.9,0.2,0.3,0,1459,17.96,1,ok
65,second,gemma4:12b,4eb23ef187e2c5462566d6a1d3bbbc2f1346d0b4327cbb66d58fffbcc9b2b05c,20260801,16384,original,original,0,0.4,0.5,0.1,0.2,0,1459,17.96,1,ok
65,third,gemma4:12b,4eb23ef187e2c5462566d6a1d3bbbc2f1346d0b4327cbb66d58fffbcc9b2b05c,20260801,16384,original,original,0,0.3,0.4,0.1,0.2,0,1459,17.96,1,ok
66,front,gemma4:12b,4eb23ef187e2c5462566d6a1d3bbbc2f1346d0b4327cbb66d58fffbcc9b2b05c,20260801,16384,original,original,0,0.85,0.6,0.3,0.4,0,1353,17.32,1,ok
66,second,gemma4:12b,4eb23ef187e2c5462566d6a1d3bbbc2f1346d0b4327cbb66d58fffbcc9b2b05c,20260801,16384,original,original,0,0.7,0.85,0.2,0.3,0,1353,17.32,1,ok
66,third,gemma4:12b,4eb23ef187e2c5462566d6a1d3bbbc2f1346d0b4327cbb66d58fffbcc9b2b05c,20260801,16384,original,original,0,0.6,0.75,0.1,0.2,0,1353,17.32,1,ok
67,front,gemma4:12b,4eb23ef187e2c5462566d6a1d3bbbc2f1346d0b4327cbb66d58fffbcc9b2b05c,20260801,16384,original,original,0,0.85,0.9,0.2,0.4,0,1430,17.87,1,ok
67,second,gemma4:12b,4eb23ef187e2c5462566d6a1d3bbbc2f1346d0b4327cbb66d58fffbcc9b2b05c,20260801,16384,original,original,0,0.6,0.5,0.3,0.6,0,1430,17.87,1,ok
67,third,gemma4:12b,4eb23ef187e2c5462566d6a1d3bbbc2f1346d0b4327cbb66d58fffbcc9b2b05c,20260801,16384,original,original,0,0.4,0.2,0.1,0.3,0,1430,17.87,1,ok
68,front,gemma4:12b,4eb23ef187e2c5462566d6a1d3bbbc2f1346d0b4327cbb66d58fffbcc9b2b05c,20260801,16384,original,original,0,0.85,0.7,0.2,0.3,0,1335,17.12,1,ok
68,second,gemma4:12b,4eb23ef187e2c5462566d6a1d3bbbc2f1346d0b4327cbb66d58fffbcc9b2b05c,20260801,16384,original,original,0,0.6,0.85,0.4,0.7,0,1335,17.12,1,ok
68,third,gemma4:12b,4eb23ef187e2c5462566d6a1d3bbbc2f1346d0b4327cbb66d58fffbcc9b2b05c,20260801,16384,original,original,0,0.4,0.9,0.5,0.6,0,1335,17.12,1,ok
69,front,gemma4:12b,4eb23ef187e2c5462566d6a1d3bbbc2f1346d0b4327cbb66d58fffbcc9b2b05c,20260801,16384,original,original,0,0.85,0.4,0.1,0.2,0,1219,16.8,1,ok
69,second,gemma4:12b,4eb23ef187e2c5462566d6a1d3bbbc2f1346d0b4327cbb66d58fffbcc9b2b05c,20260801,16384,original,original,0,0.6,0.85,0.3,0.7,0,1219,16.8,1,ok
69,third,gemma4:12b,4eb23ef187e2c5462566d6a1d3bbbc2f1346d0b4327cbb66d58fffbcc9b2b05c,20260801,16384,original,original,0,0.5,0.6,0.2,0.5,0,1219,16.8,1,ok
70,front,gemma4:12b,4eb23ef187e2c5462566d6a1d3bbbc2f1346d0b4327cbb66d58fffbcc9b2b05c,20260801,16384,original,original,0,0.85,0.9,0.2,0.3,0,1586,17.94,1,ok
70,second,gemma4:12b,4eb23ef187e2c5462566d6a1d3bbbc2f1346d0b4327cbb66d58fffbcc9b2b05c,20260801,16384,original,original,0,0.6,0.85,0.4,0.7,0,1586,17.94,1,ok
70,third,gemma4:12b,4eb23ef187e2c5462566d6a1d3bbbc2f1346d0b4327cbb66d58fffbcc9b2b05c,20260801,16384,original,original,0,0.7,0.6,0.3,0.5,0,1586,17.94,1,ok
71,front,gemma4:12b,4eb23ef187e2c5462566d6a1d3bbbc2f1346d0b4327cbb66d58fffbcc9b2b05c,20260801,16384,original,original,0,0.85,0.4,0.2,0.3,0,1574,18.42,1,ok
71,second,gemma4:12b,4eb23ef187e2c5462566d6a1d3bbbc2f1346d0b4327cbb66d58fffbcc9b2b05c,20260801,16384,original,original,0,0.3,0.85,0.4,0.6,0,1574,18.42,1,ok
71,third,gemma4:12b,4eb23ef187e2c5462566d6a1d3bbbc2f1346d0b4327cbb66d58fffbcc9b2b05c,20260801,16384,original,original,0,0.2,0.3,0.15,0.4,0,1574,18.42,1,ok
72,front,gemma4:12b,4eb23ef187e2c5462566d6a1d3bbbc2f1346d0b4327cbb66d58fffbcc9b2b05c,20260801,16384,original,original,0,0.85,0.7,0.2,0.3,0,1242,17.22,1,ok
72,second,gemma4:12b,4eb23ef187e2c5462566d6a1d3bbbc2f1346d0b4327cbb66d58fffbcc9b2b05c,20260801,16384,original,original,0,0.6,0.4,0.1,0.2,0,1242,17.22,1,ok
72,third,gemma4:12b,4eb23ef187e2c5462566d6a1d3bbbc2f1346d0b4327cbb66d58fffbcc9b2b05c,20260801,16384,original,original,0,0.5,0.3,0.05,0.1,0,1242,17.22,1,ok
73,front,gemma4:12b,4eb23ef187e2c5462566d6a1d3bbbc2f1346d0b4327cbb66d58fffbcc9b2b05c,20260801,16384,original,original,0,,,,,0,1211,19.79,1,missing_keys
73,second,gemma4:12b,4eb23ef187e2c5462566d6a1d3bbbc2f1346d0b4327cbb66d58fffbcc9b2b05c,20260801,16384,original,original,0,,,,,0,1211,19.79,1,missing_keys
73,third,gemma4:12b,4eb23ef187e2c5462566d6a1d3bbbc2f1346d0b4327cbb66d58fffbcc9b2b05c,20260801,16384,original,original,0,,,,,0,1211,19.79,1,missing_keys
74,front,gemma4:12b,4eb23ef187e2c5462566d6a1d3bbbc2f1346d0b4327cbb66d58fffbcc9b2b05c,20260801,16384,original,original,0,0.85,0.9,0.3,0.4,0,1433,19.57,1,ok
74,second,gemma4:12b,4eb23ef187e2c5462566d6a1d3bbbc2f1346d0b4327cbb66d58fffbcc9b2b05c,20260801,16384,original,original,0,0.7,0.6,0.5,0.6,0,1433,19.57,1,ok
74,third,gemma4:12b,4eb23ef187e2c5462566d6a1d3bbbc2f1346d0b4327cbb66d58fffbcc9b2b05c,20260801,16384,original,original,0,0.8,0.4,0.1,0.2,0,1433,19.57,1,ok
75,front,gemma4:12b,4eb23ef187e2c5462566d6a1d3bbbc2f1346d0b4327cbb66d58fffbcc9b2b05c,20260801,16384,original,original,0,0.85,0.9,0.1,0.2,0,1542,18.5,1,ok
75,second,gemma4:12b,4eb23ef187e2c5462566d6a1d3bbbc2f1346d0b4327cbb66d58fffbcc9b2b05c,20260801,16384,original,original,0,0.6,0.4,0.1,0.3,0,1542,18.5,1,ok
75,third,gemma4:12b,4eb23ef187e2c5462566d6a1d3bbbc2f1346d0b4327cbb66d58fffbcc9b2b05c,20260801,16384,original,original,0,0.5,0.3,0.1,0.2,0,1542,18.5,1,ok
76,front,gemma4:12b,4eb23ef187e2c5462566d6a1d3bbbc2f1346d0b4327cbb66d58fffbcc9b2b05c,20260801,16384,original,original,0,0.85,0.4,0.3,0.2,0,1408,17.43,1,ok
76,second,gemma4:12b,4eb23ef187e2c5462566d6a1d3bbbc2f1346d0b4327cbb66d58fffbcc9b2b05c,20260801,16384,original,original,0,0.6,0.85,0.4,0.5,0,1408,17.43,1,ok
76,third,gemma4:12b,4eb23ef187e2c5462566d6a1d3bbbc2f1346d0b4327cbb66d58fffbcc9b2b05c,20260801,16384,original,original,0,0.7,0.9,0.2,0.4,0,1408,17.43,1,ok
77,front,gemma4:12b,4eb23ef187e2c5462566d6a1d3bbbc2f1346d0b4327cbb66d58fffbcc9b2b05c,20260801,16384,original,original,0,0.85,0.4,0.2,0.3,0,1387,17.2,1,ok
77,second,gemma4:12b,4eb23ef187e2c5462566d6a1d3bbbc2f1346d0b4327cbb66d58fffbcc9b2b05c,20260801,16384,original,original,0,0.7,0.85,0.1,0.4,0,1387,17.2,1,ok
77,third,gemma4:12b,4eb23ef187e2c5462566d6a1d3bbbc2f1346d0b4327cbb66d58fffbcc9b2b05c,20260801,16384,original,original,0,0.6,0.2,0.05,0.1,0,1387,17.2,1,ok
78,front,gemma4:12b,4eb23ef187e2c5462566d6a1d3bbbc2f1346d0b4327cbb66d58fffbcc9b2b05c,20260801,16384,original,original,0,0.85,0.4,0.3,0.4,0,1343,17.89,1,ok
78,second,gemma4:12b,4eb23ef187e2c5462566d6a1d3bbbc2f1346d0b4327cbb66d58fffbcc9b2b05c,20260801,16384,original,original,0,0.6,0.85,0.7,0.9,0,1343,17.89,1,ok
78,third,gemma4:12b,4eb23ef187e2c5462566d6a1d3bbbc2f1346d0b4327cbb66d58fffbcc9b2b05c,20260801,16384,original,original,0,0.7,0.6,0.5,0.6,0,1343,17.89,1,ok
79,front,gemma4:12b,4eb23ef187e2c5462566d6a1d3bbbc2f1346d0b4327cbb66d58fffbcc9b2b05c,20260801,16384,original,original,0,0.1,0.2,0.4,0.5,0,602,16.11,1,ok
79,second,gemma4:12b,4eb23ef187e2c5462566d6a1d3bbbc2f1346d0b4327cbb66d58fffbcc9b2b05c,20260801,16384,original,original,0,0.3,0.6,0.7,0.8,0,602,16.11,1,ok
79,third,gemma4:12b,4eb23ef187e2c5462566d6a1d3bbbc2f1346d0b4327cbb66d58fffbcc9b2b05c,20260801,16384,original,original,0,0.1,0.3,0.6,0.9,0,602,16.11,1,ok
80,front,gemma4:12b,4eb23ef187e2c5462566d6a1d3bbbc2f1346d0b4327cbb66d58fffbcc9b2b05c,20260801,16384,original,original,0,0.85,0.7,0.2,0.3,0,1217,17.59,1,ok
80,second,gemma4:12b,4eb23ef187e2c5462566d6a1d3bbbc2f1346d0b4327cbb66d58fffbcc9b2b05c,20260801,16384,original,original,0,0.4,0.85,0.1,0.2,0,1217,17.59,1,ok
80,third,gemma4:12b,4eb23ef187e2c5462566d6a1d3bbbc2f1346d0b4327cbb66d58fffbcc9b2b05c,20260801,16384,original,original,0,0.3,0.4,0.5,0.6,0,1217,17.59,1,ok
81,front,gemma4:12b,4eb23ef187e2c5462566d6a1d3bbbc2f1346d0b4327cbb66d58fffbcc9b2b05c,20260801,16384,original,original,0,0.95,0.4,0.0,0.0,0,1223,17.71,1,ok
81,second,gemma4:12b,4eb23ef187e2c5462566d6a1d3bbbc2f1346d0b4327cbb66d58fffbcc9b2b05c,20260801,16384,original,original,0,0.6,0.85,0.3,0.4,0,1223,17.71,1,ok
81,third,gemma4:12b,4eb23ef187e2c5462566d6a1d3bbbc2f1346d0b4327cbb66d58fffbcc9b2b05c,20260801,16384,original,original,0,0.5,0.7,0.2,0.3,0,1223,17.71,1,ok
82,front,gemma4:12b,4eb23ef187e2c5462566d6a1d3bbbc2f1346d0b4327cbb66d58fffbcc9b2b05c,20260801,16384,original,original,0,,,,,0,1168,18.68,1,missing_keys
82,second,gemma4:12b,4eb23ef187e2c5462566d6a1d3bbbc2f1346d0b4327cbb66d58fffbcc9b2b05c,20260801,16384,original,original,0,,,,,0,1168,18.68,1,missing_keys
82,third,gemma4:12b,4eb23ef187e2c5462566d6a1d3bbbc2f1346d0b4327cbb66d58fffbcc9b2b05c,20260801,16384,original,original,0,,,,,0,1168,18.68,1,missing_keys
83,front,gemma4:12b,4eb23ef187e2c5462566d6a1d3bbbc2f1346d0b4327cbb66d58fffbcc9b2b05c,20260801,16384,original,original,0,0.85,0.6,0.4,0.3,0,1238,16.78,1,ok
83,second,gemma4:12b,4eb23ef187e2c5462566d6a1d3bbbc2f1346d0b4327cbb66d58fffbcc9b2b05c,20260801,16384,original,original,0,0.7,0.85,0.6,0.7,0,1238,16.78,1,ok
83,third,gemma4:12b,4eb23ef187e2c5462566d6a1d3bbbc2f1346d0b4327cbb66d58fffbcc9b2b05c,20260801,16384,original,original,0,0.6,0.75,0.4,0.5,0,1238,16.78,1,ok
84,front,gemma4:12b,4eb23ef187e2c5462566d6a1d3bbbc2f1346d0b4327cbb66d58fffbcc9b2b05c,20260801,16384,original,original,0,,,,,0,1314,19.2,1,missing_keys
84,second,gemma4:12b,4eb23ef187e2c5462566d6a1d3bbbc2f1346d0b4327cbb66d58fffbcc9b2b05c,20260801,16384,original,original,0,,,,,0,1314,19.2,1,missing_keys
84,third,gemma4:12b,4eb23ef187e2c5462566d6a1d3bbbc2f1346d0b4327cbb66d58fffbcc9b2b05c,20260801,16384,original,original,0,,,,,0,1314,19.2,1,missing_keys
85,front,gemma4:12b,4eb23ef187e2c5462566d6a1d3bbbc2f1346d0b4327cbb66d58fffbcc9b2b05c,20260801,16384,original,original,0,0.85,0.4,0.1,0.2,0,1243,16.71,1,ok
85,second,gemma4:12b,4eb23ef187e2c5462566d6a1d3bbbc2f1346d0b4327cbb66d58fffbcc9b2b05c,20260801,16384,original,original,0,0.6,0.85,0.3,0.7,0,1243,16.71,1,ok
85,third,gemma4:12b,4eb23ef187e2c5462566d6a1d3bbbc2f1346d0b4327cbb66d58fffbcc9b2b05c,20260801,16384,original,original,0,0.7,0.4,0.1,0.3,0,1243,16.71,1,ok
86,front,gemma4:12b,4eb23ef187e2c5462566d6a1d3bbbc2f1346d0b4327cbb66d58fffbcc9b2b05c,20260801,16384,original,original,0,0.85,0.7,0.4,0.3,0,1778,19.26,1,ok
86,second,gemma4:12b,4eb23ef187e2c5462566d6a1d3bbbc2f1346d0b4327cbb66d58fffbcc9b2b05c,20260801,16384,original,original,0,0.6,0.5,0.6,0.7,0,1778,19.26,1,ok
86,third,gemma4:12b,4eb23ef187e2c5462566d6a1d3bbbc2f1346d0b4327cbb66d58fffbcc9b2b05c,20260801,16384,original,original,0,0.4,0.2,0.3,0.5,0,1778,19.26,1,ok
87,front,gemma4:12b,4eb23ef187e2c5462566d6a1d3bbbc2f1346d0b4327cbb66d58fffbcc9b2b05c,20260801,16384,original,original,0,,,,,0,1010,18.07,1,missing_keys
87,second,gemma4:12b,4eb23ef187e2c5462566d6a1d3bbbc2f1346d0b4327cbb66d58fffbcc9b2b05c,20260801,16384,original,original,0,,,,,0,1010,18.07,1,missing_keys
87,third,gemma4:12b,4eb23ef187e2c5462566d6a1d3bbbc2f1346d0b4327cbb66d58fffbcc9b2b05c,20260801,16384,original,original,0,,,,,0,1010,18.07,1,missing_keys
88,front,gemma4:12b,4eb23ef187e2c5462566d6a1d3bbbc2f1346d0b4327cbb66d58fffbcc9b2b05c,20260801,16384,original,original,0,,,,,0,1077,18.09,1,missing_keys
88,second,gemma4:12b,4eb23ef187e2c5462566d6a1d3bbbc2f1346d0b4327cbb66d58fffbcc9b2b05c,20260801,16384,original,original,0,,,,,0,1077,18.09,1,missing_keys
88,third,gemma4:12b,4eb23ef187e2c5462566d6a1d3bbbc2f1346d0b4327cbb66d58fffbcc9b2b05c,20260801,16384,original,original,0,,,,,0,1077,18.09,1,missing_keys
89,front,gemma4:12b,4eb23ef187e2c5462566d6a1d3bbbc2f1346d0b4327cbb66d58fffbcc9b2b05c,20260801,16384,original,original,0,0.85,0.4,0.1,0.2,0,1196,16.66,1,ok
89,second,gemma4:12b,4eb23ef187e2c5462566d6a1d3bbbc2f1346d0b4327cbb66d58fffbcc9b2b05c,20260801,16384,original,original,0,0.6,0.85,0.3,0.7,0,1196,16.66,1,ok
89,third,gemma4:12b,4eb23ef187e2c5462566d6a1d3bbbc2f1346d0b4327cbb66d58fffbcc9b2b05c,20260801,16384,original,original,0,0.4,0.6,0.5,0.5,0,1196,16.66,1,ok
90,front,gemma4:12b,4eb23ef187e2c5462566d6a1d3bbbc2f1346d0b4327cbb66d58fffbcc9b2b05c,20260801,16384,original,original,0,0.1,0.2,0.4,0.5,0,574,15.09,1,ok
90,second,gemma4:12b,4eb23ef187e2c5462566d6a1d3bbbc2f1346d0b4327cbb66d58fffbcc9b2b05c,20260801,16384,original,original,0,0.3,0.8,0.6,0.7,0,574,15.09,1,ok
90,third,gemma4:12b,4eb23ef187e2c5462566d6a1d3bbbc2f1346d0b4327cbb66d58fffbcc9b2b05c,20260801,16384,original,original,0,0.25,0.6,0.5,0.6,0,574,15.09,1,ok
91,front,gemma4:12b,4eb23ef187e2c5462566d6a1d3bbbc2f1346d0b4327cbb66d58fffbcc9b2b05c,20260801,16384,original,original,0,0.85,0.7,0.1,0.2,0,1131,16.12,1,ok
91,second,gemma4:12b,4eb23ef187e2c5462566d6a1d3bbbc2f1346d0b4327cbb66d58fffbcc9b2b05c,20260801,16384,original,original,0,0.3,0.4,0.5,0.6,0,1131,16.12,1,ok
91,third,gemma4:12b,4eb23ef187e2c5462566d6a1d3bbbc2f1346d0b4327cbb66d58fffbcc9b2b05c,20260801,16384,original,original,0,0.2,0.1,0.3,0.4,0,1131,16.12,1,ok
92,front,gemma4:12b,4eb23ef187e2c5462566d6a1d3bbbc2f1346d0b4327cbb66d58fffbcc9b2b05c,20260801,16384,original,original,0,0.85,0.6,0.1,0.3,0,1429,17.1,1,ok
92,second,gemma4:12b,4eb23ef187e2c5462566d6a1d3bbbc2f1346d0b4327cbb66d58fffbcc9b2b05c,20260801,16384,original,original,0,0.4,0.9,0.5,0.7,0,1429,17.1,1,ok
92,third,gemma4:12b,4eb23ef187e2c5462566d6a1d3bbbc2f1346d0b4327cbb66d58fffbcc9b2b05c,20260801,16384,original,original,0,0.6,0.4,0.2,0.5,0,1429,17.1,1,ok
93,front,gemma4:12b,4eb23ef187e2c5462566d6a1d3bbbc2f1346d0b4327cbb66d58fffbcc9b2b05c,20260801,16384,original,original,0,0.85,0.9,0.1,0.2,0,1475,17.66,1,ok
93,second,gemma4:12b,4eb23ef187e2c5462566d6a1d3bbbc2f1346d0b4327cbb66d58fffbcc9b2b05c,20260801,16384,original,original,0,0.4,0.3,0.5,0.6,0,1475,17.66,1,ok
93,third,gemma4:12b,4eb23ef187e2c5462566d6a1d3bbbc2f1346d0b4327cbb66d58fffbcc9b2b05c,20260801,16384,original,original,0,0.2,0.1,0.3,0.4,0,1475,17.66,1,ok
94,front,gemma4:12b,4eb23ef187e2c5462566d6a1d3bbbc2f1346d0b4327cbb66d58fffbcc9b2b05c,20260801,16384,original,original,0,0.85,0.7,0.1,0.2,0,1332,17.16,1,ok
94,second,gemma4:12b,4eb23ef187e2c5462566d6a1d3bbbc2f1346d0b4327cbb66d58fffbcc9b2b05c,20260801,16384,original,original,0,0.6,0.85,0.3,0.4,0,1332,17.16,1,ok
94,third,gemma4:12b,4eb23ef187e2c5462566d6a1d3bbbc2f1346d0b4327cbb66d58fffbcc9b2b05c,20260801,16384,original,original,0,0.4,0.9,0.5,0.6,0,1332,17.16,1,ok
95,front,gemma4:12b,4eb23ef187e2c5462566d6a1d3bbbc2f1346d0b4327cbb66d58fffbcc9b2b05c,20260801,16384,original,original,0,0.85,0.4,0.1,0.2,0,1216,16.56,1,ok
95,second,gemma4:12b,4eb23ef187e2c5462566d6a1d3bbbc2f1346d0b4327cbb66d58fffbcc9b2b05c,20260801,16384,original,original,0,0.6,0.85,0.3,0.7,0,1216,16.56,1,ok
95,third,gemma4:12b,4eb23ef187e2c5462566d6a1d3bbbc2f1346d0b4327cbb66d58fffbcc9b2b05c,20260801,16384,original,original,0,0.5,0.6,0.2,0.45,0,1216,16.56,1,ok
96,front,gemma4:12b,4eb23ef187e2c5462566d6a1d3bbbc2f1346d0b4327cbb66d58fffbcc9b2b05c,20260801,16384,original,original,0,0.85,0.9,0.2,0.3,0,1583,18.06,1,ok
96,second,gemma4:12b,4eb23ef187e2c5462566d6a1d3bbbc2f1346d0b4327cbb66d58fffbcc9b2b05c,20260801,16384,original,original,0,0.6,0.75,0.4,0.6,0,1583,18.06,1,ok
96,third,gemma4:12b,4eb23ef187e2c5462566d6a1d3bbbc2f1346d0b4327cbb66d58fffbcc9b2b05c,20260801,16384,original,original,0,0.7,0.6,0.3,0.5,0,1583,18.06,1,ok
97,front,gemma4:12b,4eb23ef187e2c5462566d6a1d3bbbc2f1346d0b4327cbb66d58fffbcc9b2b05c,20260801,16384,original,original,0,0.85,0.4,0.2,0.3,0,1571,17.42,1,ok
97,second,gemma4:12b,4eb23ef187e2c5462566d6a1d3bbbc2f1346d0b4327cbb66d58fffbcc9b2b05c,20260801,16384,original,original,0,0.3,0.85,0.6,0.7,0,1571,17.42,1,ok
97,third,gemma4:12b,4eb23ef187e2c5462566d6a1d3bbbc2f1346d0b4327cbb66d58fffbcc9b2b05c,20260801,16384,original,original,0,0.2,0.3,0.4,0.5,0,1571,17.42,1,ok
98,front,gemma4:12b,4eb23ef187e2c5462566d6a1d3bbbc2f1346d0b4327cbb66d58fffbcc9b2b05c,20260801,16384,original,original,0,0.85,0.4,0.2,0.3,0,1239,16.71,1,ok
98,second,gemma4:12b,4eb23ef187e2c5462566d6a1d3bbbc2f1346d0b4327cbb66d58fffbcc9b2b05c,20260801,16384,original,original,0,0.6,0.85,0.4,0.7,0,1239,16.71,1,ok
98,third,gemma4:12b,4eb23ef187e2c5462566d6a1d3bbbc2f1346d0b4327cbb66d58fffbcc9b2b05c,20260801,16384,original,original,0,0.7,0.3,0.1,0.4,0,1239,16.71,1,ok
99,front,gemma4:12b,4eb23ef187e2c5462566d6a1d3bbbc2f1346d0b4327cbb66d58fffbcc9b2b05c,20260801,16384,original,original,0,0.85,0.7,0.1,0.3,0,1964,18.7,1,ok
99,second,gemma4:12b,4eb23ef187e2c5462566d6a1d3bbbc2f1346d0b4327cbb66d58fffbcc9b2b05c,20260801,16384,original,original,0,0.6,0.9,0.2,0.4,0,1964,18.7,1,ok
99,third,gemma4:12b,4eb23ef187e2c5462566d6a1d3bbbc2f1346d0b4327cbb66d58fffbcc9b2b05c,20260801,16384,original,original,0,0.5,0.6,0.1,0.3,0,1964,18.7,1,ok
100,front,gemma4:12b,4eb23ef187e2c5462566d6a1d3bbbc2f1346d0b4327cbb66d58fffbcc9b2b05c,20260801,16384,original,original,0,0.85,0.9,0.3,0.4,0,1430,18.04,1,ok
100,second,gemma4:12b,4eb23ef187e2c5462566d6a1d3bbbc2f1346d0b4327cbb66d58fffbcc9b2b05c,20260801,16384,original,original,0,0.7,0.6,0.5,0.6,0,1430,18.04,1,ok
100,third,gemma4:12b,4eb23ef187e2c5462566d6a1d3bbbc2f1346d0b4327cbb66d58fffbcc9b2b05c,20260801,16384,original,original,0,0.8,0.4,0.1,0.2,0,1430,18.04,1,ok
101,front,gemma4:12b,4eb23ef187e2c5462566d6a1d3bbbc2f1346d0b4327cbb66d58fffbcc9b2b05c,20260801,16384,original,original,0,0.85,0.4,0.1,0.2,0,1393,17.17,1,ok
101,second,gemma4:12b,4eb23ef187e2c5462566d6a1d3bbbc2f1346d0b4327cbb66d58fffbcc9b2b05c,20260801,16384,original,original,0,0.6,0.85,0.3,0.4,0,1393,17.17,1,ok
101,third,gemma4:12b,4eb23ef187e2c5462566d6a1d3bbbc2f1346d0b4327cbb66d58fffbcc9b2b05c,20260801,16384,original,original,0,0.7,0.6,0.15,0.3,0,1393,17.17,1,ok
102,front,gemma4:12b,4eb23ef187e2c5462566d6a1d3bbbc2f1346d0b4327cbb66d58fffbcc9b2b05c,20260801,16384,original,original,0,,,,,0,1326,19.03,1,missing_keys
102,second,gemma4:12b,4eb23ef187e2c5462566d6a1d3bbbc2f1346d0b4327cbb66d58fffbcc9b2b05c,20260801,16384,original,original,0,,,,,0,1326,19.03,1,missing_keys
102,third,gemma4:12b,4eb23ef187e2c5462566d6a1d3bbbc2f1346d0b4327cbb66d58fffbcc9b2b05c,20260801,16384,original,original,0,,,,,0,1326,19.03,1,missing_keys
103,front,gemma4:12b,4eb23ef187e2c5462566d6a1d3bbbc2f1346d0b4327cbb66d58fffbcc9b2b05c,20260801,16384,original,original,0,0.85,0.4,0.3,0.2,0,1384,17.25,1,ok
103,second,gemma4:12b,4eb23ef187e2c5462566d6a1d3bbbc2f1346d0b4327cbb66d58fffbcc9b2b05c,20260801,16384,original,original,0,0.7,0.85,0.1,0.4,0,1384,17.25,1,ok
103,third,gemma4:12b,4eb23ef187e2c5462566d6a1d3bbbc2f1346d0b4327cbb66d58fffbcc9b2b05c,20260801,16384,original,original,0,0.6,0.3,0.05,0.1,0,1384,17.25,1,ok
104,front,gemma4:12b,4eb23ef187e2c5462566d6a1d3bbbc2f1346d0b4327cbb66d58fffbcc9b2b05c,20260801,16384,original,original,0,,,,,0,1082,18.76,1,missing_keys
104,second,gemma4:12b,4eb23ef187e2c5462566d6a1d3bbbc2f1346d0b4327cbb66d58fffbcc9b2b05c,20260801,16384,original,original,0,,,,,0,1082,18.76,1,missing_keys
104,third,gemma4:12b,4eb23ef187e2c5462566d6a1d3bbbc2f1346d0b4327cbb66d58fffbcc9b2b05c,20260801,16384,original,original,0,,,,,0,1082,18.76,1,missing_keys
105,front,gemma4:12b,4eb23ef187e2c5462566d6a1d3bbbc2f1346d0b4327cbb66d58fffbcc9b2b05c,20260801,16384,original,original,0,0.85,0.4,0.1,0.3,0,1357,17.46,1,ok
105,second,gemma4:12b,4eb23ef187e2c5462566d6a1d3bbbc2f1346d0b4327cbb66d58fffbcc9b2b05c,20260801,16384,original,original,0,0.6,0.85,0.4,0.7,0,1357,17.46,1,ok
105,third,gemma4:12b,4eb23ef187e2c5462566d6a1d3bbbc2f1346d0b4327cbb66d58fffbcc9b2b05c,20260801,16384,original,original,0,0.5,0.6,0.2,0.5,0,1357,17.46,1,ok
106,front,gemma4:12b,4eb23ef187e2c5462566d6a1d3bbbc2f1346d0b4327cbb66d58fffbcc9b2b05c,20260801,16384,original,original,0,0.85,0.4,0.1,0.3,0,1077,16.2,1,ok
106,second,gemma4:12b,4eb23ef187e2c5462566d6a1d3bbbc2f1346d0b4327cbb66d58fffbcc9b2b05c,20260801,16384,original,original,0,0.6,0.85,0.4,0.7,0,1077,16.2,1,ok
106,third,gemma4:12b,4eb23ef187e2c5462566d6a1d3bbbc2f1346d0b4327cbb66d58fffbcc9b2b05c,20260801,16384,original,original,0,0.5,0.7,0.3,0.6,0,1077,16.2,1,ok
107,front,gemma4:12b,4eb23ef187e2c5462566d6a1d3bbbc2f1346d0b4327cbb66d58fffbcc9b2b05c,20260801,16384,original,original,0,,,,,0,1230,17.96,1,missing_keys
107,second,gemma4:12b,4eb23ef187e2c5462566d6a1d3bbbc2f1346d0b4327cbb66d58fffbcc9b2b05c,20260801,16384,original,original,0,,,,,0,1230,17.96,1,missing_keys
107,third,gemma4:12b,4eb23ef187e2c5462566d6a1d3bbbc2f1346d0b4327cbb66d58fffbcc9b2b05c,20260801,16384,original,original,0,,,,,0,1230,17.96,1,missing_keys
108,front,gemma4:12b,4eb23ef187e2c5462566d6a1d3bbbc2f1346d0b4327cbb66d58fffbcc9b2b05c,20260801,16384,original,original,0,0.85,0.4,0.1,0.3,0,1343,16.45,1,ok
108,second,gemma4:12b,4eb23ef187e2c5462566d6a1d3bbbc2f1346d0b4327cbb66d58fffbcc9b2b05c,20260801,16384,original,original,0,0.6,0.85,0.4,0.7,0,1343,16.45,1,ok
108,third,gemma4:12b,4eb23ef187e2c5462566d6a1d3bbbc2f1346d0b4327cbb66d58fffbcc9b2b05c,20260801,16384,original,original,0,0.4,0.6,0.3,0.5,0,1343,16.45,1,ok
109,front,gemma4:12b,4eb23ef187e2c5462566d6a1d3bbbc2f1346d0b4327cbb66d58fffbcc9b2b05c,20260801,16384,original,original,0,,,,,0,1243,18.92,1,missing_keys
109,second,gemma4:12b,4eb23ef187e2c5462566d6a1d3bbbc2f1346d0b4327cbb66d58fffbcc9b2b05c,20260801,16384,original,original,0,,,,,0,1243,18.92,1,missing_keys
109,third,gemma4:12b,4eb23ef187e2c5462566d6a1d3bbbc2f1346d0b4327cbb66d58fffbcc9b2b05c,20260801,16384,original,original,0,,,,,0,1243,18.92,1,missing_keys
110,front,gemma4:12b,4eb23ef187e2c5462566d6a1d3bbbc2f1346d0b4327cbb66d58fffbcc9b2b05c,20260801,16384,original,original,0,0.85,0.4,0.1,0.2,0,1080,16.14,1,ok
110,second,gemma4:12b,4eb23ef187e2c5462566d6a1d3bbbc2f1346d0b4327cbb66d58fffbcc9b2b05c,20260801,16384,original,original,0,0.3,0.85,0.4,0.6,0,1080,16.14,1,ok
110,third,gemma4:12b,4eb23ef187e2c5462566d6a1d3bbbc2f1346d0b4327cbb66d58fffbcc9b2b05c,20260801,16384,original,original,0,0.2,0.7,0.5,0.8,0,1080,16.14,1,ok
111,front,gemma4:12b,4eb23ef187e2c5462566d6a1d3bbbc2f1346d0b4327cbb66d58fffbcc9b2b05c,20260801,16384,original,original,0,0.85,0.4,0.1,0.3,0,1001,16.59,1,ok
111,second,gemma4:12b,4eb23ef187e2c5462566d6a1d3bbbc2f1346d0b4327cbb66d58fffbcc9b2b05c,20260801,16384,original,original,0,0.6,0.9,0.2,0.5,0,1001,16.59,1,ok
111,third,gemma4:12b,4eb23ef187e2c5462566d6a1d3bbbc2f1346d0b4327cbb66d58fffbcc9b2b05c,20260801,16384,original,original,0,0.7,0.6,0.1,0.4,0,1001,16.59,1,ok
112,front,gemma4:12b,4eb23ef187e2c5462566d6a1d3bbbc2f1346d0b4327cbb66d58fffbcc9b2b05c,20260801,16384,original,original,0,0.45,0.3,0.1,0.2,0,1416,17.59,1,ok
112,second,gemma4:12b,4eb23ef187e2c5462566d6a1d3bbbc2f1346d0b4327cbb66d58fffbcc9b2b05c,20260801,16384,original,original,0,0.35,0.6,0.2,0.4,0,1416,17.59,1,ok
112,third,gemma4:12b,4eb23ef187e2c5462566d6a1d3bbbc2f1346d0b4327cbb66d58fffbcc9b2b05c,20260801,16384,original,original,0,0.3,0.5,0.15,0.3,0,1416,17.59,1,ok
113,front,gemma4:12b,4eb23ef187e2c5462566d6a1d3bbbc2f1346d0b4327cbb66d58fffbcc9b2b05c,20260801,16384,original,original,0,0.85,0.4,0.0,0.1,0,1364,17.34,1,ok
113,second,gemma4:12b,4eb23ef187e2c5462566d6a1d3bbbc2f1346d0b4327cbb66d58fffbcc9b2b05c,20260801,16384,original,original,0,0.7,0.85,0.2,0.6,0,1364,17.34,1,ok
113,third,gemma4:12b,4eb23ef187e2c5462566d6a1d3bbbc2f1346d0b4327cbb66d58fffbcc9b2b05c,20260801,16384,original,original,0,0.75,0.6,0.1,0.4,0,1364,17.34,1,ok
114,front,gemma4:12b,4eb23ef187e2c5462566d6a1d3bbbc2f1346d0b4327cbb66d58fffbcc9b2b05c,20260801,16384,original,original,0,,,,,0,1092,18.6,1,missing_keys
114,second,gemma4:12b,4eb23ef187e2c5462566d6a1d3bbbc2f1346d0b4327cbb66d58fffbcc9b2b05c,20260801,16384,original,original,0,,,,,0,1092,18.6,1,missing_keys
114,third,gemma4:12b,4eb23ef187e2c5462566d6a1d3bbbc2f1346d0b4327cbb66d58fffbcc9b2b05c,20260801,16384,original,original,0,,,,,0,1092,18.6,1,missing_keys
115,front,gemma4:12b,4eb23ef187e2c5462566d6a1d3bbbc2f1346d0b4327cbb66d58fffbcc9b2b05c,20260801,16384,original,original,0,0.85,0.4,0.1,0.2,0,1178,16.83,1,ok
115,second,gemma4:12b,4eb23ef187e2c5462566d6a1d3bbbc2f1346d0b4327cbb66d58fffbcc9b2b05c,20260801,16384,original,original,0,0.6,0.85,0.3,0.7,0,1178,16.83,1,ok
115,third,gemma4:12b,4eb23ef187e2c5462566d6a1d3bbbc2f1346d0b4327cbb66d58fffbcc9b2b05c,20260801,16384,original,original,0,0.4,0.9,0.5,0.8,0,1178,16.83,1,ok
116,front,gemma4:12b,4eb23ef187e2c5462566d6a1d3bbbc2f1346d0b4327cbb66d58fffbcc9b2b05c,20260801,16384,original,original,0,0.45,0.3,0.6,0.7,0,1652,18.64,1,ok
116,second,gemma4:12b,4eb23ef187e2c5462566d6a1d3bbbc2f1346d0b4327cbb66d58fffbcc9b2b05c,20260801,16384,original,original,0,0.35,0.4,0.2,0.6,0,1652,18.64,1,ok
116,third,gemma4:12b,4eb23ef187e2c5462566d6a1d3bbbc2f1346d0b4327cbb66d58fffbcc9b2b05c,20260801,16384,original,original,0,0.2,0.15,0.1,0.4,0,1652,18.64,1,ok
117,front,gemma4:12b,4eb23ef187e2c5462566d6a1d3bbbc2f1346d0b4327cbb66d58fffbcc9b2b05c,20260801,16384,original,original,0,0.95,0.85,0.1,0.2,0,1347,17.3,1,ok
117,second,gemma4:12b,4eb23ef187e2c5462566d6a1d3bbbc2f1346d0b4327cbb66d58fffbcc9b2b05c,20260801,16384,original,original,0,0.6,0.4,0.3,0.5,0,1347,17.3,1,ok
117,third,gemma4:12b,4eb23ef187e2c5462566d6a1d3bbbc2f1346d0b4327cbb66d58fffbcc9b2b05c,20260801,16384,original,original,0,0.8,0.2,0.1,0.3,0,1347,17.3,1,ok
118,front,gemma4:12b,4eb23ef187e2c5462566d6a1d3bbbc2f1346d0b4327cbb66d58fffbcc9b2b05c,20260801,16384,original,original,0,0.85,0.6,0.1,0.2,0,1440,18.48,1,ok
118,second,gemma4:12b,4eb23ef187e2c5462566d6a1d3bbbc2f1346d0b4327cbb66d58fffbcc9b2b05c,20260801,16384,original,original,0,0.4,0.9,0.3,0.7,0,1440,18.48,1,ok
118,third,gemma4:12b,4eb23ef187e2c5462566d6a1d3bbbc2f1346d0b4327cbb66d58fffbcc9b2b05c,20260801,16384,original,original,0,0.5,0.8,0.2,0.6,0,1440,18.48,1,ok
119,front,gemma4:12b,4eb23ef187e2c5462566d6a1d3bbbc2f1346d0b4327cbb66d58fffbcc9b2b05c,20260801,16384,original,original,0,0.85,0.9,0.2,0.3,0,1428,17.73,1,ok
119,second,gemma4:12b,4eb23ef187e2c5462566d6a1d3bbbc2f1346d0b4327cbb66d58fffbcc9b2b05c,20260801,16384,original,original,0,0.6,0.4,0.1,0.2,0,1428,17.73,1,ok
119,third,gemma4:12b,4eb23ef187e2c5462566d6a1d3bbbc2f1346d0b4327cbb66d58fffbcc9b2b05c,20260801,16384,original,original,0,0.5,0.2,0.05,0.1,0,1428,17.73,1,ok
120,front,gemma4:12b,4eb23ef187e2c5462566d6a1d3bbbc2f1346d0b4327cbb66d58fffbcc9b2b05c,20260801,16384,original,original,0,0.85,0.7,0.1,0.2,0,1333,17.05,1,ok
120,second,gemma4:12b,4eb23ef187e2c5462566d6a1d3bbbc2f1346d0b4327cbb66d58fffbcc9b2b05c,20260801,16384,original,original,0,0.6,0.85,0.3,0.4,0,1333,17.05,1,ok
120,third,gemma4:12b,4eb23ef187e2c5462566d6a1d3bbbc2f1346d0b4327cbb66d58fffbcc9b2b05c,20260801,16384,original,original,0,0.4,0.6,0.5,0.6,0,1333,17.05,1,ok
121,front,gemma4:12b,4eb23ef187e2c5462566d6a1d3bbbc2f1346d0b4327cbb66d58fffbcc9b2b05c,20260801,16384,original,original,0,0.85,0.4,0.1,0.3,0,1641,18.18,1,ok
121,second,gemma4:12b,4eb23ef187e2c5462566d6a1d3bbbc2f1346d0b4327cbb66d58fffbcc9b2b05c,20260801,16384,original,original,0,0.6,0.95,0.4,0.7,0,1641,18.18,1,ok
121,third,gemma4:12b,4eb23ef187e2c5462566d6a1d3bbbc2f1346d0b4327cbb66d58fffbcc9b2b05c,20260801,16384,original,original,0,0.7,0.3,0.1,0.2,0,1641,18.18,1,ok
122,front,gemma4:12b,4eb23ef187e2c5462566d6a1d3bbbc2f1346d0b4327cbb66d58fffbcc9b2b05c,20260801,16384,original,original,0,0.85,0.9,0.2,0.3,0,1585,17.83,1,ok
122,second,gemma4:12b,4eb23ef187e2c5462566d6a1d3bbbc2f1346d0b4327cbb66d58fffbcc9b2b05c,20260801,16384,original,original,0,0.6,0.75,0.4,0.6,0,1585,17.83,1,ok
122,third,gemma4:12b,4eb23ef187e2c5462566d6a1d3bbbc2f1346d0b4327cbb66d58fffbcc9b2b05c,20260801,16384,original,original,0,0.5,0.5,0.3,0.4,0,1585,17.83,1,ok
123,front,gemma4:12b,4eb23ef187e2c5462566d6a1d3bbbc2f1346d0b4327cbb66d58fffbcc9b2b05c,20260801,16384,original,original,0,0.85,0.7,0.2,0.3,0,1572,17.36,1,ok
123,second,gemma4:12b,4eb23ef187e2c5462566d6a1d3bbbc2f1346d0b4327cbb66d58fffbcc9b2b05c,20260801,16384,original,original,0,0.4,0.9,0.6,0.8,0,1572,17.36,1,ok
123,third,gemma4:12b,4eb23ef187e2c5462566d6a1d3bbbc2f1346d0b4327cbb66d58fffbcc9b2b05c,20260801,16384,original,original,0,0.3,0.4,0.1,0.5,0,1572,17.36,1,ok
124,front,gemma4:12b,4eb23ef187e2c5462566d6a1d3bbbc2f1346d0b4327cbb66d58fffbcc9b2b05c,20260801,16384,original,original,0,0.85,0.7,0.3,0.4,0,1240,16.85,1,ok
124,second,gemma4:12b,4eb23ef187e2c5462566d6a1d3bbbc2f1346d0b4327cbb66d58fffbcc9b2b05c,20260801,16384,original,original,0,0.6,0.5,0.2,0.3,0,1240,16.85,1,ok
124,third,gemma4:12b,4eb23ef187e2c5462566d6a1d3bbbc2f1346d0b4327cbb66d58fffbcc9b2b05c,20260801,16384,original,original,0,0.4,0.3,0.1,0.2,0,1240,16.85,1,ok
125,front,gemma4:12b,4eb23ef187e2c5462566d6a1d3bbbc2f1346d0b4327cbb66d58fffbcc9b2b05c,20260801,16384,original,original,0,0.85,0.9,0.1,0.2,0,1382,18.75,1,ok
125,second,gemma4:12b,4eb23ef187e2c5462566d6a1d3bbbc2f1346d0b4327cbb66d58fffbcc9b2b05c,20260801,16384,original,original,0,0.4,0.6,0.3,0.5,0,1382,18.75,1,ok
125,third,gemma4:12b,4eb23ef187e2c5462566d6a1d3bbbc2f1346d0b4327cbb66d58fffbcc9b2b05c,20260801,16384,original,original,0,0.3,0.4,0.1,0.2,0,1382,18.75,1,ok
126,front,gemma4:12b,4eb23ef187e2c5462566d6a1d3bbbc2f1346d0b4327cbb66d58fffbcc9b2b05c,20260801,16384,original,original,0,0.85,0.4,0.1,0.2,0,1633,19.68,1,ok
126,second,gemma4:12b,4eb23ef187e2c5462566d6a1d3bbbc2f1346d0b4327cbb66d58fffbcc9b2b05c,20260801,16384,original,original,0,0.7,0.85,0.3,0.6,0,1633,19.68,1,ok
126,third,gemma4:12b,4eb23ef187e2c5462566d6a1d3bbbc2f1346d0b4327cbb66d58fffbcc9b2b05c,20260801,16384,original,original,0,0.65,0.75,0.2,0.45,0,1633,19.68,1,ok
127,front,gemma4:12b,4eb23ef187e2c5462566d6a1d3bbbc2f1346d0b4327cbb66d58fffbcc9b2b05c,20260801,16384,original,original,0,,,,,0,1234,20.38,1,missing_keys
127,second,gemma4:12b,4eb23ef187e2c5462566d6a1d3bbbc2f1346d0b4327cbb66d58fffbcc9b2b05c,20260801,16384,original,original,0,,,,,0,1234,20.38,1,missing_keys
127,third,gemma4:12b,4eb23ef187e2c5462566d6a1d3bbbc2f1346d0b4327cbb66d58fffbcc9b2b05c,20260801,16384,original,original,0,,,,,0,1234,20.38,1,missing_keys
128,front,gemma4:12b,4eb23ef187e2c5462566d6a1d3bbbc2f1346d0b4327cbb66d58fffbcc9b2b05c,20260801,16384,original,original,0,,,,,0,1327,21.32,1,missing_keys
128,second,gemma4:12b,4eb23ef187e2c5462566d6a1d3bbbc2f1346d0b4327cbb66d58fffbcc9b2b05c,20260801,16384,original,original,0,,,,,0,1327,21.32,1,missing_keys
128,third,gemma4:12b,4eb23ef187e2c5462566d6a1d3bbbc2f1346d0b4327cbb66d58fffbcc9b2b05c,20260801,16384,original,original,0,,,,,0,1327,21.32,1,missing_keys
129,front,gemma4:12b,4eb23ef187e2c5462566d6a1d3bbbc2f1346d0b4327cbb66d58fffbcc9b2b05c,20260801,16384,original,original,0,0.85,0.4,0.2,0.3,0,1385,19.12,1,ok
129,second,gemma4:12b,4eb23ef187e2c5462566d6a1d3bbbc2f1346d0b4327cbb66d58fffbcc9b2b05c,20260801,16384,original,original,0,0.7,0.85,0.1,0.4,0,1385,19.12,1,ok
129,third,gemma4:12b,4eb23ef187e2c5462566d6a1d3bbbc2f1346d0b4327cbb66d58fffbcc9b2b05c,20260801,16384,original,original,0,0.6,0.3,0.05,0.2,0,1385,19.12,1,ok
130,front,gemma4:12b,4eb23ef187e2c5462566d6a1d3bbbc2f1346d0b4327cbb66d58fffbcc9b2b05c,20260801,16384,original,original,0,0.85,0.9,0.1,0.2,0,1460,19.2,1,ok
130,second,gemma4:12b,4eb23ef187e2c5462566d6a1d3bbbc2f1346d0b4327cbb66d58fffbcc9b2b05c,20260801,16384,original,original,0,0.4,0.3,0.15,0.3,0,1460,19.2,1,ok
130,third,gemma4:12b,4eb23ef187e2c5462566d6a1d3bbbc2f1346d0b4327cbb66d58fffbcc9b2b05c,20260801,16384,original,original,0,0.3,0.2,0.1,0.25,0,1460,19.2,1,ok
131,front,gemma4:12b,4eb23ef187e2c5462566d6a1d3bbbc2f1346d0b4327cbb66d58fffbcc9b2b05c,20260801,16384,original,original,0,0.85,0.9,0.4,0.3,0,1459,20.34,1,ok
131,second,gemma4:12b,4eb23ef187e2c5462566d6a1d3bbbc2f1346d0b4327cbb66d58fffbcc9b2b05c,20260801,16384,original,original,0,0.6,0.2,0.1,0.5,0,1459,20.34,1,ok
131,third,gemma4:12b,4eb23ef187e2c5462566d6a1d3bbbc2f1346d0b4327cbb66d58fffbcc9b2b05c,20260801,16384,original,original,0,0.5,0.1,0.05,0.2,0,1459,20.34,1,ok
132,front,gemma4:12b,4eb23ef187e2c5462566d6a1d3bbbc2f1346d0b4327cbb66d58fffbcc9b2b05c,20260801,16384,original,original,0,0.85,0.9,0.1,0.2,0,1431,19.7,1,ok
132,second,gemma4:12b,4eb23ef187e2c5462566d6a1d3bbbc2f1346d0b4327cbb66d58fffbcc9b2b05c,20260801,16384,original,original,0,0.6,0.4,0.3,0.5,0,1431,19.7,1,ok
132,third,gemma4:12b,4eb23ef187e2c5462566d6a1d3bbbc2f1346d0b4327cbb66d58fffbcc9b2b05c,20260801,16384,original,original,0,0.4,0.2,0.1,0.3,0,1431,19.7,1,ok
133,front,gemma4:12b,4eb23ef187e2c5462566d6a1d3bbbc2f1346d0b4327cbb66d58fffbcc9b2b05c,20260801,16384,original,original,0,0.85,0.4,0.2,0.3,0,1383,18.9,1,ok
133,second,gemma4:12b,4eb23ef187e2c5462566d6a1d3bbbc2f1346d0b4327cbb66d58fffbcc9b2b05c,20260801,16384,original,original,0,0.4,0.85,0.6,0.7,0,1383,18.9,1,ok
133,third,gemma4:12b,4eb23ef187e2c5462566d6a1d3bbbc2f1346d0b4327cbb66d58fffbcc9b2b05c,20260801,16384,original,original,0,0.3,0.4,0.2,0.3,0,1383,18.9,1,ok
134,front,gemma4:12b,4eb23ef187e2c5462566d6a1d3bbbc2f1346d0b4327cbb66d58fffbcc9b2b05c,20260801,16384,original,original,0,0.85,0.9,0.1,0.2,0,1521,19.55,1,ok
134,second,gemma4:12b,4eb23ef187e2c5462566d6a1d3bbbc2f1346d0b4327cbb66d58fffbcc9b2b05c,20260801,16384,original,original,0,0.4,0.85,0.3,0.6,0,1521,19.55,1,ok
134,third,gemma4:12b,4eb23ef187e2c5462566d6a1d3bbbc2f1346d0b4327cbb66d58fffbcc9b2b05c,20260801,16384,original,original,0,0.5,0.4,0.15,0.3,0,1521,19.55,1,ok
135,front,gemma4:12b,4eb23ef187e2c5462566d6a1d3bbbc2f1346d0b4327cbb66d58fffbcc9b2b05c,20260801,16384,original,original,0,0.85,0.9,0.2,0.3,0,1587,20.0,1,ok
135,second,gemma4:12b,4eb23ef187e2c5462566d6a1d3bbbc2f1346d0b4327cbb66d58fffbcc9b2b05c,20260801,16384,original,original,0,0.6,0.85,0.4,0.7,0,1587,20.0,1,ok
135,third,gemma4:12b,4eb23ef187e2c5462566d6a1d3bbbc2f1346d0b4327cbb66d58fffbcc9b2b05c,20260801,16384,original,original,0,0.7,0.6,0.3,0.5,0,1587,20.0,1,ok
136,front,gemma4:12b,4eb23ef187e2c5462566d6a1d3bbbc2f1346d0b4327cbb66d58fffbcc9b2b05c,20260801,16384,original,original,0,0.85,0.6,0.1,0.2,0,1575,19.86,1,ok
136,second,gemma4:12b,4eb23ef187e2c5462566d6a1d3bbbc2f1346d0b4327cbb66d58fffbcc9b2b05c,20260801,16384,original,original,0,0.4,0.85,0.3,0.6,0,1575,19.86,1,ok
136,third,gemma4:12b,4eb23ef187e2c5462566d6a1d3bbbc2f1346d0b4327cbb66d58fffbcc9b2b05c,20260801,16384,original,original,0,0.2,0.4,0.15,0.3,0,1575,19.86,1,ok
137,front,gemma4:12b,4eb23ef187e2c5462566d6a1d3bbbc2f1346d0b4327cbb66d58fffbcc9b2b05c,20260801,16384,original,original,0,0.95,0.85,0.1,0.2,0,1450,19.98,1,ok
137,second,gemma4:12b,4eb23ef187e2c5462566d6a1d3bbbc2f1346d0b4327cbb66d58fffbcc9b2b05c,20260801,16384,original,original,0,0.7,0.4,0.3,0.6,0,1450,19.98,1,ok
137,third,gemma4:12b,4eb23ef187e2c5462566d6a1d3bbbc2f1346d0b4327cbb66d58fffbcc9b2b05c,20260801,16384,original,original,0,0.6,0.1,0.1,0.3,0,1450,19.98,1,ok
138,front,gemma4:12b,4eb23ef187e2c5462566d6a1d3bbbc2f1346d0b4327cbb66d58fffbcc9b2b05c,20260801,16384,original,original,0,,,,,0,1212,20.51,1,missing_keys
138,second,gemma4:12b,4eb23ef187e2c5462566d6a1d3bbbc2f1346d0b4327cbb66d58fffbcc9b2b05c,20260801,16384,original,original,0,,,,,0,1212,20.51,1,missing_keys
138,third,gemma4:12b,4eb23ef187e2c5462566d6a1d3bbbc2f1346d0b4327cbb66d58fffbcc9b2b05c,20260801,16384,original,original,0,,,,,0,1212,20.51,1,missing_keys
139,front,gemma4:12b,4eb23ef187e2c5462566d6a1d3bbbc2f1346d0b4327cbb66d58fffbcc9b2b05c,20260801,16384,original,original,0,0.85,0.9,0.3,0.4,0,1434,19.64,1,ok
139,second,gemma4:12b,4eb23ef187e2c5462566d6a1d3bbbc2f1346d0b4327cbb66d58fffbcc9b2b05c,20260801,16384,original,original,0,0.7,0.6,0.5,0.6,0,1434,19.64,1,ok
139,third,gemma4:12b,4eb23ef187e2c5462566d6a1d3bbbc2f1346d0b4327cbb66d58fffbcc9b2b05c,20260801,16384,original,original,0,0.6,0.3,0.1,0.2,0,1434,19.64,1,ok
140,front,gemma4:12b,4eb23ef187e2c5462566d6a1d3bbbc2f1346d0b4327cbb66d58fffbcc9b2b05c,20260801,16384,original,original,0,0.85,0.7,0.1,0.2,0,1422,18.65,1,ok
140,second,gemma4:12b,4eb23ef187e2c5462566d6a1d3bbbc2f1346d0b4327cbb66d58fffbcc9b2b05c,20260801,16384,original,original,0,0.4,0.9,0.3,0.6,0,1422,18.65,1,ok
140,third,gemma4:12b,4eb23ef187e2c5462566d6a1d3bbbc2f1346d0b4327cbb66d58fffbcc9b2b05c,20260801,16384,original,original,0,0.5,0.4,0.2,0.4,0,1422,18.65,1,ok
141,front,gemma4:12b,4eb23ef187e2c5462566d6a1d3bbbc2f1346d0b4327cbb66d58fffbcc9b2b05c,20260801,16384,original,original,0,0.85,0.9,0.3,0.4,0,1519,21.67,1,ok
141,second,gemma4:12b,4eb23ef187e2c5462566d6a1d3bbbc2f1346d0b4327cbb66d58fffbcc9b2b05c,20260801,16384,original,original,0,0.6,0.75,0.2,0.3,0,1519,21.67,1,ok
141,third,gemma4:12b,4eb23ef187e2c5462566d6a1d3bbbc2f1346d0b4327cbb66d58fffbcc9b2b05c,20260801,16384,original,original,0,0.4,0.3,0.1,0.2,0,1519,21.67,1,ok
142,front,gemma4:12b,4eb23ef187e2c5462566d6a1d3bbbc2f1346d0b4327cbb66d58fffbcc9b2b05c,20260801,16384,original,original,0,0.85,0.4,0.3,0.2,0,1388,18.46,1,ok
142,second,gemma4:12b,4eb23ef187e2c5462566d6a1d3bbbc2f1346d0b4327cbb66d58fffbcc9b2b05c,20260801,16384,original,original,0,0.7,0.6,0.15,0.3,0,1388,18.46,1,ok
142,third,gemma4:12b,4eb23ef187e2c5462566d6a1d3bbbc2f1346d0b4327cbb66d58fffbcc9b2b05c,20260801,16384,original,original,0,0.6,0.2,0.05,0.1,0,1388,18.46,1,ok
143,front,gemma4:12b,4eb23ef187e2c5462566d6a1d3bbbc2f1346d0b4327cbb66d58fffbcc9b2b05c,20260801,16384,original,original,0,0.85,0.4,0.3,0.4,0,1344,19.16,1,ok
143,second,gemma4:12b,4eb23ef187e2c5462566d6a1d3bbbc2f1346d0b4327cbb66d58fffbcc9b2b05c,20260801,16384,original,original,0,0.6,0.85,0.7,0.9,0,1344,19.16,1,ok
143,third,gemma4:12b,4eb23ef187e2c5462566d6a1d3bbbc2f1346d0b4327cbb66d58fffbcc9b2b05c,20260801,16384,original,original,0,0.7,0.6,0.5,0.6,0,1344,19.16,1,ok
144,front,gemma4:12b,4eb23ef187e2c5462566d6a1d3bbbc2f1346d0b4327cbb66d58fffbcc9b2b05c,20260801,16384,original,original,0,,,,,0,1064,19.76,1,missing_keys
144,second,gemma4:12b,4eb23ef187e2c5462566d6a1d3bbbc2f1346d0b4327cbb66d58fffbcc9b2b05c,20260801,16384,original,original,0,,,,,0,1064,19.76,1,missing_keys
144,third,gemma4:12b,4eb23ef187e2c5462566d6a1d3bbbc2f1346d0b4327cbb66d58fffbcc9b2b05c,20260801,16384,original,original,0,,,,,0,1064,19.76,1,missing_keys
145,front,gemma4:12b,4eb23ef187e2c5462566d6a1d3bbbc2f1346d0b4327cbb66d58fffbcc9b2b05c,20260801,16384,original,original,0,0.85,0.7,0.2,0.3,0,1218,17.7,1,ok
145,second,gemma4:12b,4eb23ef187e2c5462566d6a1d3bbbc2f1346d0b4327cbb66d58fffbcc9b2b05c,20260801,16384,original,original,0,0.4,0.6,0.1,0.2,0,1218,17.7,1,ok
145,third,gemma4:12b,4eb23ef187e2c5462566d6a1d3bbbc2f1346d0b4327cbb66d58fffbcc9b2b05c,20260801,16384,original,original,0,0.3,0.4,0.5,0.6,0,1218,17.7,1,ok
146,front,gemma4:12b,4eb23ef187e2c5462566d6a1d3bbbc2f1346d0b4327cbb66d58fffbcc9b2b05c,20260801,16384,original,original,0,0.85,0.9,0.3,0.4,0,963,16.53,1,ok
146,second,gemma4:12b,4eb23ef187e2c5462566d6a1d3bbbc2f1346d0b4327cbb66d58fffbcc9b2b05c,20260801,16384,original,original,0,0.4,0.2,0.6,0.8,0,963,16.53,1,ok
146,third,gemma4:12b,4eb23ef187e2c5462566d6a1d3bbbc2f1346d0b4327cbb66d58fffbcc9b2b05c,20260801,16384,original,original,0,0.3,0.1,0.5,0.7,0,963,16.53,1,ok
147,front,gemma4:12b,4eb23ef187e2c5462566d6a1d3bbbc2f1346d0b4327cbb66d58fffbcc9b2b05c,20260801,16384,original,original,0,0.1,0.2,0.8,0.9,0,601,15.87,1,ok
147,second,gemma4:12b,4eb23ef187e2c5462566d6a1d3bbbc2f1346d0b4327cbb66d58fffbcc9b2b05c,20260801,16384,original,original,0,0.3,0.6,0.5,0.7,0,601,15.87,1,ok
147,third,gemma4:12b,4eb23ef187e2c5462566d6a1d3bbbc2f1346d0b4327cbb66d58fffbcc9b2b05c,20260801,16384,original,original,0,0.2,0.3,0.4,0.6,0,601,15.87,1,ok
148,front,gemma4:12b,4eb23ef187e2c5462566d6a1d3bbbc2f1346d0b4327cbb66d58fffbcc9b2b05c,20260801,16384,original,original,0,0.85,0.4,0.2,0.3,0,1436,19.42,1,ok
148,second,gemma4:12b,4eb23ef187e2c5462566d6a1d3bbbc2f1346d0b4327cbb66d58fffbcc9b2b05c,20260801,16384,original,original,0,0.6,0.85,0.4,0.7,0,1436,19.42,1,ok
148,third,gemma4:12b,4eb23ef187e2c5462566d6a1d3bbbc2f1346d0b4327cbb66d58fffbcc9b2b05c,20260801,16384,original,original,0,0.5,0.9,0.3,0.6,0,1436,19.42,1,ok
149,front,gemma4:12b,4eb23ef187e2c5462566d6a1d3bbbc2f1346d0b4327cbb66d58fffbcc9b2b05c,20260801,16384,original,original,0,0.1,0.2,0.8,0.9,0,548,17.17,1,ok
149,second,gemma4:12b,4eb23ef187e2c5462566d6a1d3bbbc2f1346d0b4327cbb66d58fffbcc9b2b05c,20260801,16384,original,original,0,0.05,0.1,0.4,0.6,0,548,17.17,1,ok
149,third,gemma4:12b,4eb23ef187e2c5462566d6a1d3bbbc2f1346d0b4327cbb66d58fffbcc9b2b05c,20260801,16384,original,original,0,0.05,0.1,0.2,0.4,0,548,17.17,1,ok
150,front,gemma4:12b,4eb23ef187e2c5462566d6a1d3bbbc2f1346d0b4327cbb66d58fffbcc9b2b05c,20260801,16384,original,original,0,0.95,0.85,0.2,0.4,0,1445,19.38,1,ok
150,second,gemma4:12b,4eb23ef187e2c5462566d6a1d3bbbc2f1346d0b4327cbb66d58fffbcc9b2b05c,20260801,16384,original,original,0,0.7,0.6,0.3,0.8,0,1445,19.38,1,ok
150,third,gemma4:12b,4eb23ef187e2c5462566d6a1d3bbbc2f1346d0b4327cbb66d58fffbcc9b2b05c,20260801,16384,original,original,0,0.6,0.4,0.1,0.5,0,1445,19.38,1,ok
151,front,gemma4:12b,4eb23ef187e2c5462566d6a1d3bbbc2f1346d0b4327cbb66d58fffbcc9b2b05c,20260801,16384,original,original,0,,,,,0,1037,18.81,1,missing_keys
151,second,gemma4:12b,4eb23ef187e2c5462566d6a1d3bbbc2f1346d0b4327cbb66d58fffbcc9b2b05c,20260801,16384,original,original,0,,,,,0,1037,18.81,1,missing_keys
151,third,gemma4:12b,4eb23ef187e2c5462566d6a1d3bbbc2f1346d0b4327cbb66d58fffbcc9b2b05c,20260801,16384,original,original,0,,,,,0,1037,18.81,1,missing_keys
152,front,gemma4:12b,4eb23ef187e2c5462566d6a1d3bbbc2f1346d0b4327cbb66d58fffbcc9b2b05c,20260801,16384,original,original,0,0.85,0.9,0.1,0.2,0,1313,17.92,1,ok
152,second,gemma4:12b,4eb23ef187e2c5462566d6a1d3bbbc2f1346d0b4327cbb66d58fffbcc9b2b05c,20260801,16384,original,original,0,0.6,0.4,0.3,0.5,0,1313,17.92,1,ok
152,third,gemma4:12b,4eb23ef187e2c5462566d6a1d3bbbc2f1346d0b4327cbb66d58fffbcc9b2b05c,20260801,16384,original,original,0,0.4,0.2,0.6,0.7,0,1313,17.92,1,ok
153,front,gemma4:12b,4eb23ef187e2c5462566d6a1d3bbbc2f1346d0b4327cbb66d58fffbcc9b2b05c,20260801,16384,original,original,0,0.85,0.6,0.1,0.2,0,1078,16.8,1,ok
153,second,gemma4:12b,4eb23ef187e2c5462566d6a1d3bbbc2f1346d0b4327cbb66d58fffbcc9b2b05c,20260801,16384,original,original,0,0.4,0.3,0.2,0.5,0,1078,16.8,1,ok
153,third,gemma4:12b,4eb23ef187e2c5462566d6a1d3bbbc2f1346d0b4327cbb66d58fffbcc9b2b05c,20260801,16384,original,original,0,0.3,0.1,0.1,0.4,0,1078,16.8,1,ok
154,front,gemma4:12b,4eb23ef187e2c5462566d6a1d3bbbc2f1346d0b4327cbb66d58fffbcc9b2b05c,20260801,16384,original,original,0,0.85,0.9,0.4,0.3,0,1514,18.3,1,ok
154,second,gemma4:12b,4eb23ef187e2c5462566d6a1d3bbbc2f1346d0b4327cbb66d58fffbcc9b2b05c,20260801,16384,original,original,0,0.6,0.75,0.2,0.4,0,1514,18.3,1,ok
154,third,gemma4:12b,4eb23ef187e2c5462566d6a1d3bbbc2f1346d0b4327cbb66d58fffbcc9b2b05c,20260801,16384,original,original,0,0.4,0.3,0.1,0.2,0,1514,18.3,1,ok
155,front,gemma4:12b,4eb23ef187e2c5462566d6a1d3bbbc2f1346d0b4327cbb66d58fffbcc9b2b05c,20260801,16384,original,original,0,,,,,0,1168,18.99,1,missing_keys
155,second,gemma4:12b,4eb23ef187e2c5462566d6a1d3bbbc2f1346d0b4327cbb66d58fffbcc9b2b05c,20260801,16384,original,original,0,,,,,0,1168,18.99,1,missing_keys
155,third,gemma4:12b,4eb23ef187e2c5462566d6a1d3bbbc2f1346d0b4327cbb66d58fffbcc9b2b05c,20260801,16384,original,original,0,,,,,0,1168,18.99,1,missing_keys
156,front,gemma4:12b,4eb23ef187e2c5462566d6a1d3bbbc2f1346d0b4327cbb66d58fffbcc9b2b05c,20260801,16384,original,original,0,0.95,0.85,0.1,0.2,0,1347,17.64,1,ok
156,second,gemma4:12b,4eb23ef187e2c5462566d6a1d3bbbc2f1346d0b4327cbb66d58fffbcc9b2b05c,20260801,16384,original,original,0,0.4,0.3,0.6,0.7,0,1347,17.64,1,ok
156,third,gemma4:12b,4eb23ef187e2c5462566d6a1d3bbbc2f1346d0b4327cbb66d58fffbcc9b2b05c,20260801,16384,original,original,0,0.25,0.15,0.4,0.85,0,1347,17.64,1,ok
157,front,gemma4:12b,4eb23ef187e2c5462566d6a1d3bbbc2f1346d0b4327cbb66d58fffbcc9b2b05c,20260801,16384,original,original,0,0.85,0.6,0.1,0.3,0,1430,17.48,1,ok
157,second,gemma4:12b,4eb23ef187e2c5462566d6a1d3bbbc2f1346d0b4327cbb66d58fffbcc9b2b05c,20260801,16384,original,original,0,0.4,0.9,0.5,0.7,0,1430,17.48,1,ok
157,third,gemma4:12b,4eb23ef187e2c5462566d6a1d3bbbc2f1346d0b4327cbb66d58fffbcc9b2b05c,20260801,16384,original,original,0,0.6,0.4,0.2,0.5,0,1430,17.48,1,ok
158,front,gemma4:12b,4eb23ef187e2c5462566d6a1d3bbbc2f1346d0b4327cbb66d58fffbcc9b2b05c,20260801,16384,original,original,0,0.95,0.85,0.1,0.2,0,1476,18.2,1,ok
158,second,gemma4:12b,4eb23ef187e2c5462566d6a1d3bbbc2f1346d0b4327cbb66d58fffbcc9b2b05c,20260801,16384,original,original,0,0.4,0.3,0.5,0.6,0,1476,18.2,1,ok
158,third,gemma4:12b,4eb23ef187e2c5462566d6a1d3bbbc2f1346d0b4327cbb66d58fffbcc9b2b05c,20260801,16384,original,original,0,0.2,0.1,0.3,0.4,0,1476,18.2,1,ok
159,front,gemma4:12b,4eb23ef187e2c5462566d6a1d3bbbc2f1346d0b4327cbb66d58fffbcc9b2b05c,20260801,16384,original,original,0,0.85,0.4,0.3,0.2,0,1380,17.48,1,ok
159,second,gemma4:12b,4eb23ef187e2c5462566d6a1d3bbbc2f1346d0b4327cbb66d58fffbcc9b2b05c,20260801,16384,original,original,0,0.3,0.85,0.6,0.7,0,1380,17.48,1,ok
159,third,gemma4:12b,4eb23ef187e2c5462566d6a1d3bbbc2f1346d0b4327cbb66d58fffbcc9b2b05c,20260801,16384,original,original,0,0.4,0.3,0.2,0.4,0,1380,17.48,1,ok
160,front,gemma4:12b,4eb23ef187e2c5462566d6a1d3bbbc2f1346d0b4327cbb66d58fffbcc9b2b05c,20260801,16384,original,original,0,0.85,0.9,0.1,0.2,0,1518,18.36,1,ok
160,second,gemma4:12b,4eb23ef187e2c5462566d6a1d3bbbc2f1346d0b4327cbb66d58fffbcc9b2b05c,20260801,16384,original,original,0,0.4,0.75,0.3,0.6,0,1518,18.36,1,ok
160,third,gemma4:12b,4eb23ef187e2c5462566d6a1d3bbbc2f1346d0b4327cbb66d58fffbcc9b2b05c,20260801,16384,original,original,0,0.5,0.4,0.15,0.3,0,1518,18.36,1,ok
161,front,gemma4:12b,4eb23ef187e2c5462566d6a1d3bbbc2f1346d0b4327cbb66d58fffbcc9b2b05c,20260801,16384,original,original,0,0.85,0.9,0.1,0.2,0,1602,20.61,1,ok
161,second,gemma4:12b,4eb23ef187e2c5462566d6a1d3bbbc2f1346d0b4327cbb66d58fffbcc9b2b05c,20260801,16384,original,original,0,0.4,0.3,0.5,0.6,0,1602,20.61,1,ok
161,third,gemma4:12b,4eb23ef187e2c5462566d6a1d3bbbc2f1346d0b4327cbb66d58fffbcc9b2b05c,20260801,16384,original,original,0,0.3,0.1,0.2,0.4,0,1602,20.61,1,ok
162,front,gemma4:12b,4eb23ef187e2c5462566d6a1d3bbbc2f1346d0b4327cbb66d58fffbcc9b2b05c,20260801,16384,original,original,0,0.85,0.4,0.1,0.2,0,1400,18.92,1,ok
162,second,gemma4:12b,4eb23ef187e2c5462566d6a1d3bbbc2f1346d0b4327cbb66d58fffbcc9b2b05c,20260801,16384,original,original,0,0.3,0.7,0.4,0.6,0,1400,18.92,1,ok
162,third,gemma4:12b,4eb23ef187e2c5462566d6a1d3bbbc2f1346d0b4327cbb66d58fffbcc9b2b05c,20260801,16384,original,original,0,0.25,0.3,0.2,0.4,0,1400,18.92,1,ok
163,front,gemma4:12b,4eb23ef187e2c5462566d6a1d3bbbc2f1346d0b4327cbb66d58fffbcc9b2b05c,20260801,16384,original,original,0,0.85,0.9,0.1,0.2,0,1447,18.21,1,ok
163,second,gemma4:12b,4eb23ef187e2c5462566d6a1d3bbbc2f1346d0b4327cbb66d58fffbcc9b2b05c,20260801,16384,original,original,0,0.6,0.4,0.3,0.7,0,1447,18.21,1,ok
163,third,gemma4:12b,4eb23ef187e2c5462566d6a1d3bbbc2f1346d0b4327cbb66d58fffbcc9b2b05c,20260801,16384,original,original,0,0.5,0.2,0.1,0.4,0,1447,18.21,1,ok
164,front,gemma4:12b,4eb23ef187e2c5462566d6a1d3bbbc2f1346d0b4327cbb66d58fffbcc9b2b05c,20260801,16384,original,original,0,0.85,0.7,0.1,0.2,0,1965,19.17,1,ok
164,second,gemma4:12b,4eb23ef187e2c5462566d6a1d3bbbc2f1346d0b4327cbb66d58fffbcc9b2b05c,20260801,16384,original,original,0,0.6,0.9,0.3,0.4,0,1965,19.17,1,ok
164,third,gemma4:12b,4eb23ef187e2c5462566d6a1d3bbbc2f1346d0b4327cbb66d58fffbcc9b2b05c,20260801,16384,original,original,0,0.5,0.6,0.1,0.3,0,1965,19.17,1,ok
165,front,gemma4:12b,4eb23ef187e2c5462566d6a1d3bbbc2f1346d0b4327cbb66d58fffbcc9b2b05c,20260801,16384,original,original,0,0.95,0.85,0.1,0.2,0,1666,18.83,1,ok
165,second,gemma4:12b,4eb23ef187e2c5462566d6a1d3bbbc2f1346d0b4327cbb66d58fffbcc9b2b05c,20260801,16384,original,original,0,0.4,0.3,0.5,0.6,0,1666,18.83,1,ok
165,third,gemma4:12b,4eb23ef187e2c5462566d6a1d3bbbc2f1346d0b4327cbb66d58fffbcc9b2b05c,20260801,16384,original,original,0,0.6,0.4,0.2,0.4,0,1666,18.83,1,ok
166,front,gemma4:12b,4eb23ef187e2c5462566d6a1d3bbbc2f1346d0b4327cbb66d58fffbcc9b2b05c,20260801,16384,original,original,0,0.85,0.6,0.1,0.2,0,1394,18.24,1,ok
166,second,gemma4:12b,4eb23ef187e2c5462566d6a1d3bbbc2f1346d0b4327cbb66d58fffbcc9b2b05c,20260801,16384,original,original,0,0.7,0.85,0.3,0.4,0,1394,18.24,1,ok
166,third,gemma4:12b,4eb23ef187e2c5462566d6a1d3bbbc2f1346d0b4327cbb66d58fffbcc9b2b05c,20260801,16384,original,original,0,0.6,0.75,0.1,0.3,0,1394,18.24,1,ok
167,front,gemma4:12b,4eb23ef187e2c5462566d6a1d3bbbc2f1346d0b4327cbb66d58fffbcc9b2b05c,20260801,16384,original,original,0,0.85,0.9,0.3,0.4,0,1516,18.29,1,ok
167,second,gemma4:12b,4eb23ef187e2c5462566d6a1d3bbbc2f1346d0b4327cbb66d58fffbcc9b2b05c,20260801,16384,original,original,0,0.6,0.75,0.2,0.3,0,1516,18.29,1,ok
167,third,gemma4:12b,4eb23ef187e2c5462566d6a1d3bbbc2f1346d0b4327cbb66d58fffbcc9b2b05c,20260801,16384,original,original,0,0.4,0.6,0.1,0.2,0,1516,18.29,1,ok
168,front,gemma4:12b,4eb23ef187e2c5462566d6a1d3bbbc2f1346d0b4327cbb66d58fffbcc9b2b05c,20260801,16384,original,original,0,0.85,0.4,0.1,0.2,0,1042,17.37,1,ok
168,second,gemma4:12b,4eb23ef187e2c5462566d6a1d3bbbc2f1346d0b4327cbb66d58fffbcc9b2b05c,20260801,16384,original,original,0,0.6,0.75,0.4,0.8,0,1042,17.37,1,ok
168,third,gemma4:12b,4eb23ef187e2c5462566d6a1d3bbbc2f1346d0b4327cbb66d58fffbcc9b2b05c,20260801,16384,original,original,0,0.5,0.6,0.3,0.7,0,1042,17.37,1,ok
169,front,gemma4:12b,4eb23ef187e2c5462566d6a1d3bbbc2f1346d0b4327cbb66d58fffbcc9b2b05c,20260801,16384,original,original,0,,,,,0,1122,19.16,1,missing_keys
169,second,gemma4:12b,4eb23ef187e2c5462566d6a1d3bbbc2f1346d0b4327cbb66d58fffbcc9b2b05c,20260801,16384,original,original,0,,,,,0,1122,19.16,1,missing_keys
169,third,gemma4:12b,4eb23ef187e2c5462566d6a1d3bbbc2f1346d0b4327cbb66d58fffbcc9b2b05c,20260801,16384,original,original,0,,,,,0,1122,19.16,1,missing_keys
170,front,gemma4:12b,4eb23ef187e2c5462566d6a1d3bbbc2f1346d0b4327cbb66d58fffbcc9b2b05c,20260801,16384,original,original,0,0.85,0.9,0.1,0.2,0,1162,17.54,1,ok
170,second,gemma4:12b,4eb23ef187e2c5462566d6a1d3bbbc2f1346d0b4327cbb66d58fffbcc9b2b05c,20260801,16384,original,original,0,0.4,0.3,0.5,0.7,0,1162,17.54,1,ok
170,third,gemma4:12b,4eb23ef187e2c5462566d6a1d3bbbc2f1346d0b4327cbb66d58fffbcc9b2b05c,20260801,16384,original,original,0,0.3,0.2,0.4,0.6,0,1162,17.54,1,ok
171,front,gemma4:12b,4eb23ef187e2c5462566d6a1d3bbbc2f1346d0b4327cbb66d58fffbcc9b2b05c,20260801,16384,original,original,0,0.85,0.4,0.1,0.3,0,1078,17.01,1,ok
171,second,gemma4:12b,4eb23ef187e2c5462566d6a1d3bbbc2f1346d0b4327cbb66d58fffbcc9b2b05c,20260801,16384,original,original,0,0.6,0.85,0.4,0.7,0,1078,17.01,1,ok
171,third,gemma4:12b,4eb23ef187e2c5462566d6a1d3bbbc2f1346d0b4327cbb66d58fffbcc9b2b05c,20260801,16384,original,original,0,0.4,0.9,0.6,0.85,0,1078,17.01,1,ok
172,front,gemma4:12b,4eb23ef187e2c5462566d6a1d3bbbc2f1346d0b4327cbb66d58fffbcc9b2b05c,20260801,16384,original,original,0,,,,,0,1177,18.95,1,missing_keys
172,second,gemma4:12b,4eb23ef187e2c5462566d6a1d3bbbc2f1346d0b4327cbb66d58fffbcc9b2b05c,20260801,16384,original,original,0,,,,,0,1177,18.95,1,missing_keys
172,third,gemma4:12b,4eb23ef187e2c5462566d6a1d3bbbc2f1346d0b4327cbb66d58fffbcc9b2b05c,20260801,16384,original,original,0,,,,,0,1177,18.95,1,missing_keys
173,front,gemma4:12b,4eb23ef187e2c5462566d6a1d3bbbc2f1346d0b4327cbb66d58fffbcc9b2b05c,20260801,16384,original,original,0,0.85,0.4,0.1,0.3,0,1207,16.99,1,ok
173,second,gemma4:12b,4eb23ef187e2c5462566d6a1d3bbbc2f1346d0b4327cbb66d58fffbcc9b2b05c,20260801,16384,original,original,0,0.6,0.85,0.4,0.7,0,1207,16.99,1,ok
173,third,gemma4:12b,4eb23ef187e2c5462566d6a1d3bbbc2f1346d0b4327cbb66d58fffbcc9b2b05c,20260801,16384,original,original,0,0.5,0.9,0.6,0.8,0,1207,16.99,1,ok
174,front,gemma4:12b,4eb23ef187e2c5462566d6a1d3bbbc2f1346d0b4327cbb66d58fffbcc9b2b05c,20260801,16384,original,original,0,0.85,0.4,0.1,0.3,0,1602,18.01,1,ok
174,second,gemma4:12b,4eb23ef187e2c5462566d6a1d3bbbc2f1346d0b4327cbb66d58fffbcc9b2b05c,20260801,16384,original,original,0,0.6,0.85,0.2,0.4,0,1602,18.01,1,ok
174,third,gemma4:12b,4eb23ef187e2c5462566d6a1d3bbbc2f1346d0b4327cbb66d58fffbcc9b2b05c,20260801,16384,original,original,0,0.7,0.6,0.15,0.35,0,1602,18.01,1,ok
175,front,gemma4:12b,4eb23ef187e2c5462566d6a1d3bbbc2f1346d0b4327cbb66d58fffbcc9b2b05c,20260801,16384,original,original,0,,,,,0,1207,18.64,1,missing_keys
175,second,gemma4:12b,4eb23ef187e2c5462566d6a1d3bbbc2f1346d0b4327cbb66d58fffbcc9b2b05c,20260801,16384,original,original,0,,,,,0,1207,18.64,1,missing_keys
175,third,gemma4:12b,4eb23ef187e2c5462566d6a1d3bbbc2f1346d0b4327cbb66d58fffbcc9b2b05c,20260801,16384,original,original,0,,,,,0,1207,18.64,1,missing_keys
176,front,gemma4:12b,4eb23ef187e2c5462566d6a1d3bbbc2f1346d0b4327cbb66d58fffbcc9b2b05c,20260801,16384,original,original,0,0.85,0.4,0.1,0.3,0,1115,16.15,1,ok
176,second,gemma4:12b,4eb23ef187e2c5462566d6a1d3bbbc2f1346d0b4327cbb66d58fffbcc9b2b05c,20260801,16384,original,original,0,0.6,0.85,0.2,0.4,0,1115,16.15,1,ok
176,third,gemma4:12b,4eb23ef187e2c5462566d6a1d3bbbc2f1346d0b4327cbb66d58fffbcc9b2b05c,20260801,16384,original,original,0,0.7,0.6,0.15,0.35,0,1115,16.15,1,ok
177,front,gemma4:12b,4eb23ef187e2c5462566d6a1d3bbbc2f1346d0b4327cbb66d58fffbcc9b2b05c,20260801,16384,original,original,0,0.45,0.3,0.1,0.2,0,1439,17.19,1,ok
177,second,gemma4:12b,4eb23ef187e2c5462566d6a1d3bbbc2f1346d0b4327cbb66d58fffbcc9b2b05c,20260801,16384,original,original,0,0.35,0.85,0.4,0.6,0,1439,17.19,1,ok
177,third,gemma4:12b,4eb23ef187e2c5462566d6a1d3bbbc2f1346d0b4327cbb66d58fffbcc9b2b05c,20260801,16384,original,original,0,0.3,0.5,0.2,0.4,0,1439,17.19,1,ok
178,front,gemma4:12b,4eb23ef187e2c5462566d6a1d3bbbc2f1346d0b4327cbb66d58fffbcc9b2b05c,20260801,16384,original,original,0,0.85,0.4,0.1,0.2,0,1043,16.04,1,ok
178,second,gemma4:12b,4eb23ef187e2c5462566d6a1d3bbbc2f1346d0b4327cbb66d58fffbcc9b2b05c,20260801,16384,original,original,0,0.7,0.6,0.3,0.4,0,1043,16.04,1,ok
178,third,gemma4:12b,4eb23ef187e2c5462566d6a1d3bbbc2f1346d0b4327cbb66d58fffbcc9b2b05c,20260801,16384,original,original,0,0.65,0.5,0.2,0.3,0,1043,16.04,1,ok
179,front,gemma4:12b,4eb23ef187e2c5462566d6a1d3bbbc2f1346d0b4327cbb66d58fffbcc9b2b05c,20260801,16384,original,original,0,,,,,0,1094,17.95,1,missing_keys
179,second,gemma4:12b,4eb23ef187e2c5462566d6a1d3bbbc2f1346d0b4327cbb66d58fffbcc9b2b05c,20260801,16384,original,original,0,,,,,0,1094,17.95,1,missing_keys
179,third,gemma4:12b,4eb23ef187e2c5462566d6a1d3bbbc2f1346d0b4327cbb66d58fffbcc9b2b05c,20260801,16384,original,original,0,,,,,0,1094,17.95,1,missing_keys
180,front,gemma4:12b,4eb23ef187e2c5462566d6a1d3bbbc2f1346d0b4327cbb66d58fffbcc9b2b05c,20260801,16384,original,original,0,0.85,0.9,0.3,0.4,0,1517,17.33,1,ok
180,second,gemma4:12b,4eb23ef187e2c5462566d6a1d3bbbc2f1346d0b4327cbb66d58fffbcc9b2b05c,20260801,16384,original,original,0,0.6,0.75,0.2,0.3,0,1517,17.33,1,ok
180,third,gemma4:12b,4eb23ef187e2c5462566d6a1d3bbbc2f1346d0b4327cbb66d58fffbcc9b2b05c,20260801,16384,original,original,0,0.4,0.3,0.1,0.2,0,1517,17.33,1,ok
181,front,gemma4:12b,4eb23ef187e2c5462566d6a1d3bbbc2f1346d0b4327cbb66d58fffbcc9b2b05c,20260801,16384,original,original,0,0.45,0.3,0.6,0.7,0,1653,17.64,1,ok
181,second,gemma4:12b,4eb23ef187e2c5462566d6a1d3bbbc2f1346d0b4327cbb66d58fffbcc9b2b05c,20260801,16384,original,original,0,0.35,0.4,0.2,0.6,0,1653,17.64,1,ok
181,third,gemma4:12b,4eb23ef187e2c5462566d6a1d3bbbc2f1346d0b4327cbb66d58fffbcc9b2b05c,20260801,16384,original,original,0,0.2,0.15,0.1,0.4,0,1653,17.64,1,ok
182,front,gemma4:12b,4eb23ef187e2c5462566d6a1d3bbbc2f1346d0b4327cbb66d58fffbcc9b2b05c,20260801,16384,original,original,0,0.95,0.85,0.1,0.2,0,1348,17.44,1,ok
182,second,gemma4:12b,4eb23ef187e2c5462566d6a1d3bbbc2f1346d0b4327cbb66d58fffbcc9b2b05c,20260801,16384,original,original,0,0.6,0.4,0.3,0.5,0,1348,17.44,1,ok
182,third,gemma4:12b,4eb23ef187e2c5462566d6a1d3bbbc2f1346d0b4327cbb66d58fffbcc9b2b05c,20260801,16384,original,original,0,0.7,0.2,0.1,0.3,0,1348,17.44,1,ok
183,front,gemma4:12b,4eb23ef187e2c5462566d6a1d3bbbc2f1346d0b4327cbb66d58fffbcc9b2b05c,20260801,16384,original,original,0,0.85,0.4,0.1,0.2,0,1441,17.67,1,ok
183,second,gemma4:12b,4eb23ef187e2c5462566d6a1d3bbbc2f1346d0b4327cbb66d58fffbcc9b2b05c,20260801,16384,original,original,0,0.6,0.85,0.3,0.7,0,1441,17.67,1,ok
183,third,gemma4:12b,4eb23ef187e2c5462566d6a1d3bbbc2f1346d0b4327cbb66d58fffbcc9b2b05c,20260801,16384,original,original,0,0.7,0.6,0.2,0.5,0,1441,17.67,1,ok
184,front,gemma4:12b,4eb23ef187e2c5462566d6a1d3bbbc2f1346d0b4327cbb66d58fffbcc9b2b05c,20260801,16384,original,original,0,0.85,0.4,0.1,0.2,0,1295,17.25,1,ok
184,second,gemma4:12b,4eb23ef187e2c5462566d6a1d3bbbc2f1346d0b4327cbb66d58fffbcc9b2b05c,20260801,16384,original,original,0,0.6,0.85,0.3,0.7,0,1295,17.25,1,ok
184,third,gemma4:12b,4eb23ef187e2c5462566d6a1d3bbbc2f1346d0b4327cbb66d58fffbcc9b2b05c,20260801,16384,original,original,0,0.4,0.3,0.1,0.4,0,1295,17.25,1,ok
185,front,gemma4:12b,4eb23ef187e2c5462566d6a1d3bbbc2f1346d0b4327cbb66d58fffbcc9b2b05c,20260801,16384,original,original,0,0.85,0.4,0.2,0.3,0,1381,16.9,1,ok
185,second,gemma4:12b,4eb23ef187e2c5462566d6a1d3bbbc2f1346d0b4327cbb66d58fffbcc9b2b05c,20260801,16384,original,original,0,0.4,0.85,0.6,0.7,0,1381,16.9,1,ok
185,third,gemma4:12b,4eb23ef187e2c5462566d6a1d3bbbc2f1346d0b4327cbb66d58fffbcc9b2b05c,20260801,16384,original,original,0,0.3,0.4,0.2,0.4,0,1381,16.9,1,ok
186,front,gemma4:12b,4eb23ef187e2c5462566d6a1d3bbbc2f1346d0b4327cbb66d58fffbcc9b2b05c,20260801,16384,original,original,0,0.85,0.9,0.1,0.2,0,1520,17.92,1,ok
186,second,gemma4:12b,4eb23ef187e2c5462566d6a1d3bbbc2f1346d0b4327cbb66d58fffbcc9b2b05c,20260801,16384,original,original,0,0.6,0.85,0.3,0.7,0,1520,17.92,1,ok
186,third,gemma4:12b,4eb23ef187e2c5462566d6a1d3bbbc2f1346d0b4327cbb66d58fffbcc9b2b05c,20260801,16384,original,original,0,0.4,0.6,0.15,0.4,0,1520,17.92,1,ok
187,front,gemma4:12b,4eb23ef187e2c5462566d6a1d3bbbc2f1346d0b4327cbb66d58fffbcc9b2b05c,20260801,16384,original,original,0,0.85,0.3,0.1,0.2,0,1459,16.79,1,ok
187,second,gemma4:12b,4eb23ef187e2c5462566d6a1d3bbbc2f1346d0b4327cbb66d58fffbcc9b2b05c,20260801,16384,original,original,0,0.4,0.85,0.3,0.6,0,1459,16.79,1,ok
187,third,gemma4:12b,4eb23ef187e2c5462566d6a1d3bbbc2f1346d0b4327cbb66d58fffbcc9b2b05c,20260801,16384,original,original,0,0.2,0.7,0.1,0.4,0,1459,16.79,1,ok
188,front,gemma4:12b,4eb23ef187e2c5462566d6a1d3bbbc2f1346d0b4327cbb66d58fffbcc9b2b05c,20260801,16384,original,original,0,,,,,0,1401,19.07,1,missing_keys
188,second,gemma4:12b,4eb23ef187e2c5462566d6a1d3bbbc2f1346d0b4327cbb66d58fffbcc9b2b05c,20260801,16384,original,original,0,,,,,0,1401,19.07,1,missing_keys
188,third,gemma4:12b,4eb23ef187e2c5462566d6a1d3bbbc2f1346d0b4327cbb66d58fffbcc9b2b05c,20260801,16384,original,original,0,,,,,0,1401,19.07,1,missing_keys
189,front,gemma4:12b,4eb23ef187e2c5462566d6a1d3bbbc2f1346d0b4327cbb66d58fffbcc9b2b05c,20260801,16384,original,original,0,0.95,0.85,0.1,0.2,0,1448,17.67,1,ok
189,second,gemma4:12b,4eb23ef187e2c5462566d6a1d3bbbc2f1346d0b4327cbb66d58fffbcc9b2b05c,20260801,16384,original,original,0,0.7,0.4,0.3,0.6,0,1448,17.67,1,ok
189,third,gemma4:12b,4eb23ef187e2c5462566d6a1d3bbbc2f1346d0b4327cbb66d58fffbcc9b2b05c,20260801,16384,original,original,0,0.6,0.1,0.1,0.3,0,1448,17.67,1,ok
190,front,gemma4:12b,4eb23ef187e2c5462566d6a1d3bbbc2f1346d0b4327cbb66d58fffbcc9b2b05c,20260801,16384,original,original,0,0.85,0.9,0.2,0.3,0,1285,16.73,1,ok
190,second,gemma4:12b,4eb23ef187e2c5462566d6a1d3bbbc2f1346d0b4327cbb66d58fffbcc9b2b05c,20260801,16384,original,original,0,0.6,0.4,0.1,0.5,0,1285,16.73,1,ok
190,third,gemma4:12b,4eb23ef187e2c5462566d6a1d3bbbc2f1346d0b4327cbb66d58fffbcc9b2b05c,20260801,16384,original,original,0,0.7,0.3,0.05,0.2,0,1285,16.73,1,ok
191,front,gemma4:12b,4eb23ef187e2c5462566d6a1d3bbbc2f1346d0b4327cbb66d58fffbcc9b2b05c,20260801,16384,original,original,0,0.85,0.4,0.1,0.3,0,1437,17.13,1,ok
191,second,gemma4:12b,4eb23ef187e2c5462566d6a1d3bbbc2f1346d0b4327cbb66d58fffbcc9b2b05c,20260801,16384,original,original,0,0.6,0.85,0.2,0.7,0,1437,17.13,1,ok
191,third,gemma4:12b,4eb23ef187e2c5462566d6a1d3bbbc2f1346d0b4327cbb66d58fffbcc9b2b05c,20260801,16384,original,original,0,0.7,0.3,0.1,0.4,0,1437,17.13,1,ok
192,front,gemma4:12b,4eb23ef187e2c5462566d6a1d3bbbc2f1346d0b4327cbb66d58fffbcc9b2b05c,20260801,16384,original,original,0,,,,,0,1235,18.52,1,missing_keys
192,second,gemma4:12b,4eb23ef187e2c5462566d6a1d3bbbc2f1346d0b4327cbb66d58fffbcc9b2b05c,20260801,16384,original,original,0,,,,,0,1235,18.52,1,missing_keys
192,third,gemma4:12b,4eb23ef187e2c5462566d6a1d3bbbc2f1346d0b4327cbb66d58fffbcc9b2b05c,20260801,16384,original,original,0,,,,,0,1235,18.52,1,missing_keys
193,front,gemma4:12b,4eb23ef187e2c5462566d6a1d3bbbc2f1346d0b4327cbb66d58fffbcc9b2b05c,20260801,16384,original,original,0,,,,,0,1517,19.42,1,missing_keys
193,second,gemma4:12b,4eb23ef187e2c5462566d6a1d3bbbc2f1346d0b4327cbb66d58fffbcc9b2b05c,20260801,16384,original,original,0,,,,,0,1517,19.42,1,missing_keys
193,third,gemma4:12b,4eb23ef187e2c5462566d6a1d3bbbc2f1346d0b4327cbb66d58fffbcc9b2b05c,20260801,16384,original,original,0,,,,,0,1517,19.42,1,missing_keys
194,front,gemma4:12b,4eb23ef187e2c5462566d6a1d3bbbc2f1346d0b4327cbb66d58fffbcc9b2b05c,20260801,16384,original,original,0,0.85,0.7,0.1,0.2,0,997,15.98,1,ok
194,second,gemma4:12b,4eb23ef187e2c5462566d6a1d3bbbc2f1346d0b4327cbb66d58fffbcc9b2b05c,20260801,16384,original,original,0,0.6,0.4,0.3,0.5,0,997,15.98,1,ok
194,third,gemma4:12b,4eb23ef187e2c5462566d6a1d3bbbc2f1346d0b4327cbb66d58fffbcc9b2b05c,20260801,16384,original,original,0,0.4,0.2,0.4,0.6,0,997,15.98,1,ok
195,front,gemma4:12b,4eb23ef187e2c5462566d6a1d3bbbc2f1346d0b4327cbb66d58fffbcc9b2b05c,20260801,16384,original,original,0,0.85,0.9,0.1,0.2,0,1460,17.69,1,ok
195,second,gemma4:12b,4eb23ef187e2c5462566d6a1d3bbbc2f1346d0b4327cbb66d58fffbcc9b2b05c,20260801,16384,original,original,0,0.4,0.3,0.15,0.3,0,1460,17.69,1,ok
195,third,gemma4:12b,4eb23ef187e2c5462566d6a1d3bbbc2f1346d0b4327cbb66d58fffbcc9b2b05c,20260801,16384,original,original,0,0.6,0.4,0.1,0.25,0,1460,17.69,1,ok
196,front,gemma4:12b,4eb23ef187e2c5462566d6a1d3bbbc2f1346d0b4327cbb66d58fffbcc9b2b05c,20260801,16384,original,original,0,0.85,0.6,0.3,0.4,0,1354,17.08,1,ok
196,second,gemma4:12b,4eb23ef187e2c5462566d6a1d3bbbc2f1346d0b4327cbb66d58fffbcc9b2b05c,20260801,16384,original,original,0,0.7,0.85,0.2,0.3,0,1354,17.08,1,ok
196,third,gemma4:12b,4eb23ef187e2c5462566d6a1d3bbbc2f1346d0b4327cbb66d58fffbcc9b2b05c,20260801,16384,original,original,0,0.6,0.75,0.1,0.2,0,1354,17.08,1,ok
197,front,gemma4:12b,4eb23ef187e2c5462566d6a1d3bbbc2f1346d0b4327cbb66d58fffbcc9b2b05c,20260801,16384,original,original,0,0.85,0.9,0.1,0.2,0,1431,17.52,1,ok
197,second,gemma4:12b,4eb23ef187e2c5462566d6a1d3bbbc2f1346d0b4327cbb66d58fffbcc9b2b05c,20260801,16384,original,original,0,0.6,0.4,0.3,0.5,0,1431,17.52,1,ok
197,third,gemma4:12b,4eb23ef187e2c5462566d6a1d3bbbc2f1346d0b4327cbb66d58fffbcc9b2b05c,20260801,16384,original,original,0,0.4,0.2,0.1,0.3,0,1431,17.52,1,ok
198,front,gemma4:12b,4eb23ef187e2c5462566d6a1d3bbbc2f1346d0b4327cbb66d58fffbcc9b2b05c,20260801,16384,original,original,0,0.85,0.9,0.2,0.3,0,1622,19.07,1,ok
198,second,gemma4:12b,4eb23ef187e2c5462566d6a1d3bbbc2f1346d0b4327cbb66d58fffbcc9b2b05c,20260801,16384,original,original,0,0.7,0.85,0.1,0.4,0,1622,19.07,1,ok
198,third,gemma4:12b,4eb23ef187e2c5462566d6a1d3bbbc2f1346d0b4327cbb66d58fffbcc9b2b05c,20260801,16384,original,original,0,0.6,0.75,0.05,0.2,0,1622,19.07,1,ok
199,front,gemma4:12b,4eb23ef187e2c5462566d6a1d3bbbc2f1346d0b4327cbb66d58fffbcc9b2b05c,20260801,16384,original,original,0,0.85,0.4,0.1,0.3,0,1473,17.07,1,ok
199,second,gemma4:12b,4eb23ef187e2c5462566d6a1d3bbbc2f1346d0b4327cbb66d58fffbcc9b2b05c,20260801,16384,original,original,0,0.6,0.85,0.2,0.4,0,1473,17.07,1,ok
199,third,gemma4:12b,4eb23ef187e2c5462566d6a1d3bbbc2f1346d0b4327cbb66d58fffbcc9b2b05c,20260801,16384,original,original,0,0.5,0.7,0.1,0.3,0,1473,17.07,1,ok
200,front,gemma4:12b,4eb23ef187e2c5462566d6a1d3bbbc2f1346d0b4327cbb66d58fffbcc9b2b05c,20260801,16384,original,original,0,0.85,0.9,0.2,0.3,0,1732,18.71,1,ok
200,second,gemma4:12b,4eb23ef187e2c5462566d6a1d3bbbc2f1346d0b4327cbb66d58fffbcc9b2b05c,20260801,16384,original,original,0,0.6,0.75,0.4,0.6,0,1732,18.71,1,ok
200,third,gemma4:12b,4eb23ef187e2c5462566d6a1d3bbbc2f1346d0b4327cbb66d58fffbcc9b2b05c,20260801,16384,original,original,0,0.5,0.5,0.2,0.4,0,1732,18.71,1,ok
201,front,gemma4:12b,4eb23ef187e2c5462566d6a1d3bbbc2f1346d0b4327cbb66d58fffbcc9b2b05c,20260801,16384,original,original,0,0.85,0.4,0.2,0.3,0,1403,17.02,1,ok
201,second,gemma4:12b,4eb23ef187e2c5462566d6a1d3bbbc2f1346d0b4327cbb66d58fffbcc9b2b05c,20260801,16384,original,original,0,0.6,0.85,0.4,0.7,0,1403,17.02,1,ok
201,third,gemma4:12b,4eb23ef187e2c5462566d6a1d3bbbc2f1346d0b4327cbb66d58fffbcc9b2b05c,20260801,16384,original,original,0,0.9,0.3,0.1,0.2,0,1403,17.02,1,ok
202,front,gemma4:12b,4eb23ef187e2c5462566d6a1d3bbbc2f1346d0b4327cbb66d58fffbcc9b2b05c,20260801,16384,original,original,0,0.85,0.9,0.1,0.2,0,1853,18.91,1,ok
202,second,gemma4:12b,4eb23ef187e2c5462566d6a1d3bbbc2f1346d0b4327cbb66d58fffbcc9b2b05c,20260801,16384,original,original,0,0.6,0.75,0.3,0.4,0,1853,18.91,1,ok
202,third,gemma4:12b,4eb23ef187e2c5462566d6a1d3bbbc2f1346d0b4327cbb66d58fffbcc9b2b05c,20260801,16384,original,original,0,0.5,0.6,0.1,0.3,0,1853,18.91,1,ok
203,front,gemma4:12b,4eb23ef187e2c5462566d6a1d3bbbc2f1346d0b4327cbb66d58fffbcc9b2b05c,20260801,16384,original,original,0,0.65,0.4,0.2,0.3,0,1902,17.71,1,ok
203,second,gemma4:12b,4eb23ef187e2c5462566d6a1d3bbbc2f1346d0b4327cbb66d58fffbcc9b2b05c,20260801,16384,original,original,0,0.45,0.85,0.1,0.2,0,1902,17.71,1,ok
203,third,gemma4:12b,4eb23ef187e2c5462566d6a1d3bbbc2f1346d0b4327cbb66d58fffbcc9b2b05c,20260801,16384,original,original,0,0.3,0.6,0.05,0.1,0,1902,17.71,1,ok
204,front,gemma4:12b,4eb23ef187e2c5462566d6a1d3bbbc2f1346d0b4327cbb66d58fffbcc9b2b05c,20260801,16384,original,original,0,0.85,0.9,0.2,0.3,0,1434,17.71,1,ok
204,second,gemma4:12b,4eb23ef187e2c5462566d6a1d3bbbc2f1346d0b4327cbb66d58fffbcc9b2b05c,20260801,16384,original,original,0,0.6,0.4,0.5,0.7,0,1434,17.71,1,ok
204,third,gemma4:12b,4eb23ef187e2c5462566d6a1d3bbbc2f1346d0b4327cbb66d58fffbcc9b2b05c,20260801,16384,original,original,0,0.5,0.2,0.1,0.4,0,1434,17.71,1,ok
205,front,gemma4:12b,4eb23ef187e2c5462566d6a1d3bbbc2f1346d0b4327cbb66d58fffbcc9b2b05c,20260801,16384,original,original,0,0.85,0.9,0.1,0.2,0,1543,17.52,1,ok
205,second,gemma4:12b,4eb23ef187e2c5462566d6a1d3bbbc2f1346d0b4327cbb66d58fffbcc9b2b05c,20260801,16384,original,original,0,0.6,0.4,0.1,0.3,0,1543,17.52,1,ok
205,third,gemma4:12b,4eb23ef187e2c5462566d6a1d3bbbc2f1346d0b4327cbb66d58fffbcc9b2b05c,20260801,16384,original,original,0,0.5,0.3,0.1,0.2,0,1543,17.52,1,ok
206,front,gemma4:12b,4eb23ef187e2c5462566d6a1d3bbbc2f1346d0b4327cbb66d58fffbcc9b2b05c,20260801,16384,original,original,0,0.65,0.4,0.3,0.45,0,1409,17.07,1,ok
206,second,gemma4:12b,4eb23ef187e2c5462566d6a1d3bbbc2f1346d0b4327cbb66d58fffbcc9b2b05c,20260801,16384,original,original,0,0.4,0.85,0.2,0.6,0,1409,17.07,1,ok
206,third,gemma4:12b,4eb23ef187e2c5462566d6a1d3bbbc2f1346d0b4327cbb66d58fffbcc9b2b05c,20260801,16384,original,original,0,0.3,0.9,0.1,0.5,0,1409,17.07,1,ok
207,front,gemma4:12b,4eb23ef187e2c5462566d6a1d3bbbc2f1346d0b4327cbb66d58fffbcc9b2b05c,20260801,16384,original,original,0,0.85,0.4,0.2,0.3,0,1388,17.1,1,ok
207,second,gemma4:12b,4eb23ef187e2c5462566d6a1d3bbbc2f1346d0b4327cbb66d58fffbcc9b2b05c,20260801,16384,original,original,0,0.7,0.85,0.1,0.4,0,1388,17.1,1,ok
207,third,gemma4:12b,4eb23ef187e2c5462566d6a1d3bbbc2f1346d0b4327cbb66d58fffbcc9b2b05c,20260801,16384,original,original,0,0.6,0.2,0.05,0.1,0,1388,17.1,1,ok
208,front,gemma4:12b,4eb23ef187e2c5462566d6a1d3bbbc2f1346d0b4327cbb66d58fffbcc9b2b05c,20260801,16384,original,original,0,0.85,0.4,0.3,0.4,0,1344,17.57,1,ok
208,second,gemma4:12b,4eb23ef187e2c5462566d6a1d3bbbc2f1346d0b4327cbb66d58fffbcc9b2b05c,20260801,16384,original,original,0,0.6,0.85,0.7,0.9,0,1344,17.57,1,ok
208,third,gemma4:12b,4eb23ef187e2c5462566d6a1d3bbbc2f1346d0b4327cbb66d58fffbcc9b2b05c,20260801,16384,original,original,0,0.7,0.6,0.5,0.6,0,1344,17.57,1,ok
209,front,gemma4:12b,4eb23ef187e2c5462566d6a1d3bbbc2f1346d0b4327cbb66d58fffbcc9b2b05c,20260801,16384,original,original,0,0.1,0.2,0.5,0.6,0,603,14.89,1,ok
209,second,gemma4:12b,4eb23ef187e2c5462566d6a1d3bbbc2f1346d0b4327cbb66d58fffbcc9b2b05c,20260801,16384,original,original,0,0.3,0.4,0.7,0.8,0,603,14.89,1,ok
209,third,gemma4:12b,4eb23ef187e2c5462566d6a1d3bbbc2f1346d0b4327cbb66d58fffbcc9b2b05c,20260801,16384,original,original,0,0.1,0.3,0.4,0.9,0,603,14.89,1,ok
210,front,gemma4:12b,4eb23ef187e2c5462566d6a1d3bbbc2f1346d0b4327cbb66d58fffbcc9b2b05c,20260801,16384,original,original,0,0.85,0.7,0.2,0.3,0,1218,16.31,1,ok
210,second,gemma4:12b,4eb23ef187e2c5462566d6a1d3bbbc2f1346d0b4327cbb66d58fffbcc9b2b05c,20260801,16384,original,original,0,0.4,0.85,0.1,0.2,0,1218,16.31,1,ok
210,third,gemma4:12b,4eb23ef187e2c5462566d6a1d3bbbc2f1346d0b4327cbb66d58fffbcc9b2b05c,20260801,16384,original,original,0,0.3,0.4,0.5,0.6,0,1218,16.31,1,ok
211,front,gemma4:12b,4eb23ef187e2c5462566d6a1d3bbbc2f1346d0b4327cbb66d58fffbcc9b2b05c,20260801,16384,original,original,0,0.85,0.7,0.1,0.2,0,1321,16.89,1,ok
211,second,gemma4:12b,4eb23ef187e2c5462566d6a1d3bbbc2f1346d0b4327cbb66d58fffbcc9b2b05c,20260801,16384,original,original,0,0.4,0.9,0.3,0.6,0,1321,16.89,1,ok
211,third,gemma4:12b,4eb23ef187e2c5462566d6a1d3bbbc2f1346d0b4327cbb66d58fffbcc9b2b05c,20260801,16384,original,original,0,0.3,0.5,0.1,0.4,0,1321,16.89,1,ok
212,front,gemma4:12b,4eb23ef187e2c5462566d6a1d3bbbc2f1346d0b4327cbb66d58fffbcc9b2b05c,20260801,16384,original,original,0,,,,,0,1169,18.19,1,missing_keys
212,second,gemma4:12b,4eb23ef187e2c5462566d6a1d3bbbc2f1346d0b4327cbb66d58fffbcc9b2b05c,20260801,16384,original,original,0,,,,,0,1169,18.19,1,missing_keys
212,third,gemma4:12b,4eb23ef187e2c5462566d6a1d3bbbc2f1346d0b4327cbb66d58fffbcc9b2b05c,20260801,16384,original,original,0,,,,,0,1169,18.19,1,missing_keys
213,front,gemma4:12b,4eb23ef187e2c5462566d6a1d3bbbc2f1346d0b4327cbb66d58fffbcc9b2b05c,20260801,16384,original,original,0,0.85,0.4,0.3,0.2,0,1504,16.78,1,ok
213,second,gemma4:12b,4eb23ef187e2c5462566d6a1d3bbbc2f1346d0b4327cbb66d58fffbcc9b2b05c,20260801,16384,original,original,0,0.6,0.85,0.7,0.8,0,1504,16.78,1,ok
213,third,gemma4:12b,4eb23ef187e2c5462566d6a1d3bbbc2f1346d0b4327cbb66d58fffbcc9b2b05c,20260801,16384,original,original,0,0.4,0.6,0.5,0.5,0,1504,16.78,1,ok
214,front,gemma4:12b,4eb23ef187e2c5462566d6a1d3bbbc2f1346d0b4327cbb66d58fffbcc9b2b05c,20260801,16384,original,original,0,,,,,0,1135,17.76,1,missing_keys
214,second,gemma4:12b,4eb23ef187e2c5462566d6a1d3bbbc2f1346d0b4327cbb66d58fffbcc9b2b05c,20260801,16384,original,original,0,,,,,0,1135,17.76,1,missing_keys
214,third,gemma4:12b,4eb23ef187e2c5462566d6a1d3bbbc2f1346d0b4327cbb66d58fffbcc9b2b05c,20260801,16384,original,original,0,,,,,0,1135,17.76,1,missing_keys
215,front,gemma4:12b,4eb23ef187e2c5462566d6a1d3bbbc2f1346d0b4327cbb66d58fffbcc9b2b05c,20260801,16384,original,original,0,,,,,0,1064,17.73,1,missing_keys
215,second,gemma4:12b,4eb23ef187e2c5462566d6a1d3bbbc2f1346d0b4327cbb66d58fffbcc9b2b05c,20260801,16384,original,original,0,,,,,0,1064,17.73,1,missing_keys
215,third,gemma4:12b,4eb23ef187e2c5462566d6a1d3bbbc2f1346d0b4327cbb66d58fffbcc9b2b05c,20260801,16384,original,original,0,,,,,0,1064,17.73,1,missing_keys
216,front,gemma4:12b,4eb23ef187e2c5462566d6a1d3bbbc2f1346d0b4327cbb66d58fffbcc9b2b05c,20260801,16384,original,original,0,,,,,0,1305,18.22,1,missing_keys
216,second,gemma4:12b,4eb23ef187e2c5462566d6a1d3bbbc2f1346d0b4327cbb66d58fffbcc9b2b05c,20260801,16384,original,original,0,,,,,0,1305,18.22,1,missing_keys
216,third,gemma4:12b,4eb23ef187e2c5462566d6a1d3bbbc2f1346d0b4327cbb66d58fffbcc9b2b05c,20260801,16384,original,original,0,,,,,0,1305,18.22,1,missing_keys
217,front,gemma4:12b,4eb23ef187e2c5462566d6a1d3bbbc2f1346d0b4327cbb66d58fffbcc9b2b05c,20260801,16384,original,original,0,0.0,1.0,0.5,0.5,0,515,15.18,1,ok
217,second,gemma4:12b,4eb23ef187e2c5462566d6a1d3bbbc2f1346d0b4327cbb66d58fffbcc9b2b05c,20260801,16384,original,original,0,0.0,1.0,0.75,0.8,0,515,15.18,1,ok
217,third,gemma4:12b,4eb23ef187e2c5462566d6a1d3bbbc2f1346d0b4327cbb66d58fffbcc9b2b05c,20260801,16384,original,original,0,0.0,1.0,0.75,0.8,0,515,15.18,1,ok
218,front,gemma4:12b,4eb23ef187e2c5462566d6a1d3bbbc2f1346d0b4327cbb66d58fffbcc9b2b05c,20260801,16384,original,original,0,0.1,0.2,0.5,0.8,0,595,15.04,1,ok
218,second,gemma4:12b,4eb23ef187e2c5462566d6a1d3bbbc2f1346d0b4327cbb66d58fffbcc9b2b05c,20260801,16384,original,original,0,0.3,0.9,0.6,0.7,0,595,15.04,1,ok
218,third,gemma4:12b,4eb23ef187e2c5462566d6a1d3bbbc2f1346d0b4327cbb66d58fffbcc9b2b05c,20260801,16384,original,original,0,0.4,0.5,0.3,0.6,0,595,15.04,1,ok
219,front,gemma4:12b,4eb23ef187e2c5462566d6a1d3bbbc2f1346d0b4327cbb66d58fffbcc9b2b05c,20260801,16384,original,original,0,0.0,0.0,1.0,1.0,0,495,14.98,1,ok
219,second,gemma4:12b,4eb23ef187e2c5462566d6a1d3bbbc2f1346d0b4327cbb66d58fffbcc9b2b05c,20260801,16384,original,original,0,0.0,0.2,0.8,0.9,0,495,14.98,1,ok
219,third,gemma4:12b,4eb23ef187e2c5462566d6a1d3bbbc2f1346d0b4327cbb66d58fffbcc9b2b05c,20260801,16384,original,original,0,0.0,0.1,0.5,0.8,0,495,14.98,1,ok
220,front,gemma4:12b,4eb23ef187e2c5462566d6a1d3bbbc2f1346d0b4327cbb66d58fffbcc9b2b05c,20260801,16384,original,original,0,0.95,0.1,0.0,0.0,0,1400,16.8,1,ok
220,second,gemma4:12b,4eb23ef187e2c5462566d6a1d3bbbc2f1346d0b4327cbb66d58fffbcc9b2b05c,20260801,16384,original,original,0,0.2,0.9,0.6,0.85,0,1400,16.8,1,ok
220,third,gemma4:12b,4eb23ef187e2c5462566d6a1d3bbbc2f1346d0b4327cbb66d58fffbcc9b2b05c,20260801,16384,original,original,0,0.3,0.7,0.2,0.6,0,1400,16.8,1,ok
221,front,gemma4:12b,4eb23ef187e2c5462566d6a1d3bbbc2f1346d0b4327cbb66d58fffbcc9b2b05c,20260801,16384,original,original,0,0.95,0.1,0.0,0.0,0,1590,17.25,1,ok
221,second,gemma4:12b,4eb23ef187e2c5462566d6a1d3bbbc2f1346d0b4327cbb66d58fffbcc9b2b05c,20260801,16384,original,original,0,0.3,0.85,0.4,0.7,0,1590,17.25,1,ok
221,third,gemma4:12b,4eb23ef187e2c5462566d6a1d3bbbc2f1346d0b4327cbb66d58fffbcc9b2b05c,20260801,16384,original,original,0,0.2,0.6,0.15,0.4,0,1590,17.25,1,ok
222,front,gemma4:12b,4eb23ef187e2c5462566d6a1d3bbbc2f1346d0b4327cbb66d58fffbcc9b2b05c,20260801,16384,original,original,0,1.0,0.9,0.0,0.0,0,1406,16.76,1,ok
222,second,gemma4:12b,4eb23ef187e2c5462566d6a1d3bbbc2f1346d0b4327cbb66d58fffbcc9b2b05c,20260801,16384,original,original,0,0.2,0.8,0.6,0.9,0,1406,16.76,1,ok
222,third,gemma4:12b,4eb23ef187e2c5462566d6a1d3bbbc2f1346d0b4327cbb66d58fffbcc9b2b05c,20260801,16384,original,original,0,0.1,0.3,0.4,0.8,0,1406,16.76,1,ok
223,front,gemma4:12b,4eb23ef187e2c5462566d6a1d3bbbc2f1346d0b4327cbb66d58fffbcc9b2b05c,20260801,16384,original,original,0,0.05,0.1,0.4,0.8,0,552,14.79,1,ok
223,second,gemma4:12b,4eb23ef187e2c5462566d6a1d3bbbc2f1346d0b4327cbb66d58fffbcc9b2b05c,20260801,16384,original,original,0,0.0,0.05,0.2,0.3,0,552,14.79,1,ok
223,third,gemma4:12b,4eb23ef187e2c5462566d6a1d3bbbc2f1346d0b4327cbb66d58fffbcc9b2b05c,20260801,16384,original,original,0,0.0,0.0,0.1,0.2,0,552,14.79,1,ok
224,front,gemma4:12b,4eb23ef187e2c5462566d6a1d3bbbc2f1346d0b4327cbb66d58fffbcc9b2b05c,20260801,16384,original,original,0,0.95,0.85,0.0,0.0,0,1663,18.05,1,ok
224,second,gemma4:12b,4eb23ef187e2c5462566d6a1d3bbbc2f1346d0b4327cbb66d58fffbcc9b2b05c,20260801,16384,original,original,0,0.4,0.6,0.3,0.5,0,1663,18.05,1,ok
224,third,gemma4:12b,4eb23ef187e2c5462566d6a1d3bbbc2f1346d0b4327cbb66d58fffbcc9b2b05c,20260801,16384,original,original,0,0.1,0.2,0.6,0.9,0,1663,18.05,1,ok
225,front,gemma4:12b,4eb23ef187e2c5462566d6a1d3bbbc2f1346d0b4327cbb66d58fffbcc9b2b05c,20260801,16384,original,original,0,0.05,0.1,0.8,0.9,0,503,15.38,1,ok
225,second,gemma4:12b,4eb23ef187e2c5462566d6a1d3bbbc2f1346d0b4327cbb66d58fffbcc9b2b05c,20260801,16384,original,original,0,0.1,0.2,0.4,0.6,0,503,15.38,1,ok
225,third,gemma4:12b,4eb23ef187e2c5462566d6a1d3bbbc2f1346d0b4327cbb66d58fffbcc9b2b05c,20260801,16384,original,original,0,0.1,0.15,0.3,0.7,0,503,15.38,1,ok
226,front,gemma4:12b,4eb23ef187e2c5462566d6a1d3bbbc2f1346d0b4327cbb66d58fffbcc9b2b05c,20260801,16384,original,original,0,0.05,0.1,0.4,0.8,0,529,14.95,1,ok
226,second,gemma4:12b,4eb23ef187e2c5462566d6a1d3bbbc2f1346d0b4327cbb66d58fffbcc9b2b05c,20260801,16384,original,original,0,0.2,0.9,0.7,0.85,0,529,14.95,1,ok
226,third,gemma4:12b,4eb23ef187e2c5462566d6a1d3bbbc2f1346d0b4327cbb66d58fffbcc9b2b05c,20260801,16384,original,original,0,0.15,0.6,0.5,0.75,0,529,14.95,1,ok
227,front,gemma4:12b,4eb23ef187e2c5462566d6a1d3bbbc2f1346d0b4327cbb66d58fffbcc9b2b05c,20260801,16384,original,original,0,0.95,0.8,0.15,0.2,0,1618,18.18,1,ok
227,second,gemma4:12b,4eb23ef187e2c5462566d6a1d3bbbc2f1346d0b4327cbb66d58fffbcc9b2b05c,20260801,16384,original,original,0,0.3,0.4,0.6,0.9,0,1618,18.18,1,ok
227,third,gemma4:12b,4eb23ef187e2c5462566d6a1d3bbbc2f1346d0b4327cbb66d58fffbcc9b2b05c,20260801,16384,original,original,0,0.2,0.1,0.4,0.85,0,1618,18.18,1,ok
228,front,gemma4:12b,4eb23ef187e2c5462566d6a1d3bbbc2f1346d0b4327cbb66d58fffbcc9b2b05c,20260801,16384,original,original,0,0.95,0.85,0.0,0.0,0,1382,16.81,1,ok
228,second,gemma4:12b,4eb23ef187e2c5462566d6a1d3bbbc2f1346d0b4327cbb66d58fffbcc9b2b05c,20260801,16384,original,original,0,0.4,0.7,0.3,0.6,0,1382,16.81,1,ok
228,third,gemma4:12b,4eb23ef187e2c5462566d6a1d3bbbc2f1346d0b4327cbb66d58fffbcc9b2b05c,20260801,16384,original,original,0,0.3,0.5,0.1,0.4,0,1382,16.81,1,ok
229,front,gemma4:12b,4eb23ef187e2c5462566d6a1d3bbbc2f1346d0b4327cbb66d58fffbcc9b2b05c,20260801,16384,original,original,0,1.0,0.9,0.0,0.0,0,1486,18.43,1,ok
229,second,gemma4:12b,4eb23ef187e2c5462566d6a1d3bbbc2f1346d0b4327cbb66d58fffbcc9b2b05c,20260801,16384,original,original,0,0.4,0.6,0.5,0.7,0,1486,18.43,1,ok
229,third,gemma4:12b,4eb23ef187e2c5462566d6a1d3bbbc2f1346d0b4327cbb66d58fffbcc9b2b05c,20260801,16384,original,original,0,0.1,0.2,0.3,0.9,0,1486,18.43,1,ok
230,front,gemma4:12b,4eb23ef187e2c5462566d6a1d3bbbc2f1346d0b4327cbb66d58fffbcc9b2b05c,20260801,16384,original,original,0,,,,,0,1890,21.46,1,missing_keys
230,second,gemma4:12b,4eb23ef187e2c5462566d6a1d3bbbc2f1346d0b4327cbb66d58fffbcc9b2b05c,20260801,16384,original,original,0,,,,,0,1890,21.46,1,missing_keys
230,third,gemma4:12b,4eb23ef187e2c5462566d6a1d3bbbc2f1346d0b4327cbb66d58fffbcc9b2b05c,20260801,16384,original,original,0,,,,,0,1890,21.46,1,missing_keys
231,front,gemma4:12b,4eb23ef187e2c5462566d6a1d3bbbc2f1346d0b4327cbb66d58fffbcc9b2b05c,20260801,16384,original,original,0,0.85,0.7,0.1,0.2,0,1166,16.78,1,ok
231,second,gemma4:12b,4eb23ef187e2c5462566d6a1d3bbbc2f1346d0b4327cbb66d58fffbcc9b2b05c,20260801,16384,original,original,0,0.4,0.9,0.3,0.6,0,1166,16.78,1,ok
231,third,gemma4:12b,4eb23ef187e2c5462566d6a1d3bbbc2f1346d0b4327cbb66d58fffbcc9b2b05c,20260801,16384,original,original,0,0.2,0.85,0.1,0.4,0,1166,16.78,1,ok
232,front,gemma4:12b,4eb23ef187e2c5462566d6a1d3bbbc2f1346d0b4327cbb66d58fffbcc9b2b05c,20260801,16384,original,original,0,1.0,1.0,0.0,0.0,0,1554,17.68,1,ok
232,second,gemma4:12b,4eb23ef187e2c5462566d6a1d3bbbc2f1346d0b4327cbb66d58fffbcc9b2b05c,20260801,16384,original,original,0,0.3,0.8,0.4,0.7,0,1554,17.68,1,ok
232,third,gemma4:12b,4eb23ef187e2c5462566d6a1d3bbbc2f1346d0b4327cbb66d58fffbcc9b2b05c,20260801,16384,original,original,0,0.2,0.6,0.3,0.8,0,1554,17.68,1,ok
233,front,gemma4:12b,4eb23ef187e2c5462566d6a1d3bbbc2f1346d0b4327cbb66d58fffbcc9b2b05c,20260801,16384,original,original,0,1.0,0.9,0.0,0.0,0,1495,17.48,1,ok
233,second,gemma4:12b,4eb23ef187e2c5462566d6a1d3bbbc2f1346d0b4327cbb66d58fffbcc9b2b05c,20260801,16384,original,original,0,0.6,0.8,0.2,0.4,0,1495,17.48,1,ok
233,third,gemma4:12b,4eb23ef187e2c5462566d6a1d3bbbc2f1346d0b4327cbb66d58fffbcc9b2b05c,20260801,16384,original,original,0,0.1,0.3,0.5,0.8,0,1495,17.48,1,ok
234,front,gemma4:12b,4eb23ef187e2c5462566d6a1d3bbbc2f1346d0b4327cbb66d58fffbcc9b2b05c,20260801,16384,original,original,0,0.1,0.2,0.5,0.6,0,600,15.38,1,ok
234,second,gemma4:12b,4eb23ef187e2c5462566d6a1d3bbbc2f1346d0b4327cbb66d58fffbcc9b2b05c,20260801,16384,original,original,0,0.3,0.8,0.4,0.5,0,600,15.38,1,ok
234,third,gemma4:12b,4eb23ef187e2c5462566d6a1d3bbbc2f1346d0b4327cbb66d58fffbcc9b2b05c,20260801,16384,original,original,0,0.4,0.3,0.2,0.3,0,600,15.38,1,ok
235,front,gemma4:12b,4eb23ef187e2c5462566d6a1d3bbbc2f1346d0b4327cbb66d58fffbcc9b2b05c,20260801,16384,original,original,0,0.85,0.7,0.1,0.3,0,1255,17.83,1,ok
235,second,gemma4:12b,4eb23ef187e2c5462566d6a1d3bbbc2f1346d0b4327cbb66d58fffbcc9b2b05c,20260801,16384,original,original,0,0.6,0.9,0.2,0.5,0,1255,17.83,1,ok
235,third,gemma4:12b,4eb23ef187e2c5462566d6a1d3bbbc2f1346d0b4327cbb66d58fffbcc9b2b05c,20260801,16384,original,original,0,0.4,0.8,0.1,0.3,0,1255,17.83,1,ok
236,front,gemma4:12b,4eb23ef187e2c5462566d6a1d3bbbc2f1346d0b4327cbb66d58fffbcc9b2b05c,20260801,16384,original,original,0,0.95,0.85,0.0,0.0,0,1327,17.25,1,ok
236,second,gemma4:12b,4eb23ef187e2c5462566d6a1d3bbbc2f1346d0b4327cbb66d58fffbcc9b2b05c,20260801,16384,original,original,0,0.3,0.4,0.6,0.85,0,1327,17.25,1,ok
236,third,gemma4:12b,4eb23ef187e2c5462566d6a1d3bbbc2f1346d0b4327cbb66d58fffbcc9b2b05c,20260801,16384,original,original,0,0.2,0.3,0.4,0.75,0,1327,17.25,1,ok
237,front,gemma4:12b,4eb23ef187e2c5462566d6a1d3bbbc2f1346d0b4327cbb66d58fffbcc9b2b05c,20260801,16384,original,original,0,0.95,0.8,0.0,0.0,0,1466,16.81,1,ok
237,second,gemma4:12b,4eb23ef187e2c5462566d6a1d3bbbc2f1346d0b4327cbb66d58fffbcc9b2b05c,20260801,16384,original,original,0,0.4,0.6,0.3,0.5,0,1466,16.81,1,ok
237,third,gemma4:12b,4eb23ef187e2c5462566d6a1d3bbbc2f1346d0b4327cbb66d58fffbcc9b2b05c,20260801,16384,original,original,0,0.3,0.4,0.2,0.4,0,1466,16.81,1,ok
238,front,gemma4:12b,4eb23ef187e2c5462566d6a1d3bbbc2f1346d0b4327cbb66d58fffbcc9b2b05c,20260801,16384,original,original,0,0.95,0.8,0.0,0.0,0,1638,18.42,1,ok
238,second,gemma4:12b,4eb23ef187e2c5462566d6a1d3bbbc2f1346d0b4327cbb66d58fffbcc9b2b05c,20260801,16384,original,original,0,0.4,0.3,0.6,0.7,0,1638,18.42,1,ok
238,third,gemma4:12b,4eb23ef187e2c5462566d6a1d3bbbc2f1346d0b4327cbb66d58fffbcc9b2b05c,20260801,16384,original,original,0,0.2,0.1,0.3,0.5,0,1638,18.42,1,ok
239,front,gemma4:12b,4eb23ef187e2c5462566d6a1d3bbbc2f1346d0b4327cbb66d58fffbcc9b2b05c,20260801,16384,original,original,0,0.4,0.3,0.2,0.5,0,598,15.17,1,ok
239,second,gemma4:12b,4eb23ef187e2c5462566d6a1d3bbbc2f1346d0b4327cbb66d58fffbcc9b2b05c,20260801,16384,original,original,0,0.3,0.8,0.4,0.7,0,598,15.17,1,ok
239,third,gemma4:12b,4eb23ef187e2c5462566d6a1d3bbbc2f1346d0b4327cbb66d58fffbcc9b2b05c,20260801,16384,original,original,0,0.2,0.6,0.3,0.8,0,598,15.17,1,ok
240,front,gemma4:12b,4eb23ef187e2c5462566d6a1d3bbbc2f1346d0b4327cbb66d58fffbcc9b2b05c,20260801,16384,original,original,0,0.95,0.85,0.0,0.0,0,1544,17.89,1,ok
240,second,gemma4:12b,4eb23ef187e2c5462566d6a1d3bbbc2f1346d0b4327cbb66d58fffbcc9b2b05c,20260801,16384,original,original,0,0.2,0.1,0.6,0.8,0,1544,17.89,1,ok
240,third,gemma4:12b,4eb23ef187e2c5462566d6a1d3bbbc2f1346d0b4327cbb66d58fffbcc9b2b05c,20260801,16384,original,original,0,0.1,0.2,0.3,0.7,0,1544,17.89,1,ok
241,front,gemma4:12b,4eb23ef187e2c5462566d6a1d3bbbc2f1346d0b4327cbb66d58fffbcc9b2b05c,20260801,16384,original,original,0,0.95,0.8,0.0,0.0,0,1502,17.26,1,ok
241,second,gemma4:12b,4eb23ef187e2c5462566d6a1d3bbbc2f1346d0b4327cbb66d58fffbcc9b2b05c,20260801,16384,original,original,0,0.4,0.6,0.1,0.3,0,1502,17.26,1,ok
241,third,gemma4:12b,4eb23ef187e2c5462566d6a1d3bbbc2f1346d0b4327cbb66d58fffbcc9b2b05c,20260801,16384,original,original,0,0.2,0.4,0.0,0.1,0,1502,17.26,1,ok
242,front,gemma4:12b,4eb23ef187e2c5462566d6a1d3bbbc2f1346d0b4327cbb66d58fffbcc9b2b05c,20260801,16384,original,original,0,1.0,0.9,0.0,0.0,0,1610,18.31,1,ok
242,second,gemma4:12b,4eb23ef187e2c5462566d6a1d3bbbc2f1346d0b4327cbb66d58fffbcc9b2b05c,20260801,16384,original,original,0,0.3,0.8,0.4,0.7,0,1610,18.31,1,ok
242,third,gemma4:12b,4eb23ef187e2c5462566d6a1d3bbbc2f1346d0b4327cbb66d58fffbcc9b2b05c,20260801,16384,original,original,0,0.2,0.6,0.1,0.5,0,1610,18.31,1,ok
243,front,gemma4:12b,4eb23ef187e2c5462566d6a1d3bbbc2f1346d0b4327cbb66d58fffbcc9b2b05c,20260801,16384,original,original,0,0.95,0.85,0.0,0.0,0,1324,16.83,1,ok
243,second,gemma4:12b,4eb23ef187e2c5462566d6a1d3bbbc2f1346d0b4327cbb66d58fffbcc9b2b05c,20260801,16384,original,original,0,0.6,0.4,0.1,0.2,0,1324,16.83,1,ok
243,third,gemma4:12b,4eb23ef187e2c5462566d6a1d3bbbc2f1346d0b4327cbb66d58fffbcc9b2b05c,20260801,16384,original,original,0,0.5,0.3,0.05,0.1,0,1324,16.83,1,ok
244,front,gemma4:12b,4eb23ef187e2c5462566d6a1d3bbbc2f1346d0b4327cbb66d58fffbcc9b2b05c,20260801,16384,original,original,0,0.95,0.8,0.0,0.0,0,1063,15.89,1,ok
244,second,gemma4:12b,4eb23ef187e2c5462566d6a1d3bbbc2f1346d0b4327cbb66d58fffbcc9b2b05c,20260801,16384,original,original,0,0.4,0.6,0.1,0.3,0,1063,15.89,1,ok
244,third,gemma4:12b,4eb23ef187e2c5462566d6a1d3bbbc2f1346d0b4327cbb66d58fffbcc9b2b05c,20260801,16384,original,original,0,0.1,0.2,0.4,0.7,0,1063,15.89,1,ok
245,front,gemma4:12b,4eb23ef187e2c5462566d6a1d3bbbc2f1346d0b4327cbb66d58fffbcc9b2b05c,20260801,16384,original,original,0,,,,,0,1413,20.11,1,missing_keys
245,second,gemma4:12b,4eb23ef187e2c5462566d6a1d3bbbc2f1346d0b4327cbb66d58fffbcc9b2b05c,20260801,16384,original,original,0,,,,,0,1413,20.11,1,missing_keys
245,third,gemma4:12b,4eb23ef187e2c5462566d6a1d3bbbc2f1346d0b4327cbb66d58fffbcc9b2b05c,20260801,16384,original,original,0,,,,,0,1413,20.11,1,missing_keys
246,front,gemma4:12b,4eb23ef187e2c5462566d6a1d3bbbc2f1346d0b4327cbb66d58fffbcc9b2b05c,20260801,16384,original,original,0,0.95,0.85,0.0,0.0,0,1396,17.1,1,ok
246,second,gemma4:12b,4eb23ef187e2c5462566d6a1d3bbbc2f1346d0b4327cbb66d58fffbcc9b2b05c,20260801,16384,original,original,0,0.4,0.3,0.2,0.5,0,1396,17.1,1,ok
246,third,gemma4:12b,4eb23ef187e2c5462566d6a1d3bbbc2f1346d0b4327cbb66d58fffbcc9b2b05c,20260801,16384,original,original,0,0.1,0.1,0.3,0.8,0,1396,17.1,1,ok
247,front,gemma4:12b,4eb23ef187e2c5462566d6a1d3bbbc2f1346d0b4327cbb66d58fffbcc9b2b05c,20260801,16384,original,original,0,0.95,0.8,0.0,0.0,0,1298,17.19,1,ok
247,second,gemma4:12b,4eb23ef187e2c5462566d6a1d3bbbc2f1346d0b4327cbb66d58fffbcc9b2b05c,20260801,16384,original,original,0,0.6,0.4,0.1,0.3,0,1298,17.19,1,ok
247,third,gemma4:12b,4eb23ef187e2c5462566d6a1d3bbbc2f1346d0b4327cbb66d58fffbcc9b2b05c,20260801,16384,original,original,0,0.5,0.2,0.0,0.1,0,1298,17.19,1,ok
248,front,gemma4:12b,4eb23ef187e2c5462566d6a1d3bbbc2f1346d0b4327cbb66d58fffbcc9b2b05c,20260801,16384,original,original,0,1.0,1.0,0.0,0.0,0,1559,17.58,1,ok
248,second,gemma4:12b,4eb23ef187e2c5462566d6a1d3bbbc2f1346d0b4327cbb66d58fffbcc9b2b05c,20260801,16384,original,original,0,0.3,0.8,0.4,0.7,0,1559,17.58,1,ok
248,third,gemma4:12b,4eb23ef187e2c5462566d6a1d3bbbc2f1346d0b4327cbb66d58fffbcc9b2b05c,20260801,16384,original,original,0,0.2,0.6,0.3,0.5,0,1559,17.58,1,ok
249,front,gemma4:12b,4eb23ef187e2c5462566d6a1d3bbbc2f1346d0b4327cbb66d58fffbcc9b2b05c,20260801,16384,original,original,0,,,,,0,984,18.01,1,missing_keys
249,second,gemma4:12b,4eb23ef187e2c5462566d6a1d3bbbc2f1346d0b4327cbb66d58fffbcc9b2b05c,20260801,16384,original,original,0,,,,,0,984,18.01,1,missing_keys
249,third,gemma4:12b,4eb23ef187e2c5462566d6a1d3bbbc2f1346d0b4327cbb66d58fffbcc9b2b05c,20260801,16384,original,original,0,,,,,0,984,18.01,1,missing_keys
250,front,gemma4:12b,4eb23ef187e2c5462566d6a1d3bbbc2f1346d0b4327cbb66d58fffbcc9b2b05c,20260801,16384,original,original,0,0.1,0.2,0.8,0.9,0,560,15.25,1,ok
250,second,gemma4:12b,4eb23ef187e2c5462566d6a1d3bbbc2f1346d0b4327cbb66d58fffbcc9b2b05c,20260801,16384,original,original,0,0.4,0.7,0.5,0.6,0,560,15.25,1,ok
250,third,gemma4:12b,4eb23ef187e2c5462566d6a1d3bbbc2f1346d0b4327cbb66d58fffbcc9b2b05c,20260801,16384,original,original,0,0.3,0.8,0.4,0.5,0,560,15.25,1,ok
251,front,gemma4:12b,4eb23ef187e2c5462566d6a1d3bbbc2f1346d0b4327cbb66d58fffbcc9b2b05c,20260801,16384,original,original,0,0.1,0.2,0.8,0.9,0,585,15.13,1,ok
251,second,gemma4:12b,4eb23ef187e2c5462566d6a1d3bbbc2f1346d0b4327cbb66d58fffbcc9b2b05c,20260801,16384,original,original,0,0.1,0.4,0.7,0.8,0,585,15.13,1,ok
251,third,gemma4:12b,4eb23ef187e2c5462566d6a1d3bbbc2f1346d0b4327cbb66d58fffbcc9b2b05c,20260801,16384,original,original,0,0.1,0.2,0.6,0.9,0,585,15.13,1,ok
252,front,gemma4:12b,4eb23ef187e2c5462566d6a1d3bbbc2f1346d0b4327cbb66d58fffbcc9b2b05c,20260801,16384,original,original,0,0.45,0.3,0.2,0.4,0,892,15.54,1,ok
252,second,gemma4:12b,4eb23ef187e2c5462566d6a1d3bbbc2f1346d0b4327cbb66d58fffbcc9b2b05c,20260801,16384,original,original,0,0.35,0.85,0.6,0.75,0,892,15.54,1,ok
252,third,gemma4:12b,4eb23ef187e2c5462566d6a1d3bbbc2f1346d0b4327cbb66d58fffbcc9b2b05c,20260801,16384,original,original,0,0.4,0.5,0.3,0.6,0,892,15.54,1,ok
253,front,gemma4:12b,4eb23ef187e2c5462566d6a1d3bbbc2f1346d0b4327cbb66d58fffbcc9b2b05c,20260801,16384,original,original,0,0.1,0.2,0.5,0.6,0,603,15.09,1,ok
253,second,gemma4:12b,4eb23ef187e2c5462566d6a1d3bbbc2f1346d0b4327cbb66d58fffbcc9b2b05c,20260801,16384,original,original,0,0.15,0.8,0.7,0.85,0,603,15.09,1,ok
253,third,gemma4:12b,4eb23ef187e2c5462566d6a1d3bbbc2f1346d0b4327cbb66d58fffbcc9b2b05c,20260801,16384,original,original,0,0.1,0.4,0.6,0.7,0,603,15.09,1,ok
254,front,gemma4:12b,4eb23ef187e2c5462566d6a1d3bbbc2f1346d0b4327cbb66d58fffbcc9b2b05c,20260801,16384,original,original,0,0.1,0.2,0.8,0.9,0,571,14.81,1,ok
254,second,gemma4:12b,4eb23ef187e2c5462566d6a1d3bbbc2f1346d0b4327cbb66d58fffbcc9b2b05c,20260801,16384,original,original,0,0.1,0.4,0.7,0.85,0,571,14.81,1,ok
254,third,gemma4:12b,4eb23ef187e2c5462566d6a1d3bbbc2f1346d0b4327cbb66d58fffbcc9b2b05c,20260801,16384,original,original,0,0.1,0.3,0.6,0.8,0,571,14.81,1,ok
255,front,gemma4:12b,4eb23ef187e2c5462566d6a1d3bbbc2f1346d0b4327cbb66d58fffbcc9b2b05c,20260801,16384,original,original,0,0.0,1.0,0.5,0.8,0,452,15.7,1,ok
255,second,gemma4:12b,4eb23ef187e2c5462566d6a1d3bbbc2f1346d0b4327cbb66d58fffbcc9b2b05c,20260801,16384,original,original,0,0.1,0.9,0.2,0.4,0,452,15.7,1,ok
255,third,gemma4:12b,4eb23ef187e2c5462566d6a1d3bbbc2f1346d0b4327cbb66d58fffbcc9b2b05c,20260801,16384,original,original,0,0.0,1.0,0.6,0.9,0,452,15.7,1,ok
256,front,gemma4:12b,4eb23ef187e2c5462566d6a1d3bbbc2f1346d0b4327cbb66d58fffbcc9b2b05c,20260801,16384,original,original,0,0.05,0.1,0.4,0.6,0,530,15.14,1,ok
256,second,gemma4:12b,4eb23ef187e2c5462566d6a1d3bbbc2f1346d0b4327cbb66d58fffbcc9b2b05c,20260801,16384,original,original,0,0.1,0.85,0.9,0.95,0,530,15.14,1,ok
256,third,gemma4:12b,4eb23ef187e2c5462566d6a1d3bbbc2f1346d0b4327cbb66d58fffbcc9b2b05c,20260801,16384,original,original,0,0.1,0.6,0.7,0.8,0,530,15.14,1,ok
257,front,gemma4:12b,4eb23ef187e2c5462566d6a1d3bbbc2f1346d0b4327cbb66d58fffbcc9b2b05c,20260801,16384,original,original,0,0.05,0.1,0.8,0.9,0,612,15.11,1,ok
257,second,gemma4:12b,4eb23ef187e2c5462566d6a1d3bbbc2f1346d0b4327cbb66d58fffbcc9b2b05c,20260801,16384,original,original,0,0.1,0.4,0.6,0.7,0,612,15.11,1,ok
257,third,gemma4:12b,4eb23ef187e2c5462566d6a1d3bbbc2f1346d0b4327cbb66d58fffbcc9b2b05c,20260801,16384,original,original,0,0.1,0.2,0.5,0.6,0,612,15.11,1,ok
258,front,gemma4:12b,4eb23ef187e2c5462566d6a1d3bbbc2f1346d0b4327cbb66d58fffbcc9b2b05c,20260801,16384,original,original,0,0.1,0.9,0.5,0.8,0,571,14.89,1,ok
258,second,gemma4:12b,4eb23ef187e2c5462566d6a1d3bbbc2f1346d0b4327cbb66d58fffbcc9b2b05c,20260801,16384,original,original,0,0.2,0.95,0.6,0.85,0,571,14.89,1,ok
258,third,gemma4:12b,4eb23ef187e2c5462566d6a1d3bbbc2f1346d0b4327cbb66d58fffbcc9b2b05c,20260801,16384,original,original,0,0.15,0.9,0.7,0.9,0,571,14.89,1,ok
259,front,gemma4:12b,4eb23ef187e2c5462566d6a1d3bbbc2f1346d0b4327cbb66d58fffbcc9b2b05c,20260801,16384,original,original,0,0.1,0.2,0.4,0.5,0,557,14.85,1,ok
259,second,gemma4:12b,4eb23ef187e2c5462566d6a1d3bbbc2f1346d0b4327cbb66d58fffbcc9b2b05c,20260801,16384,original,original,0,0.1,0.8,0.6,0.7,0,557,14.85,1,ok
259,third,gemma4:12b,4eb23ef187e2c5462566d6a1d3bbbc2f1346d0b4327cbb66d58fffbcc9b2b05c,20260801,16384,original,original,0,0.1,0.3,0.4,0.5,0,557,14.85,1,ok
260,front,gemma4:12b,4eb23ef187e2c5462566d6a1d3bbbc2f1346d0b4327cbb66d58fffbcc9b2b05c,20260801,16384,original,original,0,0.95,0.2,0.0,0.0,0,1505,17.22,1,ok
260,second,gemma4:12b,4eb23ef187e2c5462566d6a1d3bbbc2f1346d0b4327cbb66d58fffbcc9b2b05c,20260801,16384,original,original,0,0.4,0.85,0.3,0.6,0,1505,17.22,1,ok
260,third,gemma4:12b,4eb23ef187e2c5462566d6a1d3bbbc2f1346d0b4327cbb66d58fffbcc9b2b05c,20260801,16384,original,original,0,0.5,0.4,0.1,0.3,0,1505,17.22,1,ok
261,front,gemma4:12b,4eb23ef187e2c5462566d6a1d3bbbc2f1346d0b4327cbb66d58fffbcc9b2b05c,20260801,16384,original,original,0,0.95,0.1,0.4,0.3,0,1369,16.83,1,ok
261,second,gemma4:12b,4eb23ef187e2c5462566d6a1d3bbbc2f1346d0b4327cbb66d58fffbcc9b2b05c,20260801,16384,original,original,0,0.2,0.9,0.8,0.95,0,1369,16.83,1,ok
261,third,gemma4:12b,4eb23ef187e2c5462566d6a1d3bbbc2f1346d0b4327cbb66d58fffbcc9b2b05c,20260801,16384,original,original,0,0.1,0.7,0.6,0.8,0,1369,16.83,1,ok
262,front,gemma4:12b,4eb23ef187e2c5462566d6a1d3bbbc2f1346d0b4327cbb66d58fffbcc9b2b05c,20260801,16384,original,original,0,0.95,0.8,0.0,0.0,0,1432,17.54,1,ok
262,second,gemma4:12b,4eb23ef187e2c5462566d6a1d3bbbc2f1346d0b4327cbb66d58fffbcc9b2b05c,20260801,16384,original,original,0,0.6,0.7,0.2,0.3,0,1432,17.54,1,ok
262,third,gemma4:12b,4eb23ef187e2c5462566d6a1d3bbbc2f1346d0b4327cbb66d58fffbcc9b2b05c,20260801,16384,original,original,0,0.1,0.4,0.8,0.9,0,1432,17.54,1,ok
263,front,gemma4:12b,4eb23ef187e2c5462566d6a1d3bbbc2f1346d0b4327cbb66d58fffbcc9b2b05c,20260801,16384,original,original,0,,,,,0,877,17.44,1,missing_keys
263,second,gemma4:12b,4eb23ef187e2c5462566d6a1d3bbbc2f1346d0b4327cbb66d58fffbcc9b2b05c,20260801,16384,original,original,0,,,,,0,877,17.44,1,missing_keys
263,third,gemma4:12b,4eb23ef187e2c5462566d6a1d3bbbc2f1346d0b4327cbb66d58fffbcc9b2b05c,20260801,16384,original,original,0,,,,,0,877,17.44,1,missing_keys
264,front,gemma4:12b,4eb23ef187e2c5462566d6a1d3bbbc2f1346d0b4327cbb66d58fffbcc9b2b05c,20260801,16384,original,original,0,0.95,0.8,0.0,0.0,0,1340,17.63,1,ok
264,second,gemma4:12b,4eb23ef187e2c5462566d6a1d3bbbc2f1346d0b4327cbb66d58fffbcc9b2b05c,20260801,16384,original,original,0,0.6,0.7,0.1,0.3,0,1340,17.63,1,ok
264,third,gemma4:12b,4eb23ef187e2c5462566d6a1d3bbbc2f1346d0b4327cbb66d58fffbcc9b2b05c,20260801,16384,original,original,0,0.2,0.9,0.8,0.9,0,1340,17.63,1,ok
265,front,gemma4:12b,4eb23ef187e2c5462566d6a1d3bbbc2f1346d0b4327cbb66d58fffbcc9b2b05c,20260801,16384,original,original,0,0.05,0.1,0.4,0.3,0,508,15.43,1,ok
265,second,gemma4:12b,4eb23ef187e2c5462566d6a1d3bbbc2f1346d0b4327cbb66d58fffbcc9b2b05c,20260801,16384,original,original,0,0.05,0.2,0.6,0.7,0,508,15.43,1,ok
265,third,gemma4:12b,4eb23ef187e2c5462566d6a1d3bbbc2f1346d0b4327cbb66d58fffbcc9b2b05c,20260801,16384,original,original,0,0.05,0.3,0.8,0.8,0,508,15.43,1,ok
266,front,gemma4:12b,4eb23ef187e2c5462566d6a1d3bbbc2f1346d0b4327cbb66d58fffbcc9b2b05c,20260801,16384,original,original,0,0.1,0.2,0.5,0.6,0,588,15.14,1,ok
266,second,gemma4:12b,4eb23ef187e2c5462566d6a1d3bbbc2f1346d0b4327cbb66d58fffbcc9b2b05c,20260801,16384,original,original,0,0.3,0.8,0.7,0.8,0,588,15.14,1,ok
266,third,gemma4:12b,4eb23ef187e2c5462566d6a1d3bbbc2f1346d0b4327cbb66d58fffbcc9b2b05c,20260801,16384,original,original,0,0.4,0.5,0.4,0.6,0,588,15.14,1,ok
267,front,gemma4:12b,4eb23ef187e2c5462566d6a1d3bbbc2f1346d0b4327cbb66d58fffbcc9b2b05c,20260801,16384,original,original,0,0.0,0.1,1.0,1.0,0,488,15.04,1,ok
267,second,gemma4:12b,4eb23ef187e2c5462566d6a1d3bbbc2f1346d0b4327cbb66d58fffbcc9b2b05c,20260801,16384,original,original,0,0.0,0.3,0.8,0.9,0,488,15.04,1,ok
267,third,gemma4:12b,4eb23ef187e2c5462566d6a1d3bbbc2f1346d0b4327cbb66d58fffbcc9b2b05c,20260801,16384,original,original,0,0.0,0.1,0.5,0.7,0,488,15.04,1,ok
268,front,gemma4:12b,4eb23ef187e2c5462566d6a1d3bbbc2f1346d0b4327cbb66d58fffbcc9b2b05c,20260801,16384,original,original,0,0.1,0.2,0.5,0.8,0,508,15.01,1,ok
268,second,gemma4:12b,4eb23ef187e2c5462566d6a1d3bbbc2f1346d0b4327cbb66d58fffbcc9b2b05c,20260801,16384,original,original,0,0.1,0.9,0.6,0.9,0,508,15.01,1,ok
268,third,gemma4:12b,4eb23ef187e2c5462566d6a1d3bbbc2f1346d0b4327cbb66d58fffbcc9b2b05c,20260801,16384,original,original,0,0.1,0.4,0.3,0.7,0,508,15.01,1,ok
269,front,gemma4:12b,4eb23ef187e2c5462566d6a1d3bbbc2f1346d0b4327cbb66d58fffbcc9b2b05c,20260801,16384,original,original,0,0.95,0.2,0.0,0.0,0,1583,17.31,1,ok
269,second,gemma4:12b,4eb23ef187e2c5462566d6a1d3bbbc2f1346d0b4327cbb66d58fffbcc9b2b05c,20260801,16384,original,original,0,0.4,0.85,0.6,0.7,0,1583,17.31,1,ok
269,third,gemma4:12b,4eb23ef187e2c5462566d6a1d3bbbc2f1346d0b4327cbb66d58fffbcc9b2b05c,20260801,16384,original,original,0,0.3,0.7,0.4,0.6,0,1583,17.31,1,ok
270,front,gemma4:12b,4eb23ef187e2c5462566d6a1d3bbbc2f1346d0b4327cbb66d58fffbcc9b2b05c,20260801,16384,original,original,0,1.0,0.9,0.0,0.0,0,1399,16.91,1,ok
270,second,gemma4:12b,4eb23ef187e2c5462566d6a1d3bbbc2f1346d0b4327cbb66d58fffbcc9b2b05c,20260801,16384,original,original,0,0.2,0.8,0.4,0.9,0,1399,16.91,1,ok
270,third,gemma4:12b,4eb23ef187e2c5462566d6a1d3bbbc2f1346d0b4327cbb66d58fffbcc9b2b05c,20260801,16384,original,original,0,0.1,0.3,0.2,0.8,0,1399,16.91,1,ok
271,front,gemma4:12b,4eb23ef187e2c5462566d6a1d3bbbc2f1346d0b4327cbb66d58fffbcc9b2b05c,20260801,16384,original,original,0,0.05,0.1,0.4,0.6,0,545,14.94,1,ok
271,second,gemma4:12b,4eb23ef187e2c5462566d6a1d3bbbc2f1346d0b4327cbb66d58fffbcc9b2b05c,20260801,16384,original,original,0,0.0,0.05,0.3,0.8,0,545,14.94,1,ok
271,third,gemma4:12b,4eb23ef187e2c5462566d6a1d3bbbc2f1346d0b4327cbb66d58fffbcc9b2b05c,20260801,16384,original,original,0,0.0,0.0,0.1,0.4,0,545,14.94,1,ok
272,front,gemma4:12b,4eb23ef187e2c5462566d6a1d3bbbc2f1346d0b4327cbb66d58fffbcc9b2b05c,20260801,16384,original,original,0,0.95,0.8,0.0,0.0,0,1656,18.11,1,ok
272,second,gemma4:12b,4eb23ef187e2c5462566d6a1d3bbbc2f1346d0b4327cbb66d58fffbcc9b2b05c,20260801,16384,original,original,0,0.4,0.7,0.3,0.6,0,1656,18.11,1,ok
272,third,gemma4:12b,4eb23ef187e2c5462566d6a1d3bbbc2f1346d0b4327cbb66d58fffbcc9b2b05c,20260801,16384,original,original,0,0.1,0.2,0.5,0.9,0,1656,18.11,1,ok
273,front,gemma4:12b,4eb23ef187e2c5462566d6a1d3bbbc2f1346d0b4327cbb66d58fffbcc9b2b05c,20260801,16384,original,original,0,0.1,0.0,0.8,0.9,0,496,15.52,1,ok
273,second,gemma4:12b,4eb23ef187e2c5462566d6a1d3bbbc2f1346d0b4327cbb66d58fffbcc9b2b05c,20260801,16384,original,original,0,0.2,0.1,0.4,0.6,0,496,15.52,1,ok
273,third,gemma4:12b,4eb23ef187e2c5462566d6a1d3bbbc2f1346d0b4327cbb66d58fffbcc9b2b05c,20260801,16384,original,original,0,0.1,0.0,0.3,0.5,0,496,15.52,1,ok
274,front,gemma4:12b,4eb23ef187e2c5462566d6a1d3bbbc2f1346d0b4327cbb66d58fffbcc9b2b05c,20260801,16384,original,original,0,0.1,0.2,0.5,0.8,0,522,15.4,1,ok
274,second,gemma4:12b,4eb23ef187e2c5462566d6a1d3bbbc2f1346d0b4327cbb66d58fffbcc9b2b05c,20260801,16384,original,original,0,0.3,0.9,0.7,0.85,0,522,15.4,1,ok
274,third,gemma4:12b,4eb23ef187e2c5462566d6a1d3bbbc2f1346d0b4327cbb66d58fffbcc9b2b05c,20260801,16384,original,original,0,0.4,0.6,0.4,0.7,0,522,15.4,1,ok
275,front,gemma4:12b,4eb23ef187e2c5462566d6a1d3bbbc2f1346d0b4327cbb66d58fffbcc9b2b05c,20260801,16384,original,original,0,0.95,0.8,0.1,0.2,0,1611,18.68,1,ok
275,second,gemma4:12b,4eb23ef187e2c5462566d6a1d3bbbc2f1346d0b4327cbb66d58fffbcc9b2b05c,20260801,16384,original,original,0,0.1,0.3,0.4,0.9,0,1611,18.68,1,ok
275,third,gemma4:12b,4eb23ef187e2c5462566d6a1d3bbbc2f1346d0b4327cbb66d58fffbcc9b2b05c,20260801,16384,original,original,0,0.1,0.2,0.3,0.8,0,1611,18.68,1,ok
276,front,gemma4:12b,4eb23ef187e2c5462566d6a1d3bbbc2f1346d0b4327cbb66d58fffbcc9b2b05c,20260801,16384,original,original,0,0.95,0.85,0.0,0.0,0,1375,18.25,1,ok
276,second,gemma4:12b,4eb23ef187e2c5462566d6a1d3bbbc2f1346d0b4327cbb66d58fffbcc9b2b05c,20260801,16384,original,original,0,0.4,0.7,0.3,0.6,0,1375,18.25,1,ok
276,third,gemma4:12b,4eb23ef187e2c5462566d6a1d3bbbc2f1346d0b4327cbb66d58fffbcc9b2b05c,20260801,16384,original,original,0,0.3,0.5,0.1,0.4,0,1375,18.25,1,ok
277,front,gemma4:12b,4eb23ef187e2c5462566d6a1d3bbbc2f1346d0b4327cbb66d58fffbcc9b2b05c,20260801,16384,original,original,0,0.1,0.2,0.5,0.8,0,601,15.16,1,ok
277,second,gemma4:12b,4eb23ef187e2c5462566d6a1d3bbbc2f1346d0b4327cbb66d58fffbcc9b2b05c,20260801,16384,original,original,0,0.1,0.3,0.6,0.8,0,601,15.16,1,ok
277,third,gemma4:12b,4eb23ef187e2c5462566d6a1d3bbbc2f1346d0b4327cbb66d58fffbcc9b2b05c,20260801,16384,original,original,0,0.2,0.4,0.3,0.7,0,601,15.16,1,ok
278,front,gemma4:12b,4eb23ef187e2c5462566d6a1d3bbbc2f1346d0b4327cbb66d58fffbcc9b2b05c,20260801,16384,original,original,0,0.95,0.85,0.0,0.0,0,1883,18.89,1,ok
278,second,gemma4:12b,4eb23ef187e2c5462566d6a1d3bbbc2f1346d0b4327cbb66d58fffbcc9b2b05c,20260801,16384,original,original,0,0.3,0.4,0.6,0.8,0,1883,18.89,1,ok
278,third,gemma4:12b,4eb23ef187e2c5462566d6a1d3bbbc2f1346d0b4327cbb66d58fffbcc9b2b05c,20260801,16384,original,original,0,0.15,0.2,0.4,0.7,0,1883,18.89,1,ok
279,front,gemma4:12b,4eb23ef187e2c5462566d6a1d3bbbc2f1346d0b4327cbb66d58fffbcc9b2b05c,20260801,16384,original,original,0,0.1,0.0,0.3,0.4,0,593,15.78,1,ok
279,second,gemma4:12b,4eb23ef187e2c5462566d6a1d3bbbc2f1346d0b4327cbb66d58fffbcc9b2b05c,20260801,16384,original,original,0,0.4,0.6,0.7,0.8,0,593,15.78,1,ok
279,third,gemma4:12b,4eb23ef187e2c5462566d6a1d3bbbc2f1346d0b4327cbb66d58fffbcc9b2b05c,20260801,16384,original,original,0,0.1,0.0,0.3,0.4,0,593,15.78,1,ok
280,front,gemma4:12b,4eb23ef187e2c5462566d6a1d3bbbc2f1346d0b4327cbb66d58fffbcc9b2b05c,20260801,16384,original,original,0,1.0,1.0,0.0,0.0,0,1547,19.24,1,ok
280,second,gemma4:12b,4eb23ef187e2c5462566d6a1d3bbbc2f1346d0b4327cbb66d58fffbcc9b2b05c,20260801,16384,original,original,0,0.3,0.8,0.4,0.7,0,1547,19.24,1,ok
280,third,gemma4:12b,4eb23ef187e2c5462566d6a1d3bbbc2f1346d0b4327cbb66d58fffbcc9b2b05c,20260801,16384,original,original,0,0.2,0.6,0.3,0.5,0,1547,19.24,1,ok
281,front,gemma4:12b,4eb23ef187e2c5462566d6a1d3bbbc2f1346d0b4327cbb66d58fffbcc9b2b05c,20260801,16384,original,original,0,,,,,0,980,19.67,1,missing_keys
281,second,gemma4:12b,4eb23ef187e2c5462566d6a1d3bbbc2f1346d0b4327cbb66d58fffbcc9b2b05c,20260801,16384,original,original,0,,,,,0,980,19.67,1,missing_keys
281,third,gemma4:12b,4eb23ef187e2c5462566d6a1d3bbbc2f1346d0b4327cbb66d58fffbcc9b2b05c,20260801,16384,original,original,0,,,,,0,980,19.67,1,missing_keys
282,front,gemma4:12b,4eb23ef187e2c5462566d6a1d3bbbc2f1346d0b4327cbb66d58fffbcc9b2b05c,20260801,16384,original,original,0,0.1,0.2,0.5,0.6,0,591,17.13,1,ok
282,second,gemma4:12b,4eb23ef187e2c5462566d6a1d3bbbc2f1346d0b4327cbb66d58fffbcc9b2b05c,20260801,16384,original,original,0,0.3,0.8,0.4,0.5,0,591,17.13,1,ok
282,third,gemma4:12b,4eb23ef187e2c5462566d6a1d3bbbc2f1346d0b4327cbb66d58fffbcc9b2b05c,20260801,16384,original,original,0,0.4,0.6,0.3,0.4,0,591,17.13,1,ok
283,front,gemma4:12b,4eb23ef187e2c5462566d6a1d3bbbc2f1346d0b4327cbb66d58fffbcc9b2b05c,20260801,16384,original,original,0,0.0,0.1,1.0,1.0,0,491,16.34,1,ok
283,second,gemma4:12b,4eb23ef187e2c5462566d6a1d3bbbc2f1346d0b4327cbb66d58fffbcc9b2b05c,20260801,16384,original,original,0,0.0,0.8,0.7,0.9,0,491,16.34,1,ok
283,third,gemma4:12b,4eb23ef187e2c5462566d6a1d3bbbc2f1346d0b4327cbb66d58fffbcc9b2b05c,20260801,16384,original,original,0,0.0,0.3,0.5,0.8,0,491,16.34,1,ok
284,front,gemma4:12b,4eb23ef187e2c5462566d6a1d3bbbc2f1346d0b4327cbb66d58fffbcc9b2b05c,20260801,16384,original,original,0,0.1,0.2,0.8,0.9,0,510,16.17,1,ok
284,second,gemma4:12b,4eb23ef187e2c5462566d6a1d3bbbc2f1346d0b4327cbb66d58fffbcc9b2b05c,20260801,16384,original,original,0,0.1,0.3,0.7,0.85,0,510,16.17,1,ok
284,third,gemma4:12b,4eb23ef187e2c5462566d6a1d3bbbc2f1346d0b4327cbb66d58fffbcc9b2b05c,20260801,16384,original,original,0,0.1,0.2,0.6,0.8,0,510,16.17,1,ok
285,front,gemma4:12b,4eb23ef187e2c5462566d6a1d3bbbc2f1346d0b4327cbb66d58fffbcc9b2b05c,20260801,16384,original,original,0,0.1,0.2,0.5,0.6,0,599,16.47,1,ok
285,second,gemma4:12b,4eb23ef187e2c5462566d6a1d3bbbc2f1346d0b4327cbb66d58fffbcc9b2b05c,20260801,16384,original,original,0,0.15,0.8,0.8,0.9,0,599,16.47,1,ok
285,third,gemma4:12b,4eb23ef187e2c5462566d6a1d3bbbc2f1346d0b4327cbb66d58fffbcc9b2b05c,20260801,16384,original,original,0,0.2,0.4,0.6,0.7,0,599,16.47,1,ok
286,front,gemma4:12b,4eb23ef187e2c5462566d6a1d3bbbc2f1346d0b4327cbb66d58fffbcc9b2b05c,20260801,16384,original,original,0,0.1,0.2,0.8,0.9,0,567,16.41,1,ok
286,second,gemma4:12b,4eb23ef187e2c5462566d6a1d3bbbc2f1346d0b4327cbb66d58fffbcc9b2b05c,20260801,16384,original,original,0,0.1,0.4,0.7,0.85,0,567,16.41,1,ok
286,third,gemma4:12b,4eb23ef187e2c5462566d6a1d3bbbc2f1346d0b4327cbb66d58fffbcc9b2b05c,20260801,16384,original,original,0,0.2,0.3,0.6,0.8,0,567,16.41,1,ok
287,front,gemma4:12b,4eb23ef187e2c5462566d6a1d3bbbc2f1346d0b4327cbb66d58fffbcc9b2b05c,20260801,16384,original,original,0,0.05,0.1,0.4,0.6,0,548,16.34,1,ok
287,second,gemma4:12b,4eb23ef187e2c5462566d6a1d3bbbc2f1346d0b4327cbb66d58fffbcc9b2b05c,20260801,16384,original,original,0,0.0,0.05,0.3,0.4,0,548,16.34,1,ok
287,third,gemma4:12b,4eb23ef187e2c5462566d6a1d3bbbc2f1346d0b4327cbb66d58fffbcc9b2b05c,20260801,16384,original,original,0,0.0,0.0,0.1,0.2,0,548,16.34,1,ok
288,front,gemma4:12b,4eb23ef187e2c5462566d6a1d3bbbc2f1346d0b4327cbb66d58fffbcc9b2b05c,20260801,16384,original,original,0,0.1,0.2,0.3,0.4,0,526,16.58,1,ok
288,second,gemma4:12b,4eb23ef187e2c5462566d6a1d3bbbc2f1346d0b4327cbb66d58fffbcc9b2b05c,20260801,16384,original,original,0,0.15,0.8,0.9,0.95,0,526,16.58,1,ok
288,third,gemma4:12b,4eb23ef187e2c5462566d6a1d3bbbc2f1346d0b4327cbb66d58fffbcc9b2b05c,20260801,16384,original,original,0,0.1,0.6,0.7,0.8,0,526,16.58,1,ok
289,front,gemma4:12b,4eb23ef187e2c5462566d6a1d3bbbc2f1346d0b4327cbb66d58fffbcc9b2b05c,20260801,16384,original,original,0,0.0,1.0,0.8,0.7,0,608,16.45,1,ok
289,second,gemma4:12b,4eb23ef187e2c5462566d6a1d3bbbc2f1346d0b4327cbb66d58fffbcc9b2b05c,20260801,16384,original,original,0,0.0,0.9,0.6,0.5,0,608,16.45,1,ok
289,third,gemma4:12b,4eb23ef187e2c5462566d6a1d3bbbc2f1346d0b4327cbb66d58fffbcc9b2b05c,20260801,16384,original,original,0,0.0,1.0,0.4,0.4,0,608,16.45,1,ok
290,front,gemma4:12b,4eb23ef187e2c5462566d6a1d3bbbc2f1346d0b4327cbb66d58fffbcc9b2b05c,20260801,16384,original,original,0,0.1,0.2,0.5,0.6,0,567,16.45,1,ok
290,second,gemma4:12b,4eb23ef187e2c5462566d6a1d3bbbc2f1346d0b4327cbb66d58fffbcc9b2b05c,20260801,16384,original,original,0,0.3,0.8,0.4,0.7,0,567,16.45,1,ok
290,third,gemma4:12b,4eb23ef187e2c5462566d6a1d3bbbc2f1346d0b4327cbb66d58fffbcc9b2b05c,20260801,16384,original,original,0,0.2,0.9,0.6,0.8,0,567,16.45,1,ok
291,front,gemma4:12b,4eb23ef187e2c5462566d6a1d3bbbc2f1346d0b4327cbb66d58fffbcc9b2b05c,20260801,16384,original,original,0,0.1,0.2,0.4,0.6,0,553,16.48,1,ok
291,second,gemma4:12b,4eb23ef187e2c5462566d6a1d3bbbc2f1346d0b4327cbb66d58fffbcc9b2b05c,20260801,16384,original,original,0,0.15,0.8,0.7,0.85,0,553,16.48,1,ok
291,third,gemma4:12b,4eb23ef187e2c5462566d6a1d3bbbc2f1346d0b4327cbb66d58fffbcc9b2b05c,20260801,16384,original,original,0,0.1,0.3,0.4,0.6,0,553,16.48,1,ok
292,front,gemma4:12b,4eb23ef187e2c5462566d6a1d3bbbc2f1346d0b4327cbb66d58fffbcc9b2b05c,20260801,16384,original,original,0,0.95,0.2,0.0,0.0,0,1501,19.13,1,ok
292,second,gemma4:12b,4eb23ef187e2c5462566d6a1d3bbbc2f1346d0b4327cbb66d58fffbcc9b2b05c,20260801,16384,original,original,0,0.4,0.85,0.3,0.6,0,1501,19.13,1,ok
292,third,gemma4:12b,4eb23ef187e2c5462566d6a1d3bbbc2f1346d0b4327cbb66d58fffbcc9b2b05c,20260801,16384,original,original,0,0.5,0.7,0.1,0.4,0,1501,19.13,1,ok
293,front,gemma4:12b,4eb23ef187e2c5462566d6a1d3bbbc2f1346d0b4327cbb66d58fffbcc9b2b05c,20260801,16384,original,original,0,0.1,0.2,0.8,0.9,0,604,16.53,1,ok
293,second,gemma4:12b,4eb23ef187e2c5462566d6a1d3bbbc2f1346d0b4327cbb66d58fffbcc9b2b05c,20260801,16384,original,original,0,0.15,0.3,0.7,0.85,0,604,16.53,1,ok
293,third,gemma4:12b,4eb23ef187e2c5462566d6a1d3bbbc2f1346d0b4327cbb66d58fffbcc9b2b05c,20260801,16384,original,original,0,0.4,0.2,0.3,0.6,0,604,16.53,1,ok
294,front,gemma4:12b,4eb23ef187e2c5462566d6a1d3bbbc2f1346d0b4327cbb66d58fffbcc9b2b05c,20260801,16384,original,original,0,0.95,0.85,0.0,0.0,0,1428,19.17,1,ok
294,second,gemma4:12b,4eb23ef187e2c5462566d6a1d3bbbc2f1346d0b4327cbb66d58fffbcc9b2b05c,20260801,16384,original,original,0,0.6,0.7,0.2,0.3,0,1428,19.17,1,ok
294,third,gemma4:12b,4eb23ef187e2c5462566d6a1d3bbbc2f1346d0b4327cbb66d58fffbcc9b2b05c,20260801,16384,original,original,0,0.1,0.4,0.8,0.9,0,1428,19.17,1,ok
295,front,gemma4:12b,4eb23ef187e2c5462566d6a1d3bbbc2f1346d0b4327cbb66d58fffbcc9b2b05c,20260801,16384,original,original,0,0.1,0.2,0.3,0.4,0,585,16.29,1,ok
295,second,gemma4:12b,4eb23ef187e2c5462566d6a1d3bbbc2f1346d0b4327cbb66d58fffbcc9b2b05c,20260801,16384,original,original,0,0.3,0.8,0.5,0.6,0,585,16.29,1,ok
295,third,gemma4:12b,4eb23ef187e2c5462566d6a1d3bbbc2f1346d0b4327cbb66d58fffbcc9b2b05c,20260801,16384,original,original,0,0.4,0.7,0.2,0.5,0,585,16.29,1,ok
296,front,gemma4:12b,4eb23ef187e2c5462566d6a1d3bbbc2f1346d0b4327cbb66d58fffbcc9b2b05c,20260801,16384,original,original,0,1.0,1.0,0.0,0.0,0,1550,19.06,1,ok
296,second,gemma4:12b,4eb23ef187e2c5462566d6a1d3bbbc2f1346d0b4327cbb66d58fffbcc9b2b05c,20260801,16384,original,original,0,0.3,0.8,0.4,0.7,0,1550,19.06,1,ok
296,third,gemma4:12b,4eb23ef187e2c5462566d6a1d3bbbc2f1346d0b4327cbb66d58fffbcc9b2b05c,20260801,16384,original,original,0,0.2,0.6,0.3,0.8,0,1550,19.06,1,ok
297,front,gemma4:12b,4eb23ef187e2c5462566d6a1d3bbbc2f1346d0b4327cbb66d58fffbcc9b2b05c,20260801,16384,original,original,0,0.0,1.0,0.5,0.8,0,508,16.34,1,ok
297,second,gemma4:12b,4eb23ef187e2c5462566d6a1d3bbbc2f1346d0b4327cbb66d58fffbcc9b2b05c,20260801,16384,original,original,0,0.0,1.0,0.7,0.9,0,508,16.34,1,ok
297,third,gemma4:12b,4eb23ef187e2c5462566d6a1d3bbbc2f1346d0b4327cbb66d58fffbcc9b2b05c,20260801,16384,original,original,0,0.0,1.0,0.8,0.9,0,508,16.34,1,ok
298,front,gemma4:12b,4eb23ef187e2c5462566d6a1d3bbbc2f1346d0b4327cbb66d58fffbcc9b2b05c,20260801,16384,original,original,0,0.1,0.2,0.8,0.9,0,588,16.63,1,ok
298,second,gemma4:12b,4eb23ef187e2c5462566d6a1d3bbbc2f1346d0b4327cbb66d58fffbcc9b2b05c,20260801,16384,original,original,0,0.3,0.8,0.6,0.7,0,588,16.63,1,ok
298,third,gemma4:12b,4eb23ef187e2c5462566d6a1d3bbbc2f1346d0b4327cbb66d58fffbcc9b2b05c,20260801,16384,original,original,0,0.4,0.5,0.4,0.6,0,588,16.63,1,ok
299,front,gemma4:12b,4eb23ef187e2c5462566d6a1d3bbbc2f1346d0b4327cbb66d58fffbcc9b2b05c,20260801,16384,original,original,0,0.0,0.0,1.0,1.0,0,488,16.41,1,ok
299,second,gemma4:12b,4eb23ef187e2c5462566d6a1d3bbbc2f1346d0b4327cbb66d58fffbcc9b2b05c,20260801,16384,original,original,0,0.0,0.2,0.8,0.9,0,488,16.41,1,ok
299,third,gemma4:12b,4eb23ef187e2c5462566d6a1d3bbbc2f1346d0b4327cbb66d58fffbcc9b2b05c,20260801,16384,original,original,0,0.0,0.1,0.5,0.7,0,488,16.41,1,ok
300,front,gemma4:12b,4eb23ef187e2c5462566d6a1d3bbbc2f1346d0b4327cbb66d58fffbcc9b2b05c,20260801,16384,original,original,0,0.05,0.1,0.8,0.9,0,508,15.82,1,ok
300,second,gemma4:12b,4eb23ef187e2c5462566d6a1d3bbbc2f1346d0b4327cbb66d58fffbcc9b2b05c,20260801,16384,original,original,0,0.05,0.2,0.7,0.85,0,508,15.82,1,ok
300,third,gemma4:12b,4eb23ef187e2c5462566d6a1d3bbbc2f1346d0b4327cbb66d58fffbcc9b2b05c,20260801,16384,original,original,0,0.05,0.1,0.6,0.8,0,508,15.82,1,ok
301,front,gemma4:12b,4eb23ef187e2c5462566d6a1d3bbbc2f1346d0b4327cbb66d58fffbcc9b2b05c,20260801,16384,original,original,0,0.95,0.2,0.0,0.0,0,1583,18.14,1,ok
301,second,gemma4:12b,4eb23ef187e2c5462566d6a1d3bbbc2f1346d0b4327cbb66d58fffbcc9b2b05c,20260801,16384,original,original,0,0.4,0.85,0.6,0.7,0,1583,18.14,1,ok
301,third,gemma4:12b,4eb23ef187e2c5462566d6a1d3bbbc2f1346d0b4327cbb66d58fffbcc9b2b05c,20260801,16384,original,original,0,0.3,0.7,0.4,0.6,0,1583,18.14,1,ok
302,front,gemma4:12b,4eb23ef187e2c5462566d6a1d3bbbc2f1346d0b4327cbb66d58fffbcc9b2b05c,20260801,16384,original,original,0,,,,,0,1399,19.84,1,missing_keys
302,second,gemma4:12b,4eb23ef187e2c5462566d6a1d3bbbc2f1346d0b4327cbb66d58fffbcc9b2b05c,20260801,16384,original,original,0,,,,,0,1399,19.84,1,missing_keys
302,third,gemma4:12b,4eb23ef187e2c5462566d6a1d3bbbc2f1346d0b4327cbb66d58fffbcc9b2b05c,20260801,16384,original,original,0,,,,,0,1399,19.84,1,missing_keys
303,front,gemma4:12b,4eb23ef187e2c5462566d6a1d3bbbc2f1346d0b4327cbb66d58fffbcc9b2b05c,20260801,16384,original,original,0,0.05,0.1,0.4,0.6,0,545,15.6,1,ok
303,second,gemma4:12b,4eb23ef187e2c5462566d6a1d3bbbc2f1346d0b4327cbb66d58fffbcc9b2b05c,20260801,16384,original,original,0,0.0,0.05,0.3,0.4,0,545,15.6,1,ok
303,third,gemma4:12b,4eb23ef187e2c5462566d6a1d3bbbc2f1346d0b4327cbb66d58fffbcc9b2b05c,20260801,16384,original,original,0,0.0,0.0,0.1,0.2,0,545,15.6,1,ok
304,front,gemma4:12b,4eb23ef187e2c5462566d6a1d3bbbc2f1346d0b4327cbb66d58fffbcc9b2b05c,20260801,16384,original,original,0,0.95,0.8,0.0,0.0,0,1655,18.72,1,ok
304,second,gemma4:12b,4eb23ef187e2c5462566d6a1d3bbbc2f1346d0b4327cbb66d58fffbcc9b2b05c,20260801,16384,original,original,0,0.4,0.9,0.3,0.6,0,1655,18.72,1,ok
304,third,gemma4:12b,4eb23ef187e2c5462566d6a1d3bbbc2f1346d0b4327cbb66d58fffbcc9b2b05c,20260801,16384,original,original,0,0.1,0.2,0.5,0.9,0,1655,18.72,1,ok
305,front,gemma4:12b,4eb23ef187e2c5462566d6a1d3bbbc2f1346d0b4327cbb66d58fffbcc9b2b05c,20260801,16384,original,original,0,0.1,0.0,0.8,0.9,0,496,16.22,1,ok
305,second,gemma4:12b,4eb23ef187e2c5462566d6a1d3bbbc2f1346d0b4327cbb66d58fffbcc9b2b05c,20260801,16384,original,original,0,0.1,0.2,0.4,0.6,0,496,16.22,1,ok
305,third,gemma4:12b,4eb23ef187e2c5462566d6a1d3bbbc2f1346d0b4327cbb66d58fffbcc9b2b05c,20260801,16384,original,original,0,0.1,0.0,0.3,0.5,0,496,16.22,1,ok
306,front,gemma4:12b,4eb23ef187e2c5462566d6a1d3bbbc2f1346d0b4327cbb66d58fffbcc9b2b05c,20260801,16384,original,original,0,0.0,0.0,0.5,0.8,0,522,15.49,1,ok
306,second,gemma4:12b,4eb23ef187e2c5462566d6a1d3bbbc2f1346d0b4327cbb66d58fffbcc9b2b05c,20260801,16384,original,original,0,0.1,0.9,0.7,0.6,0,522,15.49,1,ok
306,third,gemma4:12b,4eb23ef187e2c5462566d6a1d3bbbc2f1346d0b4327cbb66d58fffbcc9b2b05c,20260801,16384,original,original,0,0.2,0.4,0.3,0.5,0,522,15.49,1,ok
307,front,gemma4:12b,4eb23ef187e2c5462566d6a1d3bbbc2f1346d0b4327cbb66d58fffbcc9b2b05c,20260801,16384,original,original,0,0.95,0.8,0.1,0.2,0,1611,18.82,1,ok
307,second,gemma4:12b,4eb23ef187e2c5462566d6a1d3bbbc2f1346d0b4327cbb66d58fffbcc9b2b05c,20260801,16384,original,original,0,0.3,0.9,0.4,0.85,0,1611,18.82,1,ok
307,third,gemma4:12b,4eb23ef187e2c5462566d6a1d3bbbc2f1346d0b4327cbb66d58fffbcc9b2b05c,20260801,16384,original,original,0,0.2,0.7,0.3,0.9,0,1611,18.82,1,ok
308,front,gemma4:12b,4eb23ef187e2c5462566d6a1d3bbbc2f1346d0b4327cbb66d58fffbcc9b2b05c,20260801,16384,original,original,0,0.95,0.8,0.0,0.0,0,1374,18.9,1,ok
308,second,gemma4:12b,4eb23ef187e2c5462566d6a1d3bbbc2f1346d0b4327cbb66d58fffbcc9b2b05c,20260801,16384,original,original,0,0.4,0.9,0.3,0.6,0,1374,18.9,1,ok
308,third,gemma4:12b,4eb23ef187e2c5462566d6a1d3bbbc2f1346d0b4327cbb66d58fffbcc9b2b05c,20260801,16384,original,original,0,0.5,0.7,0.1,0.4,0,1374,18.9,1,ok
309,front,gemma4:12b,4eb23ef187e2c5462566d6a1d3bbbc2f1346d0b4327cbb66d58fffbcc9b2b05c,20260801,16384,original,original,0,0.05,0.1,0.8,0.9,0,601,14.87,1,ok
309,second,gemma4:12b,4eb23ef187e2c5462566d6a1d3bbbc2f1346d0b4327cbb66d58fffbcc9b2b05c,20260801,16384,original,original,0,0.1,0.2,0.7,0.85,0,601,14.87,1,ok
309,third,gemma4:12b,4eb23ef187e2c5462566d6a1d3bbbc2f1346d0b4327cbb66d58fffbcc9b2b05c,20260801,16384,original,original,0,0.3,0.4,0.5,0.7,0,601,14.87,1,ok
