promptid,stage,judge,digest,seed,num_ctx,FCD,FGR,FDF,ECS,clamped,approx_tokens,latency_s,attempts
0,front,llama3.1:latest,46e0c10c039e019119339687c3c1757cc81b9da49709a3b3924863ba87ca666e,20260801,16384,0.75,1.0,0.25,0.5,0,825,6.19,1
0,second,llama3.1:latest,46e0c10c039e019119339687c3c1757cc81b9da49709a3b3924863ba87ca666e,20260801,16384,0.75,1.0,0.5,1.0,0,283,2.08,1
0,third,llama3.1:latest,46e0c10c039e019119339687c3c1757cc81b9da49709a3b3924863ba87ca666e,20260801,16384,0.75,1.0,0.5,0.5,0,126,1.85,1
1,front,llama3.1:latest,46e0c10c039e019119339687c3c1757cc81b9da49709a3b3924863ba87ca666e,20260801,16384,0.75,0.88,0.0,1.0,0,598,2.67,1
1,second,llama3.1:latest,46e0c10c039e019119339687c3c1757cc81b9da49709a3b3924863ba87ca666e,20260801,16384,0.75,1.0,0.5,0.67,0,362,2.13,1
1,third,llama3.1:latest,46e0c10c039e019119339687c3c1757cc81b9da49709a3b3924863ba87ca666e,20260801,16384,0.75,1.0,0.0,1.0,0,167,2.0,1
2,front,llama3.1:latest,46e0c10c039e019119339687c3c1757cc81b9da49709a3b3924863ba87ca666e,20260801,16384,0.8,1.0,0.2,0.5,0,859,3.42,1
2,second,llama3.1:latest,46e0c10c039e019119339687c3c1757cc81b9da49709a3b3924863ba87ca666e,20260801,16384,0.75,1.0,0.5,1.0,0,286,2.15,1
2,third,llama3.1:latest,46e0c10c039e019119339687c3c1757cc81b9da49709a3b3924863ba87ca666e,20260801,16384,0.75,1.0,0.0,0.5,0,137,1.85,1
3,front,llama3.1:latest,46e0c10c039e019119339687c3c1757cc81b9da49709a3b3924863ba87ca666e,20260801,16384,0.75,1.0,0.25,0.5,0,945,3.66,1
3,second,llama3.1:latest,46e0c10c039e019119339687c3c1757cc81b9da49709a3b3924863ba87ca666e,20260801,16384,0.75,1.0,0.5,0.75,0,317,2.11,1
3,third,llama3.1:latest,46e0c10c039e019119339687c3c1757cc81b9da49709a3b3924863ba87ca666e,20260801,16384,0.75,1.0,0.0,0.5,0,132,1.93,1
4,front,llama3.1:latest,46e0c10c039e019119339687c3c1757cc81b9da49709a3b3924863ba87ca666e,20260801,16384,0.75,0.88,0.0,1.0,0,768,3.08,1
4,second,llama3.1:latest,46e0c10c039e019119339687c3c1757cc81b9da49709a3b3924863ba87ca666e,20260801,16384,0.75,1.0,0.5,0.75,0,355,2.12,1
4,third,llama3.1:latest,46e0c10c039e019119339687c3c1757cc81b9da49709a3b3924863ba87ca666e,20260801,16384,0.75,1.0,0.0,0.5,0,122,1.94,1
5,front,llama3.1:latest,46e0c10c039e019119339687c3c1757cc81b9da49709a3b3924863ba87ca666e,20260801,16384,0.75,0.88,0.25,0.67,0,796,2.99,1
5,second,llama3.1:latest,46e0c10c039e019119339687c3c1757cc81b9da49709a3b3924863ba87ca666e,20260801,16384,0.75,0.25,1.0,0.5,0,291,2.07,1
5,third,llama3.1:latest,46e0c10c039e019119339687c3c1757cc81b9da49709a3b3924863ba87ca666e,20260801,16384,0.25,0.5,0.0,1.0,0,110,1.87,1
6,front,llama3.1:latest,46e0c10c039e019119339687c3c1757cc81b9da49709a3b3924863ba87ca666e,20260801,16384,0.75,1.0,0.25,0.5,0,949,3.62,1
6,second,llama3.1:latest,46e0c10c039e019119339687c3c1757cc81b9da49709a3b3924863ba87ca666e,20260801,16384,0.75,1.0,0.5,0.67,0,358,2.22,1
6,third,llama3.1:latest,46e0c10c039e019119339687c3c1757cc81b9da49709a3b3924863ba87ca666e,20260801,16384,0.75,1.0,0.0,0.5,0,154,1.92,1
7,front,llama3.1:latest,46e0c10c039e019119339687c3c1757cc81b9da49709a3b3924863ba87ca666e,20260801,16384,0.83,1.0,0.0,1.0,0,1172,4.27,1
7,second,llama3.1:latest,46e0c10c039e019119339687c3c1757cc81b9da49709a3b3924863ba87ca666e,20260801,16384,0.75,1.0,0.5,0.75,0,341,2.12,1
7,third,llama3.1:latest,46e0c10c039e019119339687c3c1757cc81b9da49709a3b3924863ba87ca666e,20260801,16384,0.75,1.0,0.0,0.5,0,112,1.9,1
8,front,llama3.1:latest,46e0c10c039e019119339687c3c1757cc81b9da49709a3b3924863ba87ca666e,20260801,16384,0.75,0.88,0.0,1.0,0,757,2.68,1
8,second,llama3.1:latest,46e0c10c039e019119339687c3c1757cc81b9da49709a3b3924863ba87ca666e,20260801,16384,0.75,0.5,1.0,0.75,0,403,2.13,1
8,third,llama3.1:latest,46e0c10c039e019119339687c3c1757cc81b9da49709a3b3924863ba87ca666e,20260801,16384,0.25,0.0,0.0,0.5,0,173,1.89,1
9,front,llama3.1:latest,46e0c10c039e019119339687c3c1757cc81b9da49709a3b3924863ba87ca666e,20260801,16384,0.75,1.0,0.0,0.5,0,775,3.02,1
9,second,llama3.1:latest,46e0c10c039e019119339687c3c1757cc81b9da49709a3b3924863ba87ca666e,20260801,16384,0.75,1.0,0.5,0.67,0,297,2.1,1
9,third,llama3.1:latest,46e0c10c039e019119339687c3c1757cc81b9da49709a3b3924863ba87ca666e,20260801,16384,0.75,1.0,0.25,0.5,0,133,1.86,1
10,front,llama3.1:latest,46e0c10c039e019119339687c3c1757cc81b9da49709a3b3924863ba87ca666e,20260801,16384,0.75,1.0,0.25,0.5,0,953,3.8,1
10,second,llama3.1:latest,46e0c10c039e019119339687c3c1757cc81b9da49709a3b3924863ba87ca666e,20260801,16384,0.75,1.0,0.0,0.5,0,242,2.08,1
10,third,llama3.1:latest,46e0c10c039e019119339687c3c1757cc81b9da49709a3b3924863ba87ca666e,20260801,16384,0.25,1.0,0.5,0.75,0,120,1.93,1
11,front,llama3.1:latest,46e0c10c039e019119339687c3c1757cc81b9da49709a3b3924863ba87ca666e,20260801,16384,0.75,1.0,0.25,0.5,0,718,2.98,1
11,second,llama3.1:latest,46e0c10c039e019119339687c3c1757cc81b9da49709a3b3924863ba87ca666e,20260801,16384,0.75,0.5,0.25,1.0,0,297,2.11,1
11,third,llama3.1:latest,46e0c10c039e019119339687c3c1757cc81b9da49709a3b3924863ba87ca666e,20260801,16384,0.75,0.25,1.0,0.5,0,163,1.88,1
12,front,llama3.1:latest,46e0c10c039e019119339687c3c1757cc81b9da49709a3b3924863ba87ca666e,20260801,16384,0.75,0.88,0.0,0.67,0,843,3.86,1
12,second,llama3.1:latest,46e0c10c039e019119339687c3c1757cc81b9da49709a3b3924863ba87ca666e,20260801,16384,0.75,1.0,0.5,0.75,0,458,2.38,1
12,third,llama3.1:latest,46e0c10c039e019119339687c3c1757cc81b9da49709a3b3924863ba87ca666e,20260801,16384,0.75,0.25,0.0,1.0,0,195,1.96,1
13,front,llama3.1:latest,46e0c10c039e019119339687c3c1757cc81b9da49709a3b3924863ba87ca666e,20260801,16384,0.85,0.65,0.15,0.75,0,526,2.71,1
13,second,llama3.1:latest,46e0c10c039e019119339687c3c1757cc81b9da49709a3b3924863ba87ca666e,20260801,16384,0.75,0.5,1.0,0.8,0,382,2.34,1
13,third,llama3.1:latest,46e0c10c039e019119339687c3c1757cc81b9da49709a3b3924863ba87ca666e,20260801,16384,0.75,0.25,1.0,0.5,0,200,2.17,1
14,front,llama3.1:latest,46e0c10c039e019119339687c3c1757cc81b9da49709a3b3924863ba87ca666e,20260801,16384,0.0,1.0,1.0,1.0,0,73,1.98,1
14,second,llama3.1:latest,46e0c10c039e019119339687c3c1757cc81b9da49709a3b3924863ba87ca666e,20260801,16384,0.25,1.0,0.5,0.75,0,231,2.15,1
14,third,llama3.1:latest,46e0c10c039e019119339687c3c1757cc81b9da49709a3b3924863ba87ca666e,20260801,16384,0.0,0.0,1.0,1.0,0,62,2.09,1
15,front,llama3.1:latest,46e0c10c039e019119339687c3c1757cc81b9da49709a3b3924863ba87ca666e,20260801,16384,0.85,1.0,0.25,0.75,0,658,2.75,1
15,second,llama3.1:latest,46e0c10c039e019119339687c3c1757cc81b9da49709a3b3924863ba87ca666e,20260801,16384,0.25,1.0,0.75,0.5,0,366,2.2,1
15,third,llama3.1:latest,46e0c10c039e019119339687c3c1757cc81b9da49709a3b3924863ba87ca666e,20260801,16384,0.75,0.25,0.0,1.0,0,123,1.92,1
16,front,llama3.1:latest,46e0c10c039e019119339687c3c1757cc81b9da49709a3b3924863ba87ca666e,20260801,16384,0.75,1.0,0.5,1.0,0,350,2.3,1
16,second,llama3.1:latest,46e0c10c039e019119339687c3c1757cc81b9da49709a3b3924863ba87ca666e,20260801,16384,0.75,1.0,0.5,0.67,0,326,2.11,1
16,third,llama3.1:latest,46e0c10c039e019119339687c3c1757cc81b9da49709a3b3924863ba87ca666e,20260801,16384,1.0,0.75,0.5,1.0,0,139,1.93,1
17,front,llama3.1:latest,46e0c10c039e019119339687c3c1757cc81b9da49709a3b3924863ba87ca666e,20260801,16384,0.95,0.85,0.05,0.75,0,610,2.65,1
17,second,llama3.1:latest,46e0c10c039e019119339687c3c1757cc81b9da49709a3b3924863ba87ca666e,20260801,16384,0.75,0.25,1.0,0.5,0,414,2.36,1
17,third,llama3.1:latest,46e0c10c039e019119339687c3c1757cc81b9da49709a3b3924863ba87ca666e,20260801,16384,0.75,0.25,0.0,1.0,0,150,1.88,1
18,front,llama3.1:latest,46e0c10c039e019119339687c3c1757cc81b9da49709a3b3924863ba87ca666e,20260801,16384,0.85,1.0,0.2,0.75,0,751,3.03,1
18,second,llama3.1:latest,46e0c10c039e019119339687c3c1757cc81b9da49709a3b3924863ba87ca666e,20260801,16384,0.75,1.0,0.5,1.0,0,368,2.17,1
18,third,llama3.1:latest,46e0c10c039e019119339687c3c1757cc81b9da49709a3b3924863ba87ca666e,20260801,16384,0.75,1.0,0.5,1.0,0,136,1.9,1
19,front,llama3.1:latest,46e0c10c039e019119339687c3c1757cc81b9da49709a3b3924863ba87ca666e,20260801,16384,0.75,1.0,0.0,0.5,0,296,2.13,1
19,second,llama3.1:latest,46e0c10c039e019119339687c3c1757cc81b9da49709a3b3924863ba87ca666e,20260801,16384,0.75,1.0,0.0,1.0,0,249,2.1,1
19,third,llama3.1:latest,46e0c10c039e019119339687c3c1757cc81b9da49709a3b3924863ba87ca666e,20260801,16384,0.75,0.25,0.0,1.0,0,148,1.93,1
20,front,llama3.1:latest,46e0c10c039e019119339687c3c1757cc81b9da49709a3b3924863ba87ca666e,20260801,16384,0.8,1.0,0.5,1.0,0,421,2.35,1
20,second,llama3.1:latest,46e0c10c039e019119339687c3c1757cc81b9da49709a3b3924863ba87ca666e,20260801,16384,0.75,1.0,0.5,1.0,0,250,2.16,1
20,third,llama3.1:latest,46e0c10c039e019119339687c3c1757cc81b9da49709a3b3924863ba87ca666e,20260801,16384,1.0,0.0,0.0,1.0,0,154,1.9,1
21,front,llama3.1:latest,46e0c10c039e019119339687c3c1757cc81b9da49709a3b3924863ba87ca666e,20260801,16384,0.85,0.65,1.0,0.9,0,619,2.59,1
21,second,llama3.1:latest,46e0c10c039e019119339687c3c1757cc81b9da49709a3b3924863ba87ca666e,20260801,16384,0.75,1.0,0.5,1.0,0,279,2.1,1
21,third,llama3.1:latest,46e0c10c039e019119339687c3c1757cc81b9da49709a3b3924863ba87ca666e,20260801,16384,0.75,0.25,0.0,1.0,0,168,1.94,1
22,front,llama3.1:latest,46e0c10c039e019119339687c3c1757cc81b9da49709a3b3924863ba87ca666e,20260801,16384,0.85,0.65,0.25,0.75,0,507,2.36,1
22,second,llama3.1:latest,46e0c10c039e019119339687c3c1757cc81b9da49709a3b3924863ba87ca666e,20260801,16384,0.75,0.88,1.0,0.5,0,356,2.15,1
22,third,llama3.1:latest,46e0c10c039e019119339687c3c1757cc81b9da49709a3b3924863ba87ca666e,20260801,16384,0.75,0.67,0.33,1.0,0,196,1.93,1
23,front,llama3.1:latest,46e0c10c039e019119339687c3c1757cc81b9da49709a3b3924863ba87ca666e,20260801,16384,0.9,0.8,1.0,0.5,0,294,2.15,1
23,second,llama3.1:latest,46e0c10c039e019119339687c3c1757cc81b9da49709a3b3924863ba87ca666e,20260801,16384,0.75,1.0,0.5,0.75,0,256,2.17,1
23,third,llama3.1:latest,46e0c10c039e019119339687c3c1757cc81b9da49709a3b3924863ba87ca666e,20260801,16384,0.75,0.25,1.0,0.5,0,146,1.95,1
24,front,llama3.1:latest,46e0c10c039e019119339687c3c1757cc81b9da49709a3b3924863ba87ca666e,20260801,16384,0.75,1.0,0.25,0.5,0,713,3.19,1
24,second,llama3.1:latest,46e0c10c039e019119339687c3c1757cc81b9da49709a3b3924863ba87ca666e,20260801,16384,0.75,0.5,0.25,1.0,0,293,2.31,1
24,third,llama3.1:latest,46e0c10c039e019119339687c3c1757cc81b9da49709a3b3924863ba87ca666e,20260801,16384,0.75,0.25,1.0,0.5,0,158,2.05,1
25,front,llama3.1:latest,46e0c10c039e019119339687c3c1757cc81b9da49709a3b3924863ba87ca666e,20260801,16384,0.85,0.95,0.0,0.75,0,838,3.84,1
25,second,llama3.1:latest,46e0c10c039e019119339687c3c1757cc81b9da49709a3b3924863ba87ca666e,20260801,16384,0.85,0.95,1.0,0.9,0,453,2.41,1
25,third,llama3.1:latest,46e0c10c039e019119339687c3c1757cc81b9da49709a3b3924863ba87ca666e,20260801,16384,0.75,1.0,0.5,1.0,0,190,2.01,1
26,front,llama3.1:latest,46e0c10c039e019119339687c3c1757cc81b9da49709a3b3924863ba87ca666e,20260801,16384,0.75,1.0,0.25,0.5,0,822,3.37,1
26,second,llama3.1:latest,46e0c10c039e019119339687c3c1757cc81b9da49709a3b3924863ba87ca666e,20260801,16384,0.75,1.0,0.25,0.5,0,280,2.09,1
26,third,llama3.1:latest,46e0c10c039e019119339687c3c1757cc81b9da49709a3b3924863ba87ca666e,20260801,16384,0.75,1.0,0.0,0.5,0,123,1.89,1
27,front,llama3.1:latest,46e0c10c039e019119339687c3c1757cc81b9da49709a3b3924863ba87ca666e,20260801,16384,0.75,0.88,0.0,1.0,0,595,2.67,1
27,second,llama3.1:latest,46e0c10c039e019119339687c3c1757cc81b9da49709a3b3924863ba87ca666e,20260801,16384,0.75,1.0,0.5,0.75,0,359,2.11,1
27,third,llama3.1:latest,46e0c10c039e019119339687c3c1757cc81b9da49709a3b3924863ba87ca666e,20260801,16384,0.75,1.0,0.0,0.5,0,164,1.88,1
28,front,llama3.1:latest,46e0c10c039e019119339687c3c1757cc81b9da49709a3b3924863ba87ca666e,20260801,16384,0.9,1.0,0.0,0.5,0,856,3.37,1
28,second,llama3.1:latest,46e0c10c039e019119339687c3c1757cc81b9da49709a3b3924863ba87ca666e,20260801,16384,0.75,1.0,0.5,0.75,0,283,2.07,1
28,third,llama3.1:latest,46e0c10c039e019119339687c3c1757cc81b9da49709a3b3924863ba87ca666e,20260801,16384,0.75,1.0,0.5,0.25,0,134,1.86,1
29,front,llama3.1:latest,46e0c10c039e019119339687c3c1757cc81b9da49709a3b3924863ba87ca666e,20260801,16384,0.75,1.0,0.0,0.5,0,942,3.74,1
29,second,llama3.1:latest,46e0c10c039e019119339687c3c1757cc81b9da49709a3b3924863ba87ca666e,20260801,16384,0.75,1.0,0.5,0.67,0,314,2.1,1
29,third,llama3.1:latest,46e0c10c039e019119339687c3c1757cc81b9da49709a3b3924863ba87ca666e,20260801,16384,0.75,1.0,0.0,0.5,0,129,1.88,1
30,front,llama3.1:latest,46e0c10c039e019119339687c3c1757cc81b9da49709a3b3924863ba87ca666e,20260801,16384,0.85,0.35,0.0,0.2,0,765,2.95,1
30,second,llama3.1:latest,46e0c10c039e019119339687c3c1757cc81b9da49709a3b3924863ba87ca666e,20260801,16384,0.75,1.0,0.5,0.75,0,352,2.08,1
30,third,llama3.1:latest,46e0c10c039e019119339687c3c1757cc81b9da49709a3b3924863ba87ca666e,20260801,16384,0.75,0.25,0.0,0.5,0,119,1.85,1
31,front,llama3.1:latest,46e0c10c039e019119339687c3c1757cc81b9da49709a3b3924863ba87ca666e,20260801,16384,0.85,0.65,0.05,0.75,0,793,2.98,1
31,second,llama3.1:latest,46e0c10c039e019119339687c3c1757cc81b9da49709a3b3924863ba87ca666e,20260801,16384,0.75,1.0,0.5,0.75,0,288,2.05,1
31,third,llama3.1:latest,46e0c10c039e019119339687c3c1757cc81b9da49709a3b3924863ba87ca666e,20260801,16384,0.75,0.25,0.0,1.0,0,107,1.86,1
32,front,llama3.1:latest,46e0c10c039e019119339687c3c1757cc81b9da49709a3b3924863ba87ca666e,20260801,16384,0.75,1.0,0.25,0.5,0,946,3.71,1
32,second,llama3.1:latest,46e0c10c039e019119339687c3c1757cc81b9da49709a3b3924863ba87ca666e,20260801,16384,0.75,1.0,0.5,0.25,0,355,2.1,1
32,third,llama3.1:latest,46e0c10c039e019119339687c3c1757cc81b9da49709a3b3924863ba87ca666e,20260801,16384,0.75,0.25,0.0,0.5,0,151,1.86,1
33,front,llama3.1:latest,46e0c10c039e019119339687c3c1757cc81b9da49709a3b3924863ba87ca666e,20260801,16384,0.85,1.0,0.0,0.5,0,1169,4.17,1
33,second,llama3.1:latest,46e0c10c039e019119339687c3c1757cc81b9da49709a3b3924863ba87ca666e,20260801,16384,0.75,1.0,0.5,0.75,0,338,2.1,1
33,third,llama3.1:latest,46e0c10c039e019119339687c3c1757cc81b9da49709a3b3924863ba87ca666e,20260801,16384,0.75,0.25,0.0,1.0,0,109,1.84,1
34,front,llama3.1:latest,46e0c10c039e019119339687c3c1757cc81b9da49709a3b3924863ba87ca666e,20260801,16384,0.75,0.88,0.0,1.0,0,754,2.58,1
34,second,llama3.1:latest,46e0c10c039e019119339687c3c1757cc81b9da49709a3b3924863ba87ca666e,20260801,16384,0.75,0.5,1.0,0.75,0,400,2.07,1
34,third,llama3.1:latest,46e0c10c039e019119339687c3c1757cc81b9da49709a3b3924863ba87ca666e,20260801,16384,0.75,0.25,0.0,1.0,0,170,1.85,1
35,front,llama3.1:latest,46e0c10c039e019119339687c3c1757cc81b9da49709a3b3924863ba87ca666e,20260801,16384,0.75,1.0,0.0,0.5,0,772,2.96,1
35,second,llama3.1:latest,46e0c10c039e019119339687c3c1757cc81b9da49709a3b3924863ba87ca666e,20260801,16384,0.75,1.0,0.25,0.5,0,294,2.08,1
35,third,llama3.1:latest,46e0c10c039e019119339687c3c1757cc81b9da49709a3b3924863ba87ca666e,20260801,16384,1.0,1.0,0.5,1.0,0,130,1.86,1
36,front,llama3.1:latest,46e0c10c039e019119339687c3c1757cc81b9da49709a3b3924863ba87ca666e,20260801,16384,0.8,1.0,0.0,0.5,0,950,3.71,1
36,second,llama3.1:latest,46e0c10c039e019119339687c3c1757cc81b9da49709a3b3924863ba87ca666e,20260801,16384,0.75,1.0,0.0,0.5,0,239,2.03,1
36,third,llama3.1:latest,46e0c10c039e019119339687c3c1757cc81b9da49709a3b3924863ba87ca666e,20260801,16384,0.75,1.0,0.0,0.5,0,117,1.83,1
37,front,llama3.1:latest,46e0c10c039e019119339687c3c1757cc81b9da49709a3b3924863ba87ca666e,20260801,16384,0.75,1.0,0.25,0.5,0,715,2.92,1
37,second,llama3.1:latest,46e0c10c039e019119339687c3c1757cc81b9da49709a3b3924863ba87ca666e,20260801,16384,0.75,0.5,1.0,0.75,0,294,2.04,1
37,third,llama3.1:latest,46e0c10c039e019119339687c3c1757cc81b9da49709a3b3924863ba87ca666e,20260801,16384,0.75,0.25,1.0,0.5,0,160,1.85,1
38,front,llama3.1:latest,46e0c10c039e019119339687c3c1757cc81b9da49709a3b3924863ba87ca666e,20260801,16384,0.85,0.95,0.0,0.75,0,840,3.67,1
38,second,llama3.1:latest,46e0c10c039e019119339687c3c1757cc81b9da49709a3b3924863ba87ca666e,20260801,16384,0.85,0.95,0.05,1.0,0,455,2.29,1
38,third,llama3.1:latest,46e0c10c039e019119339687c3c1757cc81b9da49709a3b3924863ba87ca666e,20260801,16384,0.75,0.25,0.0,1.0,0,192,1.87,1
39,front,llama3.1:latest,46e0c10c039e019119339687c3c1757cc81b9da49709a3b3924863ba87ca666e,20260801,16384,0.75,0.25,0.0,0.5,0,390,2.24,1
39,second,llama3.1:latest,46e0c10c039e019119339687c3c1757cc81b9da49709a3b3924863ba87ca666e,20260801,16384,0.75,0.25,1.0,0.5,0,347,2.07,1
39,third,llama3.1:latest,46e0c10c039e019119339687c3c1757cc81b9da49709a3b3924863ba87ca666e,20260801,16384,0.75,0.25,0.0,0.5,0,116,1.85,1
40,front,llama3.1:latest,46e0c10c039e019119339687c3c1757cc81b9da49709a3b3924863ba87ca666e,20260801,16384,0.85,0.65,0.0,0.75,0,643,2.62,1
40,second,llama3.1:latest,46e0c10c039e019119339687c3c1757cc81b9da49709a3b3924863ba87ca666e,20260801,16384,0.75,1.0,0.5,0.25,0,335,2.07,1
40,third,llama3.1:latest,46e0c10c039e019119339687c3c1757cc81b9da49709a3b3924863ba87ca666e,20260801,16384,0.75,1.0,0.5,1.0,0,148,1.85,1
41,front,llama3.1:latest,46e0c10c039e019119339687c3c1757cc81b9da49709a3b3924863ba87ca666e,20260801,16384,0.9,1.0,0.0,0.5,0,856,3.36,1
41,second,llama3.1:latest,46e0c10c039e019119339687c3c1757cc81b9da49709a3b3924863ba87ca666e,20260801,16384,0.75,1.0,0.5,1.0,0,284,2.04,1
41,third,llama3.1:latest,46e0c10c039e019119339687c3c1757cc81b9da49709a3b3924863ba87ca666e,20260801,16384,0.75,1.0,0.5,0.5,0,135,1.86,1
42,front,llama3.1:latest,46e0c10c039e019119339687c3c1757cc81b9da49709a3b3924863ba87ca666e,20260801,16384,0.85,0.65,0.0,1.0,0,497,2.29,1
42,second,llama3.1:latest,46e0c10c039e019119339687c3c1757cc81b9da49709a3b3924863ba87ca666e,20260801,16384,0.75,1.0,0.5,0.25,0,361,2.08,1
42,third,llama3.1:latest,46e0c10c039e019119339687c3c1757cc81b9da49709a3b3924863ba87ca666e,20260801,16384,0.75,1.0,0.0,0.5,0,129,1.85,1
43,front,llama3.1:latest,46e0c10c039e019119339687c3c1757cc81b9da49709a3b3924863ba87ca666e,20260801,16384,0.9,0.6,0.0,1.0,0,377,2.26,1
43,second,llama3.1:latest,46e0c10c039e019119339687c3c1757cc81b9da49709a3b3924863ba87ca666e,20260801,16384,0.75,1.0,0.25,0.5,0,251,2.02,1
43,third,llama3.1:latest,46e0c10c039e019119339687c3c1757cc81b9da49709a3b3924863ba87ca666e,20260801,16384,0.75,0.25,0.0,1.0,0,102,1.84,1
44,front,llama3.1:latest,46e0c10c039e019119339687c3c1757cc81b9da49709a3b3924863ba87ca666e,20260801,16384,0.85,0.65,0.05,0.75,0,794,2.97,1
44,second,llama3.1:latest,46e0c10c039e019119339687c3c1757cc81b9da49709a3b3924863ba87ca666e,20260801,16384,0.75,1.0,0.5,0.25,0,289,2.05,1
44,third,llama3.1:latest,46e0c10c039e019119339687c3c1757cc81b9da49709a3b3924863ba87ca666e,20260801,16384,0.75,0.25,0.0,1.0,0,108,1.85,1
45,front,llama3.1:latest,46e0c10c039e019119339687c3c1757cc81b9da49709a3b3924863ba87ca666e,20260801,16384,0.75,0.25,0.0,1.0,0,394,2.24,1
45,second,llama3.1:latest,46e0c10c039e019119339687c3c1757cc81b9da49709a3b3924863ba87ca666e,20260801,16384,0.25,1.0,0.5,0.75,0,270,2.05,1
45,third,llama3.1:latest,46e0c10c039e019119339687c3c1757cc81b9da49709a3b3924863ba87ca666e,20260801,16384,0.25,0.0,0.0,1.0,0,156,1.88,1
46,front,llama3.1:latest,46e0c10c039e019119339687c3c1757cc81b9da49709a3b3924863ba87ca666e,20260801,16384,0.9,0.2,0.0,1.0,0,426,2.26,1
46,second,llama3.1:latest,46e0c10c039e019119339687c3c1757cc81b9da49709a3b3924863ba87ca666e,20260801,16384,0.75,1.0,0.0,0.5,0,259,2.04,1
46,third,llama3.1:latest,46e0c10c039e019119339687c3c1757cc81b9da49709a3b3924863ba87ca666e,20260801,16384,0.75,0.0,0.0,1.0,0,140,1.86,1
47,front,llama3.1:latest,46e0c10c039e019119339687c3c1757cc81b9da49709a3b3924863ba87ca666e,20260801,16384,0.75,0.25,0.0,1.0,0,564,2.53,1
47,second,llama3.1:latest,46e0c10c039e019119339687c3c1757cc81b9da49709a3b3924863ba87ca666e,20260801,16384,0.75,0.25,1.0,0.5,0,250,2.02,1
47,third,llama3.1:latest,46e0c10c039e019119339687c3c1757cc81b9da49709a3b3924863ba87ca666e,20260801,16384,0.75,0.25,0.0,1.0,0,118,1.84,1
48,front,llama3.1:latest,46e0c10c039e019119339687c3c1757cc81b9da49709a3b3924863ba87ca666e,20260801,16384,0.9,0.8,0.0,0.6,0,534,2.28,1
48,second,llama3.1:latest,46e0c10c039e019119339687c3c1757cc81b9da49709a3b3924863ba87ca666e,20260801,16384,0.75,1.0,0.5,0.25,0,263,2.04,1
48,third,llama3.1:latest,46e0c10c039e019119339687c3c1757cc81b9da49709a3b3924863ba87ca666e,20260801,16384,0.75,0.0,0.0,0.25,0,117,1.86,1
49,front,llama3.1:latest,46e0c10c039e019119339687c3c1757cc81b9da49709a3b3924863ba87ca666e,20260801,16384,0.9,0.8,0.0,1.0,0,511,2.29,1
49,second,llama3.1:latest,46e0c10c039e019119339687c3c1757cc81b9da49709a3b3924863ba87ca666e,20260801,16384,0.75,0.25,1.0,0.5,0,231,2.03,1
49,third,llama3.1:latest,46e0c10c039e019119339687c3c1757cc81b9da49709a3b3924863ba87ca666e,20260801,16384,0.75,1.0,0.0,0.5,0,117,1.86,1
50,front,llama3.1:latest,46e0c10c039e019119339687c3c1757cc81b9da49709a3b3924863ba87ca666e,20260801,16384,0.75,1.0,0.25,0.5,0,715,2.96,1
50,second,llama3.1:latest,46e0c10c039e019119339687c3c1757cc81b9da49709a3b3924863ba87ca666e,20260801,16384,0.75,0.5,0.25,1.0,0,295,2.05,1
50,third,llama3.1:latest,46e0c10c039e019119339687c3c1757cc81b9da49709a3b3924863ba87ca666e,20260801,16384,0.75,0.25,1.0,0.5,0,161,1.86,1
51,front,llama3.1:latest,46e0c10c039e019119339687c3c1757cc81b9da49709a3b3924863ba87ca666e,20260801,16384,0.9,1.0,0.0,1.0,0,476,2.27,1
51,second,llama3.1:latest,46e0c10c039e019119339687c3c1757cc81b9da49709a3b3924863ba87ca666e,20260801,16384,0.75,1.0,0.25,0.5,0,302,2.05,1
51,third,llama3.1:latest,46e0c10c039e019119339687c3c1757cc81b9da49709a3b3924863ba87ca666e,20260801,16384,0.75,1.0,0.0,0.5,0,108,1.85,1
52,front,llama3.1:latest,46e0c10c039e019119339687c3c1757cc81b9da49709a3b3924863ba87ca666e,20260801,16384,0.75,1.0,0.25,0.5,0,823,3.37,1
52,second,llama3.1:latest,46e0c10c039e019119339687c3c1757cc81b9da49709a3b3924863ba87ca666e,20260801,16384,0.75,1.0,0.25,0.5,0,281,2.06,1
52,third,llama3.1:latest,46e0c10c039e019119339687c3c1757cc81b9da49709a3b3924863ba87ca666e,20260801,16384,0.75,1.0,0.0,0.5,0,125,1.86,1
53,front,llama3.1:latest,46e0c10c039e019119339687c3c1757cc81b9da49709a3b3924863ba87ca666e,20260801,16384,0.75,0.88,0.0,1.0,0,596,2.6,1
53,second,llama3.1:latest,46e0c10c039e019119339687c3c1757cc81b9da49709a3b3924863ba87ca666e,20260801,16384,0.75,1.0,0.5,0.67,0,360,2.06,1
53,third,llama3.1:latest,46e0c10c039e019119339687c3c1757cc81b9da49709a3b3924863ba87ca666e,20260801,16384,0.75,1.0,0.0,0.5,0,165,1.86,1
54,front,llama3.1:latest,46e0c10c039e019119339687c3c1757cc81b9da49709a3b3924863ba87ca666e,20260801,16384,0.9,1.0,0.0,0.5,0,857,3.35,1
54,second,llama3.1:latest,46e0c10c039e019119339687c3c1757cc81b9da49709a3b3924863ba87ca666e,20260801,16384,0.75,1.0,0.5,0.75,0,285,2.05,1
54,third,llama3.1:latest,46e0c10c039e019119339687c3c1757cc81b9da49709a3b3924863ba87ca666e,20260801,16384,0.75,1.0,0.0,0.5,0,135,1.85,1
55,front,llama3.1:latest,46e0c10c039e019119339687c3c1757cc81b9da49709a3b3924863ba87ca666e,20260801,16384,0.75,1.0,0.0,0.5,0,943,3.73,1
55,second,llama3.1:latest,46e0c10c039e019119339687c3c1757cc81b9da49709a3b3924863ba87ca666e,20260801,16384,0.75,1.0,0.5,0.67,0,315,2.09,1
55,third,llama3.1:latest,46e0c10c039e019119339687c3c1757cc81b9da49709a3b3924863ba87ca666e,20260801,16384,0.75,1.0,0.0,0.5,0,130,1.87,1
56,front,llama3.1:latest,46e0c10c039e019119339687c3c1757cc81b9da49709a3b3924863ba87ca666e,20260801,16384,0.85,0.65,0.0,1.0,0,767,2.96,1
56,second,llama3.1:latest,46e0c10c039e019119339687c3c1757cc81b9da49709a3b3924863ba87ca666e,20260801,16384,0.75,1.0,0.5,0.75,0,353,2.09,1
56,third,llama3.1:latest,46e0c10c039e019119339687c3c1757cc81b9da49709a3b3924863ba87ca666e,20260801,16384,0.75,1.0,0.0,0.5,0,121,1.84,1
57,front,llama3.1:latest,46e0c10c039e019119339687c3c1757cc81b9da49709a3b3924863ba87ca666e,20260801,16384,0.85,0.65,0.0,0.75,0,794,2.98,1
57,second,llama3.1:latest,46e0c10c039e019119339687c3c1757cc81b9da49709a3b3924863ba87ca666e,20260801,16384,0.75,1.0,0.5,0.25,0,289,2.06,1
57,third,llama3.1:latest,46e0c10c039e019119339687c3c1757cc81b9da49709a3b3924863ba87ca666e,20260801,16384,0.75,0.25,0.0,1.0,0,109,1.86,1
58,front,llama3.1:latest,46e0c10c039e019119339687c3c1757cc81b9da49709a3b3924863ba87ca666e,20260801,16384,0.75,1.0,0.0,0.5,0,947,3.7,1
58,second,llama3.1:latest,46e0c10c039e019119339687c3c1757cc81b9da49709a3b3924863ba87ca666e,20260801,16384,0.75,1.0,0.5,0.67,0,356,2.1,1
58,third,llama3.1:latest,46e0c10c039e019119339687c3c1757cc81b9da49709a3b3924863ba87ca666e,20260801,16384,0.75,1.0,0.0,0.5,0,152,1.87,1
59,front,llama3.1:latest,46e0c10c039e019119339687c3c1757cc81b9da49709a3b3924863ba87ca666e,20260801,16384,0.85,1.0,0.0,0.5,0,1170,4.27,1
59,second,llama3.1:latest,46e0c10c039e019119339687c3c1757cc81b9da49709a3b3924863ba87ca666e,20260801,16384,0.75,1.0,0.5,0.75,0,339,2.09,1
59,third,llama3.1:latest,46e0c10c039e019119339687c3c1757cc81b9da49709a3b3924863ba87ca666e,20260801,16384,0.75,1.0,0.0,0.5,0,110,1.86,1
60,front,llama3.1:latest,46e0c10c039e019119339687c3c1757cc81b9da49709a3b3924863ba87ca666e,20260801,16384,0.75,0.88,0.0,1.0,0,755,2.6,1
60,second,llama3.1:latest,46e0c10c039e019119339687c3c1757cc81b9da49709a3b3924863ba87ca666e,20260801,16384,0.75,0.5,1.0,0.75,0,401,2.08,1
60,third,llama3.1:latest,46e0c10c039e019119339687c3c1757cc81b9da49709a3b3924863ba87ca666e,20260801,16384,0.75,0.25,0.0,0.5,0,171,1.86,1
61,front,llama3.1:latest,46e0c10c039e019119339687c3c1757cc81b9da49709a3b3924863ba87ca666e,20260801,16384,0.75,1.0,0.0,0.5,0,773,2.96,1
61,second,llama3.1:latest,46e0c10c039e019119339687c3c1757cc81b9da49709a3b3924863ba87ca666e,20260801,16384,0.75,1.0,0.25,0.5,0,296,2.07,1
61,third,llama3.1:latest,46e0c10c039e019119339687c3c1757cc81b9da49709a3b3924863ba87ca666e,20260801,16384,1.0,1.0,0.0,1.0,0,131,1.86,1
62,front,llama3.1:latest,46e0c10c039e019119339687c3c1757cc81b9da49709a3b3924863ba87ca666e,20260801,16384,0.75,1.0,0.0,0.5,0,951,3.73,1
62,second,llama3.1:latest,46e0c10c039e019119339687c3c1757cc81b9da49709a3b3924863ba87ca666e,20260801,16384,0.75,1.0,0.0,0.5,0,240,2.05,1
62,third,llama3.1:latest,46e0c10c039e019119339687c3c1757cc81b9da49709a3b3924863ba87ca666e,20260801,16384,0.25,1.0,0.0,0.5,0,118,1.86,1
63,front,llama3.1:latest,46e0c10c039e019119339687c3c1757cc81b9da49709a3b3924863ba87ca666e,20260801,16384,0.75,1.0,0.25,0.5,0,716,2.95,1
63,second,llama3.1:latest,46e0c10c039e019119339687c3c1757cc81b9da49709a3b3924863ba87ca666e,20260801,16384,0.75,0.5,0.0,1.0,0,296,2.05,1
63,third,llama3.1:latest,46e0c10c039e019119339687c3c1757cc81b9da49709a3b3924863ba87ca666e,20260801,16384,0.75,1.0,0.0,0.5,0,161,1.86,1
64,front,llama3.1:latest,46e0c10c039e019119339687c3c1757cc81b9da49709a3b3924863ba87ca666e,20260801,16384,0.85,0.95,0.0,0.75,0,841,3.7,1
64,second,llama3.1:latest,46e0c10c039e019119339687c3c1757cc81b9da49709a3b3924863ba87ca666e,20260801,16384,0.75,1.0,0.5,0.67,0,456,2.28,1
64,third,llama3.1:latest,46e0c10c039e019119339687c3c1757cc81b9da49709a3b3924863ba87ca666e,20260801,16384,0.75,1.0,0.0,0.5,0,193,1.87,1
65,front,llama3.1:latest,46e0c10c039e019119339687c3c1757cc81b9da49709a3b3924863ba87ca666e,20260801,16384,0.75,1.0,0.25,0.5,0,824,3.37,1
65,second,llama3.1:latest,46e0c10c039e019119339687c3c1757cc81b9da49709a3b3924863ba87ca666e,20260801,16384,0.75,1.0,0.5,1.0,0,281,2.06,1
65,third,llama3.1:latest,46e0c10c039e019119339687c3c1757cc81b9da49709a3b3924863ba87ca666e,20260801,16384,0.75,1.0,0.5,0.5,0,125,1.86,1
66,front,llama3.1:latest,46e0c10c039e019119339687c3c1757cc81b9da49709a3b3924863ba87ca666e,20260801,16384,0.75,0.88,0.0,1.0,0,597,2.61,1
66,second,llama3.1:latest,46e0c10c039e019119339687c3c1757cc81b9da49709a3b3924863ba87ca666e,20260801,16384,0.75,1.0,0.5,0.67,0,360,2.08,1
66,third,llama3.1:latest,46e0c10c039e019119339687c3c1757cc81b9da49709a3b3924863ba87ca666e,20260801,16384,0.75,1.0,0.0,1.0,0,166,1.89,1
67,front,llama3.1:latest,46e0c10c039e019119339687c3c1757cc81b9da49709a3b3924863ba87ca666e,20260801,16384,0.75,1.0,0.25,0.5,0,796,3.35,1
67,second,llama3.1:latest,46e0c10c039e019119339687c3c1757cc81b9da49709a3b3924863ba87ca666e,20260801,16384,0.75,0.5,1.0,0.75,0,294,2.06,1
67,third,llama3.1:latest,46e0c10c039e019119339687c3c1757cc81b9da49709a3b3924863ba87ca666e,20260801,16384,0.25,1.0,0.5,0.75,0,106,1.84,1
68,front,llama3.1:latest,46e0c10c039e019119339687c3c1757cc81b9da49709a3b3924863ba87ca666e,20260801,16384,0.75,1.0,0.25,0.5,0,723,2.99,1
68,second,llama3.1:latest,46e0c10c039e019119339687c3c1757cc81b9da49709a3b3924863ba87ca666e,20260801,16384,0.75,1.0,0.5,1.0,0,254,2.06,1
68,third,llama3.1:latest,46e0c10c039e019119339687c3c1757cc81b9da49709a3b3924863ba87ca666e,20260801,16384,0.75,1.0,0.25,0.5,0,126,1.86,1
69,front,llama3.1:latest,46e0c10c039e019119339687c3c1757cc81b9da49709a3b3924863ba87ca666e,20260801,16384,0.75,1.0,0.25,0.5,0,505,2.3,1
69,second,llama3.1:latest,46e0c10c039e019119339687c3c1757cc81b9da49709a3b3924863ba87ca666e,20260801,16384,0.75,1.0,0.5,0.75,0,323,2.1,1
69,third,llama3.1:latest,46e0c10c039e019119339687c3c1757cc81b9da49709a3b3924863ba87ca666e,20260801,16384,0.75,0.25,0.0,1.0,0,161,1.88,1
70,front,llama3.1:latest,46e0c10c039e019119339687c3c1757cc81b9da49709a3b3924863ba87ca666e,20260801,16384,0.75,0.88,0.0,0.67,0,827,3.31,1
70,second,llama3.1:latest,46e0c10c039e019119339687c3c1757cc81b9da49709a3b3924863ba87ca666e,20260801,16384,0.75,0.5,1.0,0.75,0,375,2.09,1
70,third,llama3.1:latest,46e0c10c039e019119339687c3c1757cc81b9da49709a3b3924863ba87ca666e,20260801,16384,0.25,0.5,0.0,1.0,0,150,1.86,1
71,front,llama3.1:latest,46e0c10c039e019119339687c3c1757cc81b9da49709a3b3924863ba87ca666e,20260801,16384,0.85,0.65,0.15,0.95,0,945,3.32,1
71,second,llama3.1:latest,46e0c10c039e019119339687c3c1757cc81b9da49709a3b3924863ba87ca666e,20260801,16384,0.75,1.0,0.5,0.75,0,313,2.1,1
71,third,llama3.1:latest,46e0c10c039e019119339687c3c1757cc81b9da49709a3b3924863ba87ca666e,20260801,16384,0.25,0.0,1.0,0.5,0,83,1.84,1
72,front,llama3.1:latest,46e0c10c039e019119339687c3c1757cc81b9da49709a3b3924863ba87ca666e,20260801,16384,0.75,0.88,0.25,1.0,0,603,2.62,1
72,second,llama3.1:latest,46e0c10c039e019119339687c3c1757cc81b9da49709a3b3924863ba87ca666e,20260801,16384,0.75,1.0,0.5,0.75,0,304,2.08,1
72,third,llama3.1:latest,46e0c10c039e019119339687c3c1757cc81b9da49709a3b3924863ba87ca666e,20260801,16384,0.75,1.0,0.0,0.5,0,103,1.85,1
73,front,llama3.1:latest,46e0c10c039e019119339687c3c1757cc81b9da49709a3b3924863ba87ca666e,20260801,16384,0.75,0.88,0.0,1.0,0,562,2.55,1
73,second,llama3.1:latest,46e0c10c039e019119339687c3c1757cc81b9da49709a3b3924863ba87ca666e,20260801,16384,0.25,1.0,0.5,0.75,0,303,2.08,1
73,third,llama3.1:latest,46e0c10c039e019119339687c3c1757cc81b9da49709a3b3924863ba87ca666e,20260801,16384,0.75,1.0,0.0,0.5,0,112,1.84,1
74,front,llama3.1:latest,46e0c10c039e019119339687c3c1757cc81b9da49709a3b3924863ba87ca666e,20260801,16384,0.9,1.0,0.2,0.8,0,771,2.96,1
74,second,llama3.1:latest,46e0c10c039e019119339687c3c1757cc81b9da49709a3b3924863ba87ca666e,20260801,16384,0.75,1.0,0.5,0.75,0,311,2.06,1
74,third,llama3.1:latest,46e0c10c039e019119339687c3c1757cc81b9da49709a3b3924863ba87ca666e,20260801,16384,0.75,0.25,0.0,1.0,0,117,1.85,1
75,front,llama3.1:latest,46e0c10c039e019119339687c3c1757cc81b9da49709a3b3924863ba87ca666e,20260801,16384,0.75,1.0,0.25,0.5,0,951,3.72,1
75,second,llama3.1:latest,46e0c10c039e019119339687c3c1757cc81b9da49709a3b3924863ba87ca666e,20260801,16384,0.75,1.0,0.5,0.25,0,241,2.07,1
75,third,llama3.1:latest,46e0c10c039e019119339687c3c1757cc81b9da49709a3b3924863ba87ca666e,20260801,16384,0.25,1.0,0.5,0.75,0,118,1.87,1
76,front,llama3.1:latest,46e0c10c039e019119339687c3c1757cc81b9da49709a3b3924863ba87ca666e,20260801,16384,0.75,1.0,0.25,0.5,0,716,2.95,1
76,second,llama3.1:latest,46e0c10c039e019119339687c3c1757cc81b9da49709a3b3924863ba87ca666e,20260801,16384,0.75,0.5,0.25,1.0,0,296,2.06,1
76,third,llama3.1:latest,46e0c10c039e019119339687c3c1757cc81b9da49709a3b3924863ba87ca666e,20260801,16384,0.75,0.25,1.0,0.5,0,162,1.87,1
77,front,llama3.1:latest,46e0c10c039e019119339687c3c1757cc81b9da49709a3b3924863ba87ca666e,20260801,16384,0.8,1.0,0.2,0.9,0,720,2.97,1
77,second,llama3.1:latest,46e0c10c039e019119339687c3c1757cc81b9da49709a3b3924863ba87ca666e,20260801,16384,0.75,1.0,0.25,0.5,0,279,2.05,1
77,third,llama3.1:latest,46e0c10c039e019119339687c3c1757cc81b9da49709a3b3924863ba87ca666e,20260801,16384,0.75,1.0,0.0,1.0,0,158,1.86,1
78,front,llama3.1:latest,46e0c10c039e019119339687c3c1757cc81b9da49709a3b3924863ba87ca666e,20260801,16384,0.85,0.65,0.05,0.75,0,525,2.61,1
78,second,llama3.1:latest,46e0c10c039e019119339687c3c1757cc81b9da49709a3b3924863ba87ca666e,20260801,16384,0.75,0.5,1.0,0.8,0,380,2.25,1
78,third,llama3.1:latest,46e0c10c039e019119339687c3c1757cc81b9da49709a3b3924863ba87ca666e,20260801,16384,0.75,0.25,1.0,0.5,0,199,2.02,1
79,front,llama3.1:latest,46e0c10c039e019119339687c3c1757cc81b9da49709a3b3924863ba87ca666e,20260801,16384,0.0,1.0,1.0,1.0,0,72,1.85,1
79,second,llama3.1:latest,46e0c10c039e019119339687c3c1757cc81b9da49709a3b3924863ba87ca666e,20260801,16384,0.25,1.0,0.5,0.75,0,230,2.03,1
79,third,llama3.1:latest,46e0c10c039e019119339687c3c1757cc81b9da49709a3b3924863ba87ca666e,20260801,16384,0.25,0.0,1.0,0.5,0,60,1.84,1
80,front,llama3.1:latest,46e0c10c039e019119339687c3c1757cc81b9da49709a3b3924863ba87ca666e,20260801,16384,0.75,0.88,0.25,0.67,0,561,2.6,1
80,second,llama3.1:latest,46e0c10c039e019119339687c3c1757cc81b9da49709a3b3924863ba87ca666e,20260801,16384,0.75,0.25,1.0,0.5,0,310,2.05,1
80,third,llama3.1:latest,46e0c10c039e019119339687c3c1757cc81b9da49709a3b3924863ba87ca666e,20260801,16384,0.75,0.25,0.0,1.0,0,101,1.85,1
81,front,llama3.1:latest,46e0c10c039e019119339687c3c1757cc81b9da49709a3b3924863ba87ca666e,20260801,16384,0.85,0.95,0.0,1.0,0,612,2.59,1
81,second,llama3.1:latest,46e0c10c039e019119339687c3c1757cc81b9da49709a3b3924863ba87ca666e,20260801,16384,0.75,1.0,0.5,1.0,0,249,2.07,1
81,third,llama3.1:latest,46e0c10c039e019119339687c3c1757cc81b9da49709a3b3924863ba87ca666e,20260801,16384,0.75,1.0,0.25,0.5,0,122,1.87,1
82,front,llama3.1:latest,46e0c10c039e019119339687c3c1757cc81b9da49709a3b3924863ba87ca666e,20260801,16384,0.75,0.88,0.0,1.0,0,513,2.3,1
82,second,llama3.1:latest,46e0c10c039e019119339687c3c1757cc81b9da49709a3b3924863ba87ca666e,20260801,16384,0.75,1.0,0.5,1.0,0,288,2.06,1
82,third,llama3.1:latest,46e0c10c039e019119339687c3c1757cc81b9da49709a3b3924863ba87ca666e,20260801,16384,0.75,0.25,0.0,1.0,0,128,1.85,1
83,front,llama3.1:latest,46e0c10c039e019119339687c3c1757cc81b9da49709a3b3924863ba87ca666e,20260801,16384,0.9,0.8,0.6,1.0,0,556,2.57,1
83,second,llama3.1:latest,46e0c10c039e019119339687c3c1757cc81b9da49709a3b3924863ba87ca666e,20260801,16384,0.75,0.5,1.0,0.75,0,317,2.08,1
83,third,llama3.1:latest,46e0c10c039e019119339687c3c1757cc81b9da49709a3b3924863ba87ca666e,20260801,16384,0.75,0.25,0.0,1.0,0,121,1.86,1
84,front,llama3.1:latest,46e0c10c039e019119339687c3c1757cc81b9da49709a3b3924863ba87ca666e,20260801,16384,0.75,0.88,0.67,0.83,0,627,2.62,1
84,second,llama3.1:latest,46e0c10c039e019119339687c3c1757cc81b9da49709a3b3924863ba87ca666e,20260801,16384,0.75,0.5,1.0,0.75,0,318,2.1,1
84,third,llama3.1:latest,46e0c10c039e019119339687c3c1757cc81b9da49709a3b3924863ba87ca666e,20260801,16384,0.75,0.25,0.0,1.0,0,126,1.86,1
85,front,llama3.1:latest,46e0c10c039e019119339687c3c1757cc81b9da49709a3b3924863ba87ca666e,20260801,16384,0.75,1.0,0.25,0.5,0,597,2.65,1
85,second,llama3.1:latest,46e0c10c039e019119339687c3c1757cc81b9da49709a3b3924863ba87ca666e,20260801,16384,0.75,1.0,0.5,1.0,0,296,2.07,1
85,third,llama3.1:latest,46e0c10c039e019119339687c3c1757cc81b9da49709a3b3924863ba87ca666e,20260801,16384,0.75,1.0,0.0,1.0,0,109,1.86,1
86,front,llama3.1:latest,46e0c10c039e019119339687c3c1757cc81b9da49709a3b3924863ba87ca666e,20260801,16384,0.75,1.0,0.5,0.8,0,781,3.11,1
86,second,llama3.1:latest,46e0c10c039e019119339687c3c1757cc81b9da49709a3b3924863ba87ca666e,20260801,16384,0.75,0.88,0.67,1.0,0,574,2.76,1
86,third,llama3.1:latest,46e0c10c039e019119339687c3c1757cc81b9da49709a3b3924863ba87ca666e,20260801,16384,0.75,0.25,0.0,1.0,0,180,1.94,1
87,front,llama3.1:latest,46e0c10c039e019119339687c3c1757cc81b9da49709a3b3924863ba87ca666e,20260801,16384,0.9,0.8,1.0,1.0,0,427,2.28,1
87,second,llama3.1:latest,46e0c10c039e019119339687c3c1757cc81b9da49709a3b3924863ba87ca666e,20260801,16384,0.75,1.0,0.25,0.5,0,242,2.04,1
87,third,llama3.1:latest,46e0c10c039e019119339687c3c1757cc81b9da49709a3b3924863ba87ca666e,20260801,16384,0.75,0.0,0.0,1.0,0,97,1.85,1
88,front,llama3.1:latest,46e0c10c039e019119339687c3c1757cc81b9da49709a3b3924863ba87ca666e,20260801,16384,0.75,0.88,0.0,1.0,0,479,2.3,1
88,second,llama3.1:latest,46e0c10c039e019119339687c3c1757cc81b9da49709a3b3924863ba87ca666e,20260801,16384,0.25,1.0,0.5,1.0,0,252,2.03,1
88,third,llama3.1:latest,46e0c10c039e019119339687c3c1757cc81b9da49709a3b3924863ba87ca666e,20260801,16384,0.75,0.25,0.0,1.0,0,106,1.86,1
89,front,llama3.1:latest,46e0c10c039e019119339687c3c1757cc81b9da49709a3b3924863ba87ca666e,20260801,16384,0.85,0.95,0.05,0.75,0,568,2.61,1
89,second,llama3.1:latest,46e0c10c039e019119339687c3c1757cc81b9da49709a3b3924863ba87ca666e,20260801,16384,0.75,0.25,1.0,0.5,0,273,2.06,1
89,third,llama3.1:latest,46e0c10c039e019119339687c3c1757cc81b9da49709a3b3924863ba87ca666e,20260801,16384,0.75,0.25,1.0,0.5,0,111,1.87,1
90,front,llama3.1:latest,46e0c10c039e019119339687c3c1757cc81b9da49709a3b3924863ba87ca666e,20260801,16384,0.0,1.0,1.0,1.0,0,59,1.85,1
90,second,llama3.1:latest,46e0c10c039e019119339687c3c1757cc81b9da49709a3b3924863ba87ca666e,20260801,16384,0.0,1.0,0.5,1.0,0,169,1.88,1
90,third,llama3.1:latest,46e0c10c039e019119339687c3c1757cc81b9da49709a3b3924863ba87ca666e,20260801,16384,0.0,1.0,0.0,1.0,0,106,1.85,1
91,front,llama3.1:latest,46e0c10c039e019119339687c3c1757cc81b9da49709a3b3924863ba87ca666e,20260801,16384,0.75,0.88,0.0,0.67,0,454,2.28,1
91,second,llama3.1:latest,46e0c10c039e019119339687c3c1757cc81b9da49709a3b3924863ba87ca666e,20260801,16384,0.75,1.0,0.5,0.75,0,305,2.06,1
91,third,llama3.1:latest,46e0c10c039e019119339687c3c1757cc81b9da49709a3b3924863ba87ca666e,20260801,16384,0.25,0.0,0.0,1.0,0,137,1.86,1
92,front,llama3.1:latest,46e0c10c039e019119339687c3c1757cc81b9da49709a3b3924863ba87ca666e,20260801,16384,0.83,0.67,0.0,0.5,0,688,2.62,1
92,second,llama3.1:latest,46e0c10c039e019119339687c3c1757cc81b9da49709a3b3924863ba87ca666e,20260801,16384,0.75,0.5,1.0,0.25,0,382,2.1,1
92,third,llama3.1:latest,46e0c10c039e019119339687c3c1757cc81b9da49709a3b3924863ba87ca666e,20260801,16384,0.75,1.0,0.0,0.5,0,123,1.86,1
93,front,llama3.1:latest,46e0c10c039e019119339687c3c1757cc81b9da49709a3b3924863ba87ca666e,20260801,16384,0.85,0.95,0.05,0.75,0,830,3.38,1
93,second,llama3.1:latest,46e0c10c039e019119339687c3c1757cc81b9da49709a3b3924863ba87ca666e,20260801,16384,0.75,1.0,0.5,1.0,0,313,2.16,1
93,third,llama3.1:latest,46e0c10c039e019119339687c3c1757cc81b9da49709a3b3924863ba87ca666e,20260801,16384,0.75,1.0,0.5,0.75,0,92,1.85,1
94,front,llama3.1:latest,46e0c10c039e019119339687c3c1757cc81b9da49709a3b3924863ba87ca666e,20260801,16384,0.75,1.0,0.0,0.5,0,720,2.98,1
94,second,llama3.1:latest,46e0c10c039e019119339687c3c1757cc81b9da49709a3b3924863ba87ca666e,20260801,16384,0.75,1.0,0.5,1.0,0,251,2.07,1
94,third,llama3.1:latest,46e0c10c039e019119339687c3c1757cc81b9da49709a3b3924863ba87ca666e,20260801,16384,1.0,0.5,0.0,0.0,0,123,1.85,1
95,front,llama3.1:latest,46e0c10c039e019119339687c3c1757cc81b9da49709a3b3924863ba87ca666e,20260801,16384,0.8,0.6,0.0,1.0,0,502,2.29,1
95,second,llama3.1:latest,46e0c10c039e019119339687c3c1757cc81b9da49709a3b3924863ba87ca666e,20260801,16384,0.75,0.25,1.0,0.5,0,320,2.06,1
95,third,llama3.1:latest,46e0c10c039e019119339687c3c1757cc81b9da49709a3b3924863ba87ca666e,20260801,16384,0.75,0.25,0.0,1.0,0,158,1.87,1
96,front,llama3.1:latest,46e0c10c039e019119339687c3c1757cc81b9da49709a3b3924863ba87ca666e,20260801,16384,0.85,0.95,0.0,0.75,0,824,3.33,1
96,second,llama3.1:latest,46e0c10c039e019119339687c3c1757cc81b9da49709a3b3924863ba87ca666e,20260801,16384,0.75,0.5,1.0,0.75,0,372,2.11,1
96,third,llama3.1:latest,46e0c10c039e019119339687c3c1757cc81b9da49709a3b3924863ba87ca666e,20260801,16384,0.75,0.25,0.0,1.0,0,147,1.87,1
97,front,llama3.1:latest,46e0c10c039e019119339687c3c1757cc81b9da49709a3b3924863ba87ca666e,20260801,16384,0.75,0.88,0.0,1.0,0,942,3.35,1
97,second,llama3.1:latest,46e0c10c039e019119339687c3c1757cc81b9da49709a3b3924863ba87ca666e,20260801,16384,0.75,1.0,0.5,0.25,0,310,2.09,1
97,third,llama3.1:latest,46e0c10c039e019119339687c3c1757cc81b9da49709a3b3924863ba87ca666e,20260801,16384,0.75,0.25,0.0,1.0,0,80,1.84,1
98,front,llama3.1:latest,46e0c10c039e019119339687c3c1757cc81b9da49709a3b3924863ba87ca666e,20260801,16384,0.83,0.67,0.0,1.0,0,600,2.6,1
98,second,llama3.1:latest,46e0c10c039e019119339687c3c1757cc81b9da49709a3b3924863ba87ca666e,20260801,16384,0.75,1.0,0.5,0.75,0,301,2.22,1
98,third,llama3.1:latest,46e0c10c039e019119339687c3c1757cc81b9da49709a3b3924863ba87ca666e,20260801,16384,0.75,0.25,0.0,1.0,0,100,1.95,1
99,front,llama3.1:latest,46e0c10c039e019119339687c3c1757cc81b9da49709a3b3924863ba87ca666e,20260801,16384,0.85,1.0,0.05,0.9,0,1104,3.7,1
99,second,llama3.1:latest,46e0c10c039e019119339687c3c1757cc81b9da49709a3b3924863ba87ca666e,20260801,16384,0.75,1.0,0.5,0.75,0,468,2.32,1
99,third,llama3.1:latest,46e0c10c039e019119339687c3c1757cc81b9da49709a3b3924863ba87ca666e,20260801,16384,0.75,1.0,0.0,0.5,0,152,1.86,1
100,front,llama3.1:latest,46e0c10c039e019119339687c3c1757cc81b9da49709a3b3924863ba87ca666e,20260801,16384,0.9,1.0,0.2,0.8,0,768,2.95,1
100,second,llama3.1:latest,46e0c10c039e019119339687c3c1757cc81b9da49709a3b3924863ba87ca666e,20260801,16384,0.75,1.0,0.5,0.75,0,308,2.08,1
100,third,llama3.1:latest,46e0c10c039e019119339687c3c1757cc81b9da49709a3b3924863ba87ca666e,20260801,16384,0.75,0.25,0.0,0.5,0,114,1.86,1
101,front,llama3.1:latest,46e0c10c039e019119339687c3c1757cc81b9da49709a3b3924863ba87ca666e,20260801,16384,0.75,1.0,0.25,0.5,0,541,2.32,1
101,second,llama3.1:latest,46e0c10c039e019119339687c3c1757cc81b9da49709a3b3924863ba87ca666e,20260801,16384,0.75,1.0,0.5,0.25,0,477,2.29,1
101,third,llama3.1:latest,46e0c10c039e019119339687c3c1757cc81b9da49709a3b3924863ba87ca666e,20260801,16384,0.75,1.0,0.0,0.5,0,138,1.85,1
102,front,llama3.1:latest,46e0c10c039e019119339687c3c1757cc81b9da49709a3b3924863ba87ca666e,20260801,16384,1.0,0.5,0.0,0.0,0,604,2.61,1
102,second,llama3.1:latest,46e0c10c039e019119339687c3c1757cc81b9da49709a3b3924863ba87ca666e,20260801,16384,1.0,1.0,0.0,0.5,0,340,2.27,1
102,third,llama3.1:latest,46e0c10c039e019119339687c3c1757cc81b9da49709a3b3924863ba87ca666e,20260801,16384,0.75,0.0,0.0,0.0,0,142,1.87,1
103,front,llama3.1:latest,46e0c10c039e019119339687c3c1757cc81b9da49709a3b3924863ba87ca666e,20260801,16384,0.8,1.0,0.0,0.5,0,717,2.99,1
103,second,llama3.1:latest,46e0c10c039e019119339687c3c1757cc81b9da49709a3b3924863ba87ca666e,20260801,16384,0.75,0.5,0.0,1.0,0,276,2.07,1
103,third,llama3.1:latest,46e0c10c039e019119339687c3c1757cc81b9da49709a3b3924863ba87ca666e,20260801,16384,0.75,0.25,0.0,0.5,0,155,1.87,1
104,front,llama3.1:latest,46e0c10c039e019119339687c3c1757cc81b9da49709a3b3924863ba87ca666e,20260801,16384,0.75,0.25,0.0,0.5,0,388,2.26,1
104,second,llama3.1:latest,46e0c10c039e019119339687c3c1757cc81b9da49709a3b3924863ba87ca666e,20260801,16384,0.75,0.25,1.0,0.5,0,346,2.2,1
104,third,llama3.1:latest,46e0c10c039e019119339687c3c1757cc81b9da49709a3b3924863ba87ca666e,20260801,16384,0.75,0.25,0.0,0.5,0,115,1.94,1
105,front,llama3.1:latest,46e0c10c039e019119339687c3c1757cc81b9da49709a3b3924863ba87ca666e,20260801,16384,0.85,0.65,0.0,0.75,0,642,2.63,1
105,second,llama3.1:latest,46e0c10c039e019119339687c3c1757cc81b9da49709a3b3924863ba87ca666e,20260801,16384,0.75,1.0,0.5,0.25,0,334,2.08,1
105,third,llama3.1:latest,46e0c10c039e019119339687c3c1757cc81b9da49709a3b3924863ba87ca666e,20260801,16384,0.75,1.0,0.5,1.0,0,147,1.98,1
106,front,llama3.1:latest,46e0c10c039e019119339687c3c1757cc81b9da49709a3b3924863ba87ca666e,20260801,16384,0.75,0.5,0.0,1.0,0,398,2.07,1
106,second,llama3.1:latest,46e0c10c039e019119339687c3c1757cc81b9da49709a3b3924863ba87ca666e,20260801,16384,0.25,0.0,1.0,0.5,0,295,2.05,1
106,third,llama3.1:latest,46e0c10c039e019119339687c3c1757cc81b9da49709a3b3924863ba87ca666e,20260801,16384,0.75,0.0,0.0,1.0,0,146,1.89,1
107,front,llama3.1:latest,46e0c10c039e019119339687c3c1757cc81b9da49709a3b3924863ba87ca666e,20260801,16384,0.85,0.65,0.0,1.0,0,597,2.3,1
107,second,llama3.1:latest,46e0c10c039e019119339687c3c1757cc81b9da49709a3b3924863ba87ca666e,20260801,16384,0.75,1.0,0.5,0.25,0,288,2.08,1
107,third,llama3.1:latest,46e0c10c039e019119339687c3c1757cc81b9da49709a3b3924863ba87ca666e,20260801,16384,0.75,1.0,0.0,0.5,0,110,1.85,1
108,front,llama3.1:latest,46e0c10c039e019119339687c3c1757cc81b9da49709a3b3924863ba87ca666e,20260801,16384,0.95,0.85,0.0,1.0,0,671,2.62,1
108,second,llama3.1:latest,46e0c10c039e019119339687c3c1757cc81b9da49709a3b3924863ba87ca666e,20260801,16384,0.25,1.0,0.5,0.75,0,319,2.14,1
108,third,llama3.1:latest,46e0c10c039e019119339687c3c1757cc81b9da49709a3b3924863ba87ca666e,20260801,16384,0.75,0.25,1.0,0.5,0,120,1.86,1
109,front,llama3.1:latest,46e0c10c039e019119339687c3c1757cc81b9da49709a3b3924863ba87ca666e,20260801,16384,0.85,0.65,0.0,0.75,0,572,2.55,1
109,second,llama3.1:latest,46e0c10c039e019119339687c3c1757cc81b9da49709a3b3924863ba87ca666e,20260801,16384,0.75,0.25,1.0,0.5,0,340,2.08,1
109,third,llama3.1:latest,46e0c10c039e019119339687c3c1757cc81b9da49709a3b3924863ba87ca666e,20260801,16384,0.75,0.0,0.0,0.25,0,93,1.85,1
110,front,llama3.1:latest,46e0c10c039e019119339687c3c1757cc81b9da49709a3b3924863ba87ca666e,20260801,16384,0.75,0.25,0.0,1.0,0,473,2.28,1
110,second,llama3.1:latest,46e0c10c039e019119339687c3c1757cc81b9da49709a3b3924863ba87ca666e,20260801,16384,0.75,1.0,0.5,0.25,0,228,2.04,1
110,third,llama3.1:latest,46e0c10c039e019119339687c3c1757cc81b9da49709a3b3924863ba87ca666e,20260801,16384,0.75,0.25,1.0,0.5,0,141,1.88,1
111,front,llama3.1:latest,46e0c10c039e019119339687c3c1757cc81b9da49709a3b3924863ba87ca666e,20260801,16384,0.9,0.6,0.0,1.0,0,425,2.27,1
111,second,llama3.1:latest,46e0c10c039e019119339687c3c1757cc81b9da49709a3b3924863ba87ca666e,20260801,16384,0.75,1.0,0.5,0.25,0,240,2.03,1
111,third,llama3.1:latest,46e0c10c039e019119339687c3c1757cc81b9da49709a3b3924863ba87ca666e,20260801,16384,0.75,0.25,0.0,1.0,0,101,1.88,1
112,front,llama3.1:latest,46e0c10c039e019119339687c3c1757cc81b9da49709a3b3924863ba87ca666e,20260801,16384,0.75,0.88,0.0,1.0,0,539,2.29,1
112,second,llama3.1:latest,46e0c10c039e019119339687c3c1757cc81b9da49709a3b3924863ba87ca666e,20260801,16384,0.75,0.25,1.0,0.5,0,457,2.26,1
112,third,llama3.1:latest,46e0c10c039e019119339687c3c1757cc81b9da49709a3b3924863ba87ca666e,20260801,16384,0.75,1.0,0.0,0.5,0,182,1.9,1
113,front,llama3.1:latest,46e0c10c039e019119339687c3c1757cc81b9da49709a3b3924863ba87ca666e,20260801,16384,0.9,0.8,0.0,0.5,0,592,2.58,1
113,second,llama3.1:latest,46e0c10c039e019119339687c3c1757cc81b9da49709a3b3924863ba87ca666e,20260801,16384,0.75,1.0,0.5,0.25,0,343,2.06,1
113,third,llama3.1:latest,46e0c10c039e019119339687c3c1757cc81b9da49709a3b3924863ba87ca666e,20260801,16384,0.75,1.0,0.0,0.5,0,189,1.92,1
114,front,llama3.1:latest,46e0c10c039e019119339687c3c1757cc81b9da49709a3b3924863ba87ca666e,20260801,16384,0.9,0.0,0.0,0.5,0,510,2.3,1
114,second,llama3.1:latest,46e0c10c039e019119339687c3c1757cc81b9da49709a3b3924863ba87ca666e,20260801,16384,0.75,0.25,1.0,0.5,0,230,2.05,1
114,third,llama3.1:latest,46e0c10c039e019119339687c3c1757cc81b9da49709a3b3924863ba87ca666e,20260801,16384,0.75,1.0,0.0,0.5,0,116,1.86,1
115,front,llama3.1:latest,46e0c10c039e019119339687c3c1757cc81b9da49709a3b3924863ba87ca666e,20260801,16384,0.85,0.65,0.0,1.0,0,551,2.55,1
115,second,llama3.1:latest,46e0c10c039e019119339687c3c1757cc81b9da49709a3b3924863ba87ca666e,20260801,16384,0.75,0.25,1.0,0.5,0,276,2.07,1
115,third,llama3.1:latest,46e0c10c039e019119339687c3c1757cc81b9da49709a3b3924863ba87ca666e,20260801,16384,0.75,0.25,0.0,0.5,0,114,1.86,1
116,front,llama3.1:latest,46e0c10c039e019119339687c3c1757cc81b9da49709a3b3924863ba87ca666e,20260801,16384,0.83,0.67,0.0,1.0,0,688,2.7,1
116,second,llama3.1:latest,46e0c10c039e019119339687c3c1757cc81b9da49709a3b3924863ba87ca666e,20260801,16384,0.75,1.0,0.25,0.5,0,584,2.32,1
116,third,llama3.1:latest,46e0c10c039e019119339687c3c1757cc81b9da49709a3b3924863ba87ca666e,20260801,16384,0.75,0.25,0.0,1.0,0,146,1.9,1
117,front,llama3.1:latest,46e0c10c039e019119339687c3c1757cc81b9da49709a3b3924863ba87ca666e,20260801,16384,0.92,0.88,0.0,1.0,0,618,2.58,1
117,second,llama3.1:latest,46e0c10c039e019119339687c3c1757cc81b9da49709a3b3924863ba87ca666e,20260801,16384,0.75,0.5,1.0,0.25,0,365,2.1,1
117,third,llama3.1:latest,46e0c10c039e019119339687c3c1757cc81b9da49709a3b3924863ba87ca666e,20260801,16384,0.75,0.25,0.0,0.5,0,132,1.85,1
118,front,llama3.1:latest,46e0c10c039e019119339687c3c1757cc81b9da49709a3b3924863ba87ca666e,20260801,16384,0.85,0.95,0.0,1.0,0,674,2.98,1
118,second,llama3.1:latest,46e0c10c039e019119339687c3c1757cc81b9da49709a3b3924863ba87ca666e,20260801,16384,0.75,0.25,1.0,0.5,0,393,2.22,1
118,third,llama3.1:latest,46e0c10c039e019119339687c3c1757cc81b9da49709a3b3924863ba87ca666e,20260801,16384,0.75,1.0,0.5,0.75,0,139,2.58,1
119,front,llama3.1:latest,46e0c10c039e019119339687c3c1757cc81b9da49709a3b3924863ba87ca666e,20260801,16384,0.75,1.0,0.0,0.5,0,794,3.5,1
119,second,llama3.1:latest,46e0c10c039e019119339687c3c1757cc81b9da49709a3b3924863ba87ca666e,20260801,16384,0.75,0.25,1.0,0.5,0,292,2.16,1
119,third,llama3.1:latest,46e0c10c039e019119339687c3c1757cc81b9da49709a3b3924863ba87ca666e,20260801,16384,0.75,1.0,0.0,0.5,0,104,1.93,1
120,front,llama3.1:latest,46e0c10c039e019119339687c3c1757cc81b9da49709a3b3924863ba87ca666e,20260801,16384,0.85,1.0,0.0,0.75,0,722,3.05,1
120,second,llama3.1:latest,46e0c10c039e019119339687c3c1757cc81b9da49709a3b3924863ba87ca666e,20260801,16384,0.75,1.0,0.5,0.25,0,252,2.15,1
120,third,llama3.1:latest,46e0c10c039e019119339687c3c1757cc81b9da49709a3b3924863ba87ca666e,20260801,16384,1.0,0.5,0.0,0.0,0,125,1.91,1
121,front,llama3.1:latest,46e0c10c039e019119339687c3c1757cc81b9da49709a3b3924863ba87ca666e,20260801,16384,0.85,0.65,0.0,1.0,0,900,3.41,1
121,second,llama3.1:latest,46e0c10c039e019119339687c3c1757cc81b9da49709a3b3924863ba87ca666e,20260801,16384,0.75,1.0,0.5,0.25,0,401,2.27,1
121,third,llama3.1:latest,46e0c10c039e019119339687c3c1757cc81b9da49709a3b3924863ba87ca666e,20260801,16384,0.75,1.0,0.0,0.5,0,107,1.87,1
122,front,llama3.1:latest,46e0c10c039e019119339687c3c1757cc81b9da49709a3b3924863ba87ca666e,20260801,16384,0.85,0.95,0.0,0.75,0,825,3.35,1
122,second,llama3.1:latest,46e0c10c039e019119339687c3c1757cc81b9da49709a3b3924863ba87ca666e,20260801,16384,0.75,0.5,1.0,0.25,0,374,2.22,1
122,third,llama3.1:latest,46e0c10c039e019119339687c3c1757cc81b9da49709a3b3924863ba87ca666e,20260801,16384,0.75,1.0,0.0,0.5,0,148,1.88,1
123,front,llama3.1:latest,46e0c10c039e019119339687c3c1757cc81b9da49709a3b3924863ba87ca666e,20260801,16384,0.85,0.95,0.05,1.0,0,943,3.34,1
123,second,llama3.1:latest,46e0c10c039e019119339687c3c1757cc81b9da49709a3b3924863ba87ca666e,20260801,16384,0.75,1.0,0.5,0.25,0,311,2.21,1
123,third,llama3.1:latest,46e0c10c039e019119339687c3c1757cc81b9da49709a3b3924863ba87ca666e,20260801,16384,0.25,0.0,1.0,0.5,0,81,1.86,1
124,front,llama3.1:latest,46e0c10c039e019119339687c3c1757cc81b9da49709a3b3924863ba87ca666e,20260801,16384,0.83,0.92,0.0,1.0,0,601,2.68,1
124,second,llama3.1:latest,46e0c10c039e019119339687c3c1757cc81b9da49709a3b3924863ba87ca666e,20260801,16384,0.75,1.0,0.5,0.75,0,303,2.13,1
124,third,llama3.1:latest,46e0c10c039e019119339687c3c1757cc81b9da49709a3b3924863ba87ca666e,20260801,16384,0.75,1.0,0.0,0.5,0,101,1.88,1
125,front,llama3.1:latest,46e0c10c039e019119339687c3c1757cc81b9da49709a3b3924863ba87ca666e,20260801,16384,0.95,1.0,0.0,1.0,0,733,3.45,1
125,second,llama3.1:latest,46e0c10c039e019119339687c3c1757cc81b9da49709a3b3924863ba87ca666e,20260801,16384,0.75,1.0,0.5,0.25,0,302,2.14,1
125,third,llama3.1:latest,46e0c10c039e019119339687c3c1757cc81b9da49709a3b3924863ba87ca666e,20260801,16384,0.75,1.0,0.0,0.5,0,110,1.87,1
126,front,llama3.1:latest,46e0c10c039e019119339687c3c1757cc81b9da49709a3b3924863ba87ca666e,20260801,16384,0.75,0.88,0.0,1.0,0,801,2.75,1
126,second,llama3.1:latest,46e0c10c039e019119339687c3c1757cc81b9da49709a3b3924863ba87ca666e,20260801,16384,0.75,0.5,1.0,0.75,0,420,2.34,1
126,third,llama3.1:latest,46e0c10c039e019119339687c3c1757cc81b9da49709a3b3924863ba87ca666e,20260801,16384,0.75,1.0,0.0,0.5,0,173,1.92,1
127,front,llama3.1:latest,46e0c10c039e019119339687c3c1757cc81b9da49709a3b3924863ba87ca666e,20260801,16384,0.9,1.0,0.2,0.8,0,550,2.59,1
127,second,llama3.1:latest,46e0c10c039e019119339687c3c1757cc81b9da49709a3b3924863ba87ca666e,20260801,16384,0.75,1.0,0.5,0.75,0,321,2.13,1
127,third,llama3.1:latest,46e0c10c039e019119339687c3c1757cc81b9da49709a3b3924863ba87ca666e,20260801,16384,0.75,1.0,0.0,0.5,0,128,1.9,1
128,front,llama3.1:latest,46e0c10c039e019119339687c3c1757cc81b9da49709a3b3924863ba87ca666e,20260801,16384,0.9,1.0,0.0,0.5,0,605,2.62,1
128,second,llama3.1:latest,46e0c10c039e019119339687c3c1757cc81b9da49709a3b3924863ba87ca666e,20260801,16384,1.0,1.0,0.0,0.5,0,342,2.35,1
128,third,llama3.1:latest,46e0c10c039e019119339687c3c1757cc81b9da49709a3b3924863ba87ca666e,20260801,16384,0.75,0.0,0.0,1.0,0,143,1.94,1
129,front,llama3.1:latest,46e0c10c039e019119339687c3c1757cc81b9da49709a3b3924863ba87ca666e,20260801,16384,0.8,1.0,0.0,0.5,0,718,2.99,1
129,second,llama3.1:latest,46e0c10c039e019119339687c3c1757cc81b9da49709a3b3924863ba87ca666e,20260801,16384,0.75,1.0,0.25,0.5,0,278,2.16,1
129,third,llama3.1:latest,46e0c10c039e019119339687c3c1757cc81b9da49709a3b3924863ba87ca666e,20260801,16384,0.75,1.0,0.0,0.5,0,156,1.94,1
130,front,llama3.1:latest,46e0c10c039e019119339687c3c1757cc81b9da49709a3b3924863ba87ca666e,20260801,16384,0.75,1.0,0.25,0.5,0,825,3.37,1
130,second,llama3.1:latest,46e0c10c039e019119339687c3c1757cc81b9da49709a3b3924863ba87ca666e,20260801,16384,0.75,1.0,0.5,1.0,0,282,2.19,1
130,third,llama3.1:latest,46e0c10c039e019119339687c3c1757cc81b9da49709a3b3924863ba87ca666e,20260801,16384,0.75,1.0,0.5,0.5,0,126,1.86,1
131,front,llama3.1:latest,46e0c10c039e019119339687c3c1757cc81b9da49709a3b3924863ba87ca666e,20260801,16384,0.83,1.0,0.33,1.0,0,792,3.34,1
131,second,llama3.1:latest,46e0c10c039e019119339687c3c1757cc81b9da49709a3b3924863ba87ca666e,20260801,16384,0.75,1.0,0.5,0.75,0,289,2.13,1
131,third,llama3.1:latest,46e0c10c039e019119339687c3c1757cc81b9da49709a3b3924863ba87ca666e,20260801,16384,0.75,0.25,0.0,1.0,0,149,1.86,1
132,front,llama3.1:latest,46e0c10c039e019119339687c3c1757cc81b9da49709a3b3924863ba87ca666e,20260801,16384,0.75,1.0,0.25,0.5,0,797,3.33,1
132,second,llama3.1:latest,46e0c10c039e019119339687c3c1757cc81b9da49709a3b3924863ba87ca666e,20260801,16384,0.75,0.5,1.0,0.75,0,295,2.16,1
132,third,llama3.1:latest,46e0c10c039e019119339687c3c1757cc81b9da49709a3b3924863ba87ca666e,20260801,16384,0.25,1.0,0.5,0.75,0,107,1.85,1
133,front,llama3.1:latest,46e0c10c039e019119339687c3c1757cc81b9da49709a3b3924863ba87ca666e,20260801,16384,0.8,1.0,0.6,0.9,0,693,2.97,1
133,second,llama3.1:latest,46e0c10c039e019119339687c3c1757cc81b9da49709a3b3924863ba87ca666e,20260801,16384,0.25,0.75,1.0,0.5,0,328,2.28,1
133,third,llama3.1:latest,46e0c10c039e019119339687c3c1757cc81b9da49709a3b3924863ba87ca666e,20260801,16384,0.25,1.0,0.0,0.5,0,132,1.86,1
134,front,llama3.1:latest,46e0c10c039e019119339687c3c1757cc81b9da49709a3b3924863ba87ca666e,20260801,16384,0.75,1.0,0.25,0.5,0,876,3.33,1
134,second,llama3.1:latest,46e0c10c039e019119339687c3c1757cc81b9da49709a3b3924863ba87ca666e,20260801,16384,0.25,1.0,0.5,0.75,0,300,2.11,1
134,third,llama3.1:latest,46e0c10c039e019119339687c3c1757cc81b9da49709a3b3924863ba87ca666e,20260801,16384,0.25,0.0,0.0,1.0,0,118,1.85,1
135,front,llama3.1:latest,46e0c10c039e019119339687c3c1757cc81b9da49709a3b3924863ba87ca666e,20260801,16384,0.75,0.88,0.0,0.67,0,828,3.32,1
135,second,llama3.1:latest,46e0c10c039e019119339687c3c1757cc81b9da49709a3b3924863ba87ca666e,20260801,16384,0.75,0.5,1.0,0.75,0,376,2.2,1
135,third,llama3.1:latest,46e0c10c039e019119339687c3c1757cc81b9da49709a3b3924863ba87ca666e,20260801,16384,0.25,0.5,0.0,1.0,0,151,1.84,1
136,front,llama3.1:latest,46e0c10c039e019119339687c3c1757cc81b9da49709a3b3924863ba87ca666e,20260801,16384,0.85,0.65,0.15,0.95,0,946,3.33,1
136,second,llama3.1:latest,46e0c10c039e019119339687c3c1757cc81b9da49709a3b3924863ba87ca666e,20260801,16384,0.75,1.0,0.5,0.25,0,314,2.09,1
136,third,llama3.1:latest,46e0c10c039e019119339687c3c1757cc81b9da49709a3b3924863ba87ca666e,20260801,16384,0.25,0.0,1.0,0.5,0,84,1.84,1
137,front,llama3.1:latest,46e0c10c039e019119339687c3c1757cc81b9da49709a3b3924863ba87ca666e,20260801,16384,0.85,0.75,0.0,1.0,0,804,3.37,1
137,second,llama3.1:latest,46e0c10c039e019119339687c3c1757cc81b9da49709a3b3924863ba87ca666e,20260801,16384,0.75,1.0,0.5,0.75,0,307,2.08,1
137,third,llama3.1:latest,46e0c10c039e019119339687c3c1757cc81b9da49709a3b3924863ba87ca666e,20260801,16384,0.75,0.25,0.0,1.0,0,109,1.84,1
138,front,llama3.1:latest,46e0c10c039e019119339687c3c1757cc81b9da49709a3b3924863ba87ca666e,20260801,16384,0.75,0.88,0.0,1.0,0,563,2.53,1
138,second,llama3.1:latest,46e0c10c039e019119339687c3c1757cc81b9da49709a3b3924863ba87ca666e,20260801,16384,0.25,1.0,0.75,0.5,0,304,2.06,1
138,third,llama3.1:latest,46e0c10c039e019119339687c3c1757cc81b9da49709a3b3924863ba87ca666e,20260801,16384,0.75,1.0,0.0,0.5,0,113,1.84,1
139,front,llama3.1:latest,46e0c10c039e019119339687c3c1757cc81b9da49709a3b3924863ba87ca666e,20260801,16384,0.9,1.0,0.2,0.8,0,772,2.95,1
139,second,llama3.1:latest,46e0c10c039e019119339687c3c1757cc81b9da49709a3b3924863ba87ca666e,20260801,16384,0.75,1.0,0.5,0.75,0,312,2.07,1
139,third,llama3.1:latest,46e0c10c039e019119339687c3c1757cc81b9da49709a3b3924863ba87ca666e,20260801,16384,0.75,0.0,0.0,1.0,0,118,1.84,1
140,front,llama3.1:latest,46e0c10c039e019119339687c3c1757cc81b9da49709a3b3924863ba87ca666e,20260801,16384,0.85,0.95,0.05,0.75,0,737,2.92,1
140,second,llama3.1:latest,46e0c10c039e019119339687c3c1757cc81b9da49709a3b3924863ba87ca666e,20260801,16384,0.75,1.0,0.5,0.75,0,329,2.08,1
140,third,llama3.1:latest,46e0c10c039e019119339687c3c1757cc81b9da49709a3b3924863ba87ca666e,20260801,16384,0.75,1.0,0.0,0.5,0,127,1.84,1
141,front,llama3.1:latest,46e0c10c039e019119339687c3c1757cc81b9da49709a3b3924863ba87ca666e,20260801,16384,0.75,1.0,0.25,0.5,0,860,3.38,1
141,second,llama3.1:latest,46e0c10c039e019119339687c3c1757cc81b9da49709a3b3924863ba87ca666e,20260801,16384,0.75,1.0,0.5,1.0,0,341,2.08,1
141,third,llama3.1:latest,46e0c10c039e019119339687c3c1757cc81b9da49709a3b3924863ba87ca666e,20260801,16384,0.25,1.0,0.5,0.5,0,87,1.83,1
142,front,llama3.1:latest,46e0c10c039e019119339687c3c1757cc81b9da49709a3b3924863ba87ca666e,20260801,16384,0.8,1.0,0.2,0.9,0,721,2.99,1
142,second,llama3.1:latest,46e0c10c039e019119339687c3c1757cc81b9da49709a3b3924863ba87ca666e,20260801,16384,0.75,1.0,0.25,0.5,0,280,2.14,1
142,third,llama3.1:latest,46e0c10c039e019119339687c3c1757cc81b9da49709a3b3924863ba87ca666e,20260801,16384,0.75,0.25,0.0,1.0,0,159,1.85,1
143,front,llama3.1:latest,46e0c10c039e019119339687c3c1757cc81b9da49709a3b3924863ba87ca666e,20260801,16384,0.85,0.65,0.15,0.75,0,526,2.66,1
143,second,llama3.1:latest,46e0c10c039e019119339687c3c1757cc81b9da49709a3b3924863ba87ca666e,20260801,16384,0.75,0.25,1.0,0.5,0,381,2.25,1
143,third,llama3.1:latest,46e0c10c039e019119339687c3c1757cc81b9da49709a3b3924863ba87ca666e,20260801,16384,0.75,0.25,1.0,0.5,0,200,2.03,1
144,front,llama3.1:latest,46e0c10c039e019119339687c3c1757cc81b9da49709a3b3924863ba87ca666e,20260801,16384,0.85,0.65,0.0,1.0,0,435,2.28,1
144,second,llama3.1:latest,46e0c10c039e019119339687c3c1757cc81b9da49709a3b3924863ba87ca666e,20260801,16384,0.75,1.0,0.5,1.0,0,247,2.02,1
144,third,llama3.1:latest,46e0c10c039e019119339687c3c1757cc81b9da49709a3b3924863ba87ca666e,20260801,16384,0.75,0.25,1.0,0.5,0,144,1.87,1
145,front,llama3.1:latest,46e0c10c039e019119339687c3c1757cc81b9da49709a3b3924863ba87ca666e,20260801,16384,0.75,0.88,0.25,0.67,0,562,2.62,1
145,second,llama3.1:latest,46e0c10c039e019119339687c3c1757cc81b9da49709a3b3924863ba87ca666e,20260801,16384,0.75,0.25,1.0,0.5,0,311,2.06,1
145,third,llama3.1:latest,46e0c10c039e019119339687c3c1757cc81b9da49709a3b3924863ba87ca666e,20260801,16384,0.75,0.25,0.0,1.0,0,102,1.84,1
146,front,llama3.1:latest,46e0c10c039e019119339687c3c1757cc81b9da49709a3b3924863ba87ca666e,20260801,16384,0.85,1.0,0.5,1.0,0,310,2.07,1
146,second,llama3.1:latest,46e0c10c039e019119339687c3c1757cc81b9da49709a3b3924863ba87ca666e,20260801,16384,0.75,1.0,0.5,1.0,0,265,2.03,1
146,third,llama3.1:latest,46e0c10c039e019119339687c3c1757cc81b9da49709a3b3924863ba87ca666e,20260801,16384,0.75,0.25,1.0,0.5,0,150,1.86,1
147,front,llama3.1:latest,46e0c10c039e019119339687c3c1757cc81b9da49709a3b3924863ba87ca666e,20260801,16384,0.0,1.0,1.0,1.0,0,79,1.84,1
147,second,llama3.1:latest,46e0c10c039e019119339687c3c1757cc81b9da49709a3b3924863ba87ca666e,20260801,16384,0.0,1.0,0.5,0.5,0,224,2.01,1
147,third,llama3.1:latest,46e0c10c039e019119339687c3c1757cc81b9da49709a3b3924863ba87ca666e,20260801,16384,0.25,0.0,1.0,0.5,0,62,1.83,1
148,front,llama3.1:latest,46e0c10c039e019119339687c3c1757cc81b9da49709a3b3924863ba87ca666e,20260801,16384,0.9,0.8,0.0,1.0,0,669,2.65,1
148,second,llama3.1:latest,46e0c10c039e019119339687c3c1757cc81b9da49709a3b3924863ba87ca666e,20260801,16384,0.75,0.25,1.0,0.5,0,346,2.09,1
148,third,llama3.1:latest,46e0c10c039e019119339687c3c1757cc81b9da49709a3b3924863ba87ca666e,20260801,16384,0.75,0.25,0.0,1.0,0,180,1.88,1
149,front,llama3.1:latest,46e0c10c039e019119339687c3c1757cc81b9da49709a3b3924863ba87ca666e,20260801,16384,0.25,1.0,1.0,1.0,0,75,1.83,1
149,second,llama3.1:latest,46e0c10c039e019119339687c3c1757cc81b9da49709a3b3924863ba87ca666e,20260801,16384,0.0,1.0,0.5,1.0,0,166,1.87,1
149,third,llama3.1:latest,46e0c10c039e019119339687c3c1757cc81b9da49709a3b3924863ba87ca666e,20260801,16384,0.0,0.0,0.0,1.0,0,66,1.83,1
150,front,llama3.1:latest,46e0c10c039e019119339687c3c1757cc81b9da49709a3b3924863ba87ca666e,20260801,16384,0.85,0.75,0.0,1.0,0,799,3.48,1
150,second,llama3.1:latest,46e0c10c039e019119339687c3c1757cc81b9da49709a3b3924863ba87ca666e,20260801,16384,0.75,1.0,0.5,1.0,0,302,2.08,1
150,third,llama3.1:latest,46e0c10c039e019119339687c3c1757cc81b9da49709a3b3924863ba87ca666e,20260801,16384,0.75,0.0,0.0,1.0,0,105,1.85,1
151,front,llama3.1:latest,46e0c10c039e019119339687c3c1757cc81b9da49709a3b3924863ba87ca666e,20260801,16384,0.75,1.0,0.25,0.5,0,484,2.31,1
151,second,llama3.1:latest,46e0c10c039e019119339687c3c1757cc81b9da49709a3b3924863ba87ca666e,20260801,16384,0.25,1.0,0.5,1.0,0,215,1.88,1
151,third,llama3.1:latest,46e0c10c039e019119339687c3c1757cc81b9da49709a3b3924863ba87ca666e,20260801,16384,0.25,0.0,1.0,1.0,0,97,1.84,1
152,front,llama3.1:latest,46e0c10c039e019119339687c3c1757cc81b9da49709a3b3924863ba87ca666e,20260801,16384,0.85,0.95,0.25,1.0,0,605,2.62,1
152,second,llama3.1:latest,46e0c10c039e019119339687c3c1757cc81b9da49709a3b3924863ba87ca666e,20260801,16384,0.75,0.25,1.0,0.5,0,314,2.08,1
152,third,llama3.1:latest,46e0c10c039e019119339687c3c1757cc81b9da49709a3b3924863ba87ca666e,20260801,16384,0.75,0.25,1.0,0.5,0,152,1.89,1
153,front,llama3.1:latest,46e0c10c039e019119339687c3c1757cc81b9da49709a3b3924863ba87ca666e,20260801,16384,0.8,0.6,0.0,1.0,0,480,2.28,1
153,second,llama3.1:latest,46e0c10c039e019119339687c3c1757cc81b9da49709a3b3924863ba87ca666e,20260801,16384,0.25,1.0,0.5,1.0,0,253,2.02,1
153,third,llama3.1:latest,46e0c10c039e019119339687c3c1757cc81b9da49709a3b3924863ba87ca666e,20260801,16384,0.75,0.25,0.0,1.0,0,107,1.84,1
154,front,llama3.1:latest,46e0c10c039e019119339687c3c1757cc81b9da49709a3b3924863ba87ca666e,20260801,16384,0.75,1.0,0.25,0.5,0,855,3.36,1
154,second,llama3.1:latest,46e0c10c039e019119339687c3c1757cc81b9da49709a3b3924863ba87ca666e,20260801,16384,0.75,0.5,1.0,0.75,0,336,2.13,1
154,third,llama3.1:latest,46e0c10c039e019119339687c3c1757cc81b9da49709a3b3924863ba87ca666e,20260801,16384,0.75,0.0,1.0,1.0,0,82,1.82,1
155,front,llama3.1:latest,46e0c10c039e019119339687c3c1757cc81b9da49709a3b3924863ba87ca666e,20260801,16384,0.85,0.65,0.25,0.75,0,553,2.55,1
155,second,llama3.1:latest,46e0c10c039e019119339687c3c1757cc81b9da49709a3b3924863ba87ca666e,20260801,16384,0.75,0.5,0.25,1.0,0,283,2.04,1
155,third,llama3.1:latest,46e0c10c039e019119339687c3c1757cc81b9da49709a3b3924863ba87ca666e,20260801,16384,0.75,0.0,0.0,0.5,0,95,1.83,1
156,front,llama3.1:latest,46e0c10c039e019119339687c3c1757cc81b9da49709a3b3924863ba87ca666e,20260801,16384,0.75,0.88,0.0,1.0,0,677,2.61,1
156,second,llama3.1:latest,46e0c10c039e019119339687c3c1757cc81b9da49709a3b3924863ba87ca666e,20260801,16384,0.25,1.0,1.0,1.0,0,285,2.04,1
156,third,llama3.1:latest,46e0c10c039e019119339687c3c1757cc81b9da49709a3b3924863ba87ca666e,20260801,16384,0.75,1.0,0.5,0.75,0,152,1.84,1
157,front,llama3.1:latest,46e0c10c039e019119339687c3c1757cc81b9da49709a3b3924863ba87ca666e,20260801,16384,0.83,0.67,0.0,0.5,0,689,2.64,1
157,second,llama3.1:latest,46e0c10c039e019119339687c3c1757cc81b9da49709a3b3924863ba87ca666e,20260801,16384,0.75,0.5,1.0,0.25,0,383,2.1,1
157,third,llama3.1:latest,46e0c10c039e019119339687c3c1757cc81b9da49709a3b3924863ba87ca666e,20260801,16384,0.75,1.0,0.0,0.5,0,124,1.85,1
158,front,llama3.1:latest,46e0c10c039e019119339687c3c1757cc81b9da49709a3b3924863ba87ca666e,20260801,16384,0.85,0.95,0.05,0.65,0,831,3.4,1
158,second,llama3.1:latest,46e0c10c039e019119339687c3c1757cc81b9da49709a3b3924863ba87ca666e,20260801,16384,0.75,1.0,0.5,1.0,0,314,2.1,1
158,third,llama3.1:latest,46e0c10c039e019119339687c3c1757cc81b9da49709a3b3924863ba87ca666e,20260801,16384,0.75,1.0,0.5,1.0,0,93,1.84,1
159,front,llama3.1:latest,46e0c10c039e019119339687c3c1757cc81b9da49709a3b3924863ba87ca666e,20260801,16384,0.8,1.0,0.0,0.5,0,690,2.98,1
159,second,llama3.1:latest,46e0c10c039e019119339687c3c1757cc81b9da49709a3b3924863ba87ca666e,20260801,16384,0.75,1.0,0.5,1.0,0,325,2.14,1
159,third,llama3.1:latest,46e0c10c039e019119339687c3c1757cc81b9da49709a3b3924863ba87ca666e,20260801,16384,0.75,1.0,0.0,0.5,0,129,1.91,1
160,front,llama3.1:latest,46e0c10c039e019119339687c3c1757cc81b9da49709a3b3924863ba87ca666e,20260801,16384,0.75,1.0,0.25,0.5,0,873,3.31,1
160,second,llama3.1:latest,46e0c10c039e019119339687c3c1757cc81b9da49709a3b3924863ba87ca666e,20260801,16384,0.75,1.0,0.5,0.75,0,297,2.06,1
160,third,llama3.1:latest,46e0c10c039e019119339687c3c1757cc81b9da49709a3b3924863ba87ca666e,20260801,16384,0.75,0.25,0.0,1.0,0,115,1.83,1
161,front,llama3.1:latest,46e0c10c039e019119339687c3c1757cc81b9da49709a3b3924863ba87ca666e,20260801,16384,0.85,1.0,0.2,0.8,0,875,3.34,1
161,second,llama3.1:latest,46e0c10c039e019119339687c3c1757cc81b9da49709a3b3924863ba87ca666e,20260801,16384,0.75,1.0,0.5,0.25,0,365,2.09,1
161,third,llama3.1:latest,46e0c10c039e019119339687c3c1757cc81b9da49709a3b3924863ba87ca666e,20260801,16384,0.25,1.0,0.0,0.5,0,125,1.85,1
162,front,llama3.1:latest,46e0c10c039e019119339687c3c1757cc81b9da49709a3b3924863ba87ca666e,20260801,16384,0.85,1.0,0.25,0.75,0,795,2.99,1
162,second,llama3.1:latest,46e0c10c039e019119339687c3c1757cc81b9da49709a3b3924863ba87ca666e,20260801,16384,0.75,1.0,0.5,0.75,0,266,2.06,1
162,third,llama3.1:latest,46e0c10c039e019119339687c3c1757cc81b9da49709a3b3924863ba87ca666e,20260801,16384,0.75,1.0,0.5,0.25,0,102,1.85,1
163,front,llama3.1:latest,46e0c10c039e019119339687c3c1757cc81b9da49709a3b3924863ba87ca666e,20260801,16384,0.85,0.95,0.0,1.0,0,801,3.38,1
163,second,llama3.1:latest,46e0c10c039e019119339687c3c1757cc81b9da49709a3b3924863ba87ca666e,20260801,16384,0.8,0.6,1.0,0.9,0,304,2.1,1
163,third,llama3.1:latest,46e0c10c039e019119339687c3c1757cc81b9da49709a3b3924863ba87ca666e,20260801,16384,0.9,0.0,0.0,1.0,0,106,1.83,1
164,front,llama3.1:latest,46e0c10c039e019119339687c3c1757cc81b9da49709a3b3924863ba87ca666e,20260801,16384,0.85,1.0,0.05,0.9,0,1105,3.67,1
164,second,llama3.1:latest,46e0c10c039e019119339687c3c1757cc81b9da49709a3b3924863ba87ca666e,20260801,16384,0.75,1.0,0.5,0.75,0,469,2.28,1
164,third,llama3.1:latest,46e0c10c039e019119339687c3c1757cc81b9da49709a3b3924863ba87ca666e,20260801,16384,0.75,1.0,0.0,0.5,0,153,1.84,1
165,front,llama3.1:latest,46e0c10c039e019119339687c3c1757cc81b9da49709a3b3924863ba87ca666e,20260801,16384,0.83,0.92,0.0,1.0,0,861,3.36,1
165,second,llama3.1:latest,46e0c10c039e019119339687c3c1757cc81b9da49709a3b3924863ba87ca666e,20260801,16384,0.75,1.0,0.5,0.67,0,419,2.26,1
165,third,llama3.1:latest,46e0c10c039e019119339687c3c1757cc81b9da49709a3b3924863ba87ca666e,20260801,16384,0.75,1.0,0.0,1.0,0,148,1.86,1
166,front,llama3.1:latest,46e0c10c039e019119339687c3c1757cc81b9da49709a3b3924863ba87ca666e,20260801,16384,0.75,1.0,0.25,0.5,0,542,2.29,1
166,second,llama3.1:latest,46e0c10c039e019119339687c3c1757cc81b9da49709a3b3924863ba87ca666e,20260801,16384,0.75,1.0,0.5,0.25,0,478,2.28,1
166,third,llama3.1:latest,46e0c10c039e019119339687c3c1757cc81b9da49709a3b3924863ba87ca666e,20260801,16384,0.75,1.0,0.0,0.5,0,139,1.85,1
167,front,llama3.1:latest,46e0c10c039e019119339687c3c1757cc81b9da49709a3b3924863ba87ca666e,20260801,16384,0.75,1.0,0.0,0.5,0,857,3.34,1
167,second,llama3.1:latest,46e0c10c039e019119339687c3c1757cc81b9da49709a3b3924863ba87ca666e,20260801,16384,0.75,1.0,0.5,1.0,0,338,2.08,1
167,third,llama3.1:latest,46e0c10c039e019119339687c3c1757cc81b9da49709a3b3924863ba87ca666e,20260801,16384,0.75,1.0,0.0,1.0,0,84,1.83,1
168,front,llama3.1:latest,46e0c10c039e019119339687c3c1757cc81b9da49709a3b3924863ba87ca666e,20260801,16384,0.8,1.0,0.0,0.5,0,332,2.06,1
168,second,llama3.1:latest,46e0c10c039e019119339687c3c1757cc81b9da49709a3b3924863ba87ca666e,20260801,16384,0.75,0.25,1.0,0.5,0,349,2.06,1
168,third,llama3.1:latest,46e0c10c039e019119339687c3c1757cc81b9da49709a3b3924863ba87ca666e,20260801,16384,0.75,0.25,0.0,1.0,0,127,1.85,1
169,front,llama3.1:latest,46e0c10c039e019119339687c3c1757cc81b9da49709a3b3924863ba87ca666e,20260801,16384,0.8,0.4,0.0,1.0,0,443,2.26,1
169,second,llama3.1:latest,46e0c10c039e019119339687c3c1757cc81b9da49709a3b3924863ba87ca666e,20260801,16384,0.75,0.25,1.0,0.5,0,307,2.05,1
169,third,llama3.1:latest,46e0c10c039e019119339687c3c1757cc81b9da49709a3b3924863ba87ca666e,20260801,16384,0.75,1.0,0.5,0.75,0,141,1.84,1
170,front,llama3.1:latest,46e0c10c039e019119339687c3c1757cc81b9da49709a3b3924863ba87ca666e,20260801,16384,0.85,0.65,0.0,1.0,0,452,2.27,1
170,second,llama3.1:latest,46e0c10c039e019119339687c3c1757cc81b9da49709a3b3924863ba87ca666e,20260801,16384,0.75,0.25,1.0,0.5,0,322,2.05,1
170,third,llama3.1:latest,46e0c10c039e019119339687c3c1757cc81b9da49709a3b3924863ba87ca666e,20260801,16384,0.75,0.25,1.0,0.5,0,155,1.85,1
171,front,llama3.1:latest,46e0c10c039e019119339687c3c1757cc81b9da49709a3b3924863ba87ca666e,20260801,16384,0.75,0.5,0.0,1.0,0,399,2.06,1
171,second,llama3.1:latest,46e0c10c039e019119339687c3c1757cc81b9da49709a3b3924863ba87ca666e,20260801,16384,0.75,0.25,1.0,0.5,0,296,2.03,1
171,third,llama3.1:latest,46e0c10c039e019119339687c3c1757cc81b9da49709a3b3924863ba87ca666e,20260801,16384,0.75,0.0,0.0,1.0,0,147,1.83,1
172,front,llama3.1:latest,46e0c10c039e019119339687c3c1757cc81b9da49709a3b3924863ba87ca666e,20260801,16384,0.85,0.65,0.0,1.0,0,514,2.28,1
172,second,llama3.1:latest,46e0c10c039e019119339687c3c1757cc81b9da49709a3b3924863ba87ca666e,20260801,16384,0.25,1.0,0.5,0.75,0,325,2.06,1
172,third,llama3.1:latest,46e0c10c039e019119339687c3c1757cc81b9da49709a3b3924863ba87ca666e,20260801,16384,0.75,1.0,0.0,0.5,0,105,1.84,1
173,front,llama3.1:latest,46e0c10c039e019119339687c3c1757cc81b9da49709a3b3924863ba87ca666e,20260801,16384,0.9,0.8,0.0,1.0,0,523,2.28,1
173,second,llama3.1:latest,46e0c10c039e019119339687c3c1757cc81b9da49709a3b3924863ba87ca666e,20260801,16384,0.75,1.0,0.5,1.0,0,282,2.04,1
173,third,llama3.1:latest,46e0c10c039e019119339687c3c1757cc81b9da49709a3b3924863ba87ca666e,20260801,16384,0.75,0.25,0.0,1.0,0,169,1.85,1
174,front,llama3.1:latest,46e0c10c039e019119339687c3c1757cc81b9da49709a3b3924863ba87ca666e,20260801,16384,0.85,0.65,0.0,1.0,0,805,2.95,1
174,second,llama3.1:latest,46e0c10c039e019119339687c3c1757cc81b9da49709a3b3924863ba87ca666e,20260801,16384,0.75,1.0,0.5,0.25,0,415,2.24,1
174,third,llama3.1:latest,46e0c10c039e019119339687c3c1757cc81b9da49709a3b3924863ba87ca666e,20260801,16384,0.25,0.0,1.0,0.5,0,145,1.84,1
175,front,llama3.1:latest,46e0c10c039e019119339687c3c1757cc81b9da49709a3b3924863ba87ca666e,20260801,16384,0.85,0.65,0.0,1.0,0,578,2.3,1
175,second,llama3.1:latest,46e0c10c039e019119339687c3c1757cc81b9da49709a3b3924863ba87ca666e,20260801,16384,0.75,1.0,0.5,0.25,0,257,2.02,1
175,third,llama3.1:latest,46e0c10c039e019119339687c3c1757cc81b9da49709a3b3924863ba87ca666e,20260801,16384,0.75,0.25,0.0,1.0,0,137,1.86,1
176,front,llama3.1:latest,46e0c10c039e019119339687c3c1757cc81b9da49709a3b3924863ba87ca666e,20260801,16384,0.9,0.6,0.0,1.0,0,452,2.27,1
176,second,llama3.1:latest,46e0c10c039e019119339687c3c1757cc81b9da49709a3b3924863ba87ca666e,20260801,16384,0.75,1.0,0.5,0.25,0,312,2.05,1
176,third,llama3.1:latest,46e0c10c039e019119339687c3c1757cc81b9da49709a3b3924863ba87ca666e,20260801,16384,1.0,0.0,0.0,1.0,0,117,1.84,1
177,front,llama3.1:latest,46e0c10c039e019119339687c3c1757cc81b9da49709a3b3924863ba87ca666e,20260801,16384,0.75,0.5,0.0,1.0,0,642,2.57,1
177,second,llama3.1:latest,46e0c10c039e019119339687c3c1757cc81b9da49709a3b3924863ba87ca666e,20260801,16384,0.75,0.25,1.0,0.5,0,392,2.06,1
177,third,llama3.1:latest,46e0c10c039e019119339687c3c1757cc81b9da49709a3b3924863ba87ca666e,20260801,16384,0.75,0.25,0.0,1.0,0,168,1.85,1
178,front,llama3.1:latest,46e0c10c039e019119339687c3c1757cc81b9da49709a3b3924863ba87ca666e,20260801,16384,0.9,1.0,0.0,0.5,0,452,2.26,1
178,second,llama3.1:latest,46e0c10c039e019119339687c3c1757cc81b9da49709a3b3924863ba87ca666e,20260801,16384,0.75,1.0,0.25,0.5,0,239,2.02,1
178,third,llama3.1:latest,46e0c10c039e019119339687c3c1757cc81b9da49709a3b3924863ba87ca666e,20260801,16384,0.75,0.0,0.0,0.5,0,114,1.84,1
179,front,llama3.1:latest,46e0c10c039e019119339687c3c1757cc81b9da49709a3b3924863ba87ca666e,20260801,16384,0.9,0.8,0.0,1.0,0,485,2.28,1
179,second,llama3.1:latest,46e0c10c039e019119339687c3c1757cc81b9da49709a3b3924863ba87ca666e,20260801,16384,0.75,1.0,0.25,0.5,0,259,2.05,1
179,third,llama3.1:latest,46e0c10c039e019119339687c3c1757cc81b9da49709a3b3924863ba87ca666e,20260801,16384,0.75,0.25,0.0,1.0,0,116,1.85,1
180,front,llama3.1:latest,46e0c10c039e019119339687c3c1757cc81b9da49709a3b3924863ba87ca666e,20260801,16384,0.75,1.0,0.0,0.5,0,857,3.35,1
180,second,llama3.1:latest,46e0c10c039e019119339687c3c1757cc81b9da49709a3b3924863ba87ca666e,20260801,16384,0.75,0.25,1.0,0.5,0,339,2.11,1
180,third,llama3.1:latest,46e0c10c039e019119339687c3c1757cc81b9da49709a3b3924863ba87ca666e,20260801,16384,0.75,0.0,0.0,1.0,0,84,1.82,1
181,front,llama3.1:latest,46e0c10c039e019119339687c3c1757cc81b9da49709a3b3924863ba87ca666e,20260801,16384,0.83,0.67,0.0,1.0,0,689,2.59,1
181,second,llama3.1:latest,46e0c10c039e019119339687c3c1757cc81b9da49709a3b3924863ba87ca666e,20260801,16384,0.75,1.0,0.25,0.5,0,585,2.28,1
181,third,llama3.1:latest,46e0c10c039e019119339687c3c1757cc81b9da49709a3b3924863ba87ca666e,20260801,16384,0.75,0.25,0.0,1.0,0,147,1.84,1
182,front,llama3.1:latest,46e0c10c039e019119339687c3c1757cc81b9da49709a3b3924863ba87ca666e,20260801,16384,0.92,0.88,0.0,1.0,0,619,2.59,1
182,second,llama3.1:latest,46e0c10c039e019119339687c3c1757cc81b9da49709a3b3924863ba87ca666e,20260801,16384,0.75,1.0,0.5,0.25,0,366,2.09,1
182,third,llama3.1:latest,46e0c10c039e019119339687c3c1757cc81b9da49709a3b3924863ba87ca666e,20260801,16384,0.75,0.25,0.0,0.5,0,133,1.84,1
183,front,llama3.1:latest,46e0c10c039e019119339687c3c1757cc81b9da49709a3b3924863ba87ca666e,20260801,16384,0.85,0.95,0.0,1.0,0,675,2.89,1
183,second,llama3.1:latest,46e0c10c039e019119339687c3c1757cc81b9da49709a3b3924863ba87ca666e,20260801,16384,0.75,0.25,1.0,0.5,0,394,2.1,1
183,third,llama3.1:latest,46e0c10c039e019119339687c3c1757cc81b9da49709a3b3924863ba87ca666e,20260801,16384,0.75,1.0,0.5,0.75,0,140,1.84,1
184,front,llama3.1:latest,46e0c10c039e019119339687c3c1757cc81b9da49709a3b3924863ba87ca666e,20260801,16384,0.85,1.0,0.0,0.5,0,660,2.91,1
184,second,llama3.1:latest,46e0c10c039e019119339687c3c1757cc81b9da49709a3b3924863ba87ca666e,20260801,16384,0.75,1.0,0.5,0.75,0,299,2.04,1
184,third,llama3.1:latest,46e0c10c039e019119339687c3c1757cc81b9da49709a3b3924863ba87ca666e,20260801,16384,0.75,0.25,0.0,1.0,0,100,1.82,1
185,front,llama3.1:latest,46e0c10c039e019119339687c3c1757cc81b9da49709a3b3924863ba87ca666e,20260801,16384,0.8,1.0,0.2,0.9,0,692,2.96,1
185,second,llama3.1:latest,46e0c10c039e019119339687c3c1757cc81b9da49709a3b3924863ba87ca666e,20260801,16384,0.75,0.5,1.0,0.75,0,326,2.08,1
185,third,llama3.1:latest,46e0c10c039e019119339687c3c1757cc81b9da49709a3b3924863ba87ca666e,20260801,16384,0.75,1.0,0.0,0.5,0,131,1.85,1
186,front,llama3.1:latest,46e0c10c039e019119339687c3c1757cc81b9da49709a3b3924863ba87ca666e,20260801,16384,0.85,1.0,0.25,0.75,0,875,3.36,1
186,second,llama3.1:latest,46e0c10c039e019119339687c3c1757cc81b9da49709a3b3924863ba87ca666e,20260801,16384,0.75,1.0,0.5,0.75,0,298,2.06,1
186,third,llama3.1:latest,46e0c10c039e019119339687c3c1757cc81b9da49709a3b3924863ba87ca666e,20260801,16384,0.75,0.25,0.0,0.5,0,116,1.83,1
187,front,llama3.1:latest,46e0c10c039e019119339687c3c1757cc81b9da49709a3b3924863ba87ca666e,20260801,16384,0.85,0.65,0.0,0.75,0,865,2.95,1
187,second,llama3.1:latest,46e0c10c039e019119339687c3c1757cc81b9da49709a3b3924863ba87ca666e,20260801,16384,0.25,1.0,1.0,1.0,0,279,2.06,1
187,third,llama3.1:latest,46e0c10c039e019119339687c3c1757cc81b9da49709a3b3924863ba87ca666e,20260801,16384,0.25,0.0,0.0,1.0,0,80,1.82,1
188,front,llama3.1:latest,46e0c10c039e019119339687c3c1757cc81b9da49709a3b3924863ba87ca666e,20260801,16384,0.85,1.0,0.25,0.75,0,796,2.97,1
188,second,llama3.1:latest,46e0c10c039e019119339687c3c1757cc81b9da49709a3b3924863ba87ca666e,20260801,16384,0.75,1.0,0.25,0.5,0,267,2.05,1
188,third,llama3.1:latest,46e0c10c039e019119339687c3c1757cc81b9da49709a3b3924863ba87ca666e,20260801,16384,0.75,1.0,0.0,0.5,0,104,1.84,1
189,front,llama3.1:latest,46e0c10c039e019119339687c3c1757cc81b9da49709a3b3924863ba87ca666e,20260801,16384,0.85,0.75,0.0,1.0,0,802,3.38,1
189,second,llama3.1:latest,46e0c10c039e019119339687c3c1757cc81b9da49709a3b3924863ba87ca666e,20260801,16384,0.8,0.6,1.0,0.9,0,305,2.08,1
189,third,llama3.1:latest,46e0c10c039e019119339687c3c1757cc81b9da49709a3b3924863ba87ca666e,20260801,16384,0.75,1.0,0.0,0.5,0,108,1.84,1
190,front,llama3.1:latest,46e0c10c039e019119339687c3c1757cc81b9da49709a3b3924863ba87ca666e,20260801,16384,0.85,1.0,0.25,0.75,0,614,2.57,1
190,second,llama3.1:latest,46e0c10c039e019119339687c3c1757cc81b9da49709a3b3924863ba87ca666e,20260801,16384,0.75,1.0,0.5,0.25,0,305,2.04,1
190,third,llama3.1:latest,46e0c10c039e019119339687c3c1757cc81b9da49709a3b3924863ba87ca666e,20260801,16384,0.75,1.0,0.0,0.5,0,131,1.84,1
191,front,llama3.1:latest,46e0c10c039e019119339687c3c1757cc81b9da49709a3b3924863ba87ca666e,20260801,16384,0.85,0.65,0.0,1.0,0,746,2.95,1
191,second,llama3.1:latest,46e0c10c039e019119339687c3c1757cc81b9da49709a3b3924863ba87ca666e,20260801,16384,0.75,0.25,1.0,0.5,0,332,2.07,1
191,third,llama3.1:latest,46e0c10c039e019119339687c3c1757cc81b9da49709a3b3924863ba87ca666e,20260801,16384,0.75,1.0,0.0,0.5,0,123,1.84,1
192,front,llama3.1:latest,46e0c10c039e019119339687c3c1757cc81b9da49709a3b3924863ba87ca666e,20260801,16384,0.9,1.0,0.2,0.8,0,551,2.55,1
192,second,llama3.1:latest,46e0c10c039e019119339687c3c1757cc81b9da49709a3b3924863ba87ca666e,20260801,16384,0.75,1.0,0.5,0.75,0,322,2.05,1
192,third,llama3.1:latest,46e0c10c039e019119339687c3c1757cc81b9da49709a3b3924863ba87ca666e,20260801,16384,0.75,1.0,0.0,0.5,0,129,1.84,1
193,front,llama3.1:latest,46e0c10c039e019119339687c3c1757cc81b9da49709a3b3924863ba87ca666e,20260801,16384,0.75,1.0,0.25,0.5,0,858,3.36,1
193,second,llama3.1:latest,46e0c10c039e019119339687c3c1757cc81b9da49709a3b3924863ba87ca666e,20260801,16384,0.75,0.5,1.0,0.75,0,339,2.09,1
193,third,llama3.1:latest,46e0c10c039e019119339687c3c1757cc81b9da49709a3b3924863ba87ca666e,20260801,16384,0.75,1.0,0.0,0.5,0,85,1.82,1
194,front,llama3.1:latest,46e0c10c039e019119339687c3c1757cc81b9da49709a3b3924863ba87ca666e,20260801,16384,0.9,1.0,0.0,0.5,0,342,2.06,1
194,second,llama3.1:latest,46e0c10c039e019119339687c3c1757cc81b9da49709a3b3924863ba87ca666e,20260801,16384,0.75,1.0,0.25,0.5,0,298,2.03,1
194,third,llama3.1:latest,46e0c10c039e019119339687c3c1757cc81b9da49709a3b3924863ba87ca666e,20260801,16384,0.75,0.25,0.0,1.0,0,125,1.83,1
195,front,llama3.1:latest,46e0c10c039e019119339687c3c1757cc81b9da49709a3b3924863ba87ca666e,20260801,16384,0.75,1.0,0.25,0.5,0,825,3.35,1
195,second,llama3.1:latest,46e0c10c039e019119339687c3c1757cc81b9da49709a3b3924863ba87ca666e,20260801,16384,0.75,1.0,0.5,1.0,0,282,2.05,1
195,third,llama3.1:latest,46e0c10c039e019119339687c3c1757cc81b9da49709a3b3924863ba87ca666e,20260801,16384,0.75,1.0,0.5,0.5,0,126,1.84,1
196,front,llama3.1:latest,46e0c10c039e019119339687c3c1757cc81b9da49709a3b3924863ba87ca666e,20260801,16384,0.75,0.88,0.0,1.0,0,598,2.58,1
196,second,llama3.1:latest,46e0c10c039e019119339687c3c1757cc81b9da49709a3b3924863ba87ca666e,20260801,16384,0.75,1.0,0.5,0.67,0,361,2.06,1
196,third,llama3.1:latest,46e0c10c039e019119339687c3c1757cc81b9da49709a3b3924863ba87ca666e,20260801,16384,0.75,1.0,0.0,1.0,0,167,1.85,1
197,front,llama3.1:latest,46e0c10c039e019119339687c3c1757cc81b9da49709a3b3924863ba87ca666e,20260801,16384,0.75,1.0,0.25,0.5,0,797,3.33,1
197,second,llama3.1:latest,46e0c10c039e019119339687c3c1757cc81b9da49709a3b3924863ba87ca666e,20260801,16384,0.75,0.5,1.0,0.75,0,295,2.05,1
197,third,llama3.1:latest,46e0c10c039e019119339687c3c1757cc81b9da49709a3b3924863ba87ca666e,20260801,16384,0.25,0.5,1.0,0.75,0,107,1.82,1
198,front,llama3.1:latest,46e0c10c039e019119339687c3c1757cc81b9da49709a3b3924863ba87ca666e,20260801,16384,0.75,1.0,0.25,0.5,0,944,3.66,1
198,second,llama3.1:latest,46e0c10c039e019119339687c3c1757cc81b9da49709a3b3924863ba87ca666e,20260801,16384,0.75,1.0,0.5,0.75,0,317,2.09,1
198,third,llama3.1:latest,46e0c10c039e019119339687c3c1757cc81b9da49709a3b3924863ba87ca666e,20260801,16384,0.75,1.0,0.0,0.5,0,132,1.87,1
199,front,llama3.1:latest,46e0c10c039e019119339687c3c1757cc81b9da49709a3b3924863ba87ca666e,20260801,16384,0.75,0.88,0.0,1.0,0,768,2.95,1
199,second,llama3.1:latest,46e0c10c039e019119339687c3c1757cc81b9da49709a3b3924863ba87ca666e,20260801,16384,0.75,1.0,0.5,0.75,0,355,2.1,1
199,third,llama3.1:latest,46e0c10c039e019119339687c3c1757cc81b9da49709a3b3924863ba87ca666e,20260801,16384,0.75,1.0,0.0,0.5,0,122,1.84,1
200,front,llama3.1:latest,46e0c10c039e019119339687c3c1757cc81b9da49709a3b3924863ba87ca666e,20260801,16384,0.75,1.0,0.25,0.5,0,1062,3.76,1
200,second,llama3.1:latest,46e0c10c039e019119339687c3c1757cc81b9da49709a3b3924863ba87ca666e,20260801,16384,0.75,0.5,1.0,0.25,0,339,2.11,1
200,third,llama3.1:latest,46e0c10c039e019119339687c3c1757cc81b9da49709a3b3924863ba87ca666e,20260801,16384,0.25,0.0,0.0,1.0,0,99,1.82,1
201,front,llama3.1:latest,46e0c10c039e019119339687c3c1757cc81b9da49709a3b3924863ba87ca666e,20260801,16384,0.75,0.875,0.125,1.0,0,802,2.97,1
201,second,llama3.1:latest,46e0c10c039e019119339687c3c1757cc81b9da49709a3b3924863ba87ca666e,20260801,16384,0.25,1.0,0.5,0.75,0,244,2.05,1
201,third,llama3.1:latest,46e0c10c039e019119339687c3c1757cc81b9da49709a3b3924863ba87ca666e,20260801,16384,0.25,0.0,1.0,0.5,0,126,1.85,1
202,front,llama3.1:latest,46e0c10c039e019119339687c3c1757cc81b9da49709a3b3924863ba87ca666e,20260801,16384,0.83,1.0,0.0,1.0,0,1172,4.21,1
202,second,llama3.1:latest,46e0c10c039e019119339687c3c1757cc81b9da49709a3b3924863ba87ca666e,20260801,16384,0.75,1.0,0.5,0.75,0,341,2.14,1
202,third,llama3.1:latest,46e0c10c039e019119339687c3c1757cc81b9da49709a3b3924863ba87ca666e,20260801,16384,0.75,1.0,0.0,0.5,0,111,1.84,1
203,front,llama3.1:latest,46e0c10c039e019119339687c3c1757cc81b9da49709a3b3924863ba87ca666e,20260801,16384,0.75,1.0,0.25,0.5,0,1037,3.33,1
203,second,llama3.1:latest,46e0c10c039e019119339687c3c1757cc81b9da49709a3b3924863ba87ca666e,20260801,16384,0.75,0.88,1.0,0.83,0,453,2.28,1
203,third,llama3.1:latest,46e0c10c039e019119339687c3c1757cc81b9da49709a3b3924863ba87ca666e,20260801,16384,0.75,0.25,0.0,1.0,0,180,1.84,1
204,front,llama3.1:latest,46e0c10c039e019119339687c3c1757cc81b9da49709a3b3924863ba87ca666e,20260801,16384,0.9,1.0,0.2,0.8,0,772,2.9,1
204,second,llama3.1:latest,46e0c10c039e019119339687c3c1757cc81b9da49709a3b3924863ba87ca666e,20260801,16384,0.75,1.0,0.5,0.75,0,312,2.15,1
204,third,llama3.1:latest,46e0c10c039e019119339687c3c1757cc81b9da49709a3b3924863ba87ca666e,20260801,16384,0.75,0.0,0.0,1.0,0,118,1.85,1
205,front,llama3.1:latest,46e0c10c039e019119339687c3c1757cc81b9da49709a3b3924863ba87ca666e,20260801,16384,0.75,1.0,0.25,0.5,0,952,3.72,1
205,second,llama3.1:latest,46e0c10c039e019119339687c3c1757cc81b9da49709a3b3924863ba87ca666e,20260801,16384,0.75,1.0,0.5,0.25,0,242,2.06,1
205,third,llama3.1:latest,46e0c10c039e019119339687c3c1757cc81b9da49709a3b3924863ba87ca666e,20260801,16384,0.25,1.0,0.5,0.75,0,119,1.85,1
206,front,llama3.1:latest,46e0c10c039e019119339687c3c1757cc81b9da49709a3b3924863ba87ca666e,20260801,16384,0.75,1.0,0.25,0.5,0,717,2.94,1
206,second,llama3.1:latest,46e0c10c039e019119339687c3c1757cc81b9da49709a3b3924863ba87ca666e,20260801,16384,0.75,0.5,0.25,1.0,0,297,2.07,1
206,third,llama3.1:latest,46e0c10c039e019119339687c3c1757cc81b9da49709a3b3924863ba87ca666e,20260801,16384,0.75,0.25,1.0,0.5,0,163,1.88,1
207,front,llama3.1:latest,46e0c10c039e019119339687c3c1757cc81b9da49709a3b3924863ba87ca666e,20260801,16384,0.8,1.0,0.2,0.9,0,721,2.97,1
207,second,llama3.1:latest,46e0c10c039e019119339687c3c1757cc81b9da49709a3b3924863ba87ca666e,20260801,16384,0.75,1.0,0.25,0.5,0,280,2.05,1
207,third,llama3.1:latest,46e0c10c039e019119339687c3c1757cc81b9da49709a3b3924863ba87ca666e,20260801,16384,0.75,0.25,0.0,1.0,0,159,1.85,1
208,front,llama3.1:latest,46e0c10c039e019119339687c3c1757cc81b9da49709a3b3924863ba87ca666e,20260801,16384,0.85,0.65,0.05,0.75,0,526,2.59,1
208,second,llama3.1:latest,46e0c10c039e019119339687c3c1757cc81b9da49709a3b3924863ba87ca666e,20260801,16384,0.75,0.5,1.0,0.8,0,381,2.23,1
208,third,llama3.1:latest,46e0c10c039e019119339687c3c1757cc81b9da49709a3b3924863ba87ca666e,20260801,16384,0.75,0.25,1.0,0.5,0,200,2.01,1
209,front,llama3.1:latest,46e0c10c039e019119339687c3c1757cc81b9da49709a3b3924863ba87ca666e,20260801,16384,0.25,1.0,1.0,1.0,0,73,1.84,1
209,second,llama3.1:latest,46e0c10c039e019119339687c3c1757cc81b9da49709a3b3924863ba87ca666e,20260801,16384,0.25,1.0,0.5,0.75,0,231,2.01,1
209,third,llama3.1:latest,46e0c10c039e019119339687c3c1757cc81b9da49709a3b3924863ba87ca666e,20260801,16384,0.25,0.0,1.0,1.0,0,61,1.82,1
210,front,llama3.1:latest,46e0c10c039e019119339687c3c1757cc81b9da49709a3b3924863ba87ca666e,20260801,16384,0.75,0.88,0.25,0.67,0,562,2.58,1
210,second,llama3.1:latest,46e0c10c039e019119339687c3c1757cc81b9da49709a3b3924863ba87ca666e,20260801,16384,0.25,0.0,1.0,0.75,0,311,2.04,1
210,third,llama3.1:latest,46e0c10c039e019119339687c3c1757cc81b9da49709a3b3924863ba87ca666e,20260801,16384,0.75,0.25,0.0,1.0,0,102,1.82,1
211,front,llama3.1:latest,46e0c10c039e019119339687c3c1757cc81b9da49709a3b3924863ba87ca666e,20260801,16384,0.85,0.95,0.0,1.0,0,635,2.59,1
211,second,llama3.1:latest,46e0c10c039e019119339687c3c1757cc81b9da49709a3b3924863ba87ca666e,20260801,16384,0.75,0.5,1.0,0.75,0,349,2.08,1
211,third,llama3.1:latest,46e0c10c039e019119339687c3c1757cc81b9da49709a3b3924863ba87ca666e,20260801,16384,0.75,0.25,0.0,1.0,0,98,1.84,1
212,front,llama3.1:latest,46e0c10c039e019119339687c3c1757cc81b9da49709a3b3924863ba87ca666e,20260801,16384,0.75,0.5,0.0,1.0,0,514,2.29,1
212,second,llama3.1:latest,46e0c10c039e019119339687c3c1757cc81b9da49709a3b3924863ba87ca666e,20260801,16384,0.75,1.0,0.5,0.75,0,289,2.05,1
212,third,llama3.1:latest,46e0c10c039e019119339687c3c1757cc81b9da49709a3b3924863ba87ca666e,20260801,16384,0.75,0.25,0.0,1.0,0,129,1.84,1
213,front,llama3.1:latest,46e0c10c039e019119339687c3c1757cc81b9da49709a3b3924863ba87ca666e,20260801,16384,0.85,0.65,0.55,0.75,0,589,2.58,1
213,second,llama3.1:latest,46e0c10c039e019119339687c3c1757cc81b9da49709a3b3924863ba87ca666e,20260801,16384,0.75,1.0,0.5,1.0,0,491,2.26,1
213,third,llama3.1:latest,46e0c10c039e019119339687c3c1757cc81b9da49709a3b3924863ba87ca666e,20260801,16384,0.75,0.25,1.0,0.5,0,184,1.85,1
214,front,llama3.1:latest,46e0c10c039e019119339687c3c1757cc81b9da49709a3b3924863ba87ca666e,20260801,16384,0.75,1.0,0.25,1.0,0,442,2.27,1
214,second,llama3.1:latest,46e0c10c039e019119339687c3c1757cc81b9da49709a3b3924863ba87ca666e,20260801,16384,0.75,1.0,0.25,1.0,0,300,2.03,1
214,third,llama3.1:latest,46e0c10c039e019119339687c3c1757cc81b9da49709a3b3924863ba87ca666e,20260801,16384,0.75,0.25,1.0,1.0,0,152,1.85,1
215,front,llama3.1:latest,46e0c10c039e019119339687c3c1757cc81b9da49709a3b3924863ba87ca666e,20260801,16384,0.9,0.8,1.0,0.75,0,420,2.25,1
215,second,llama3.1:latest,46e0c10c039e019119339687c3c1757cc81b9da49709a3b3924863ba87ca666e,20260801,16384,0.75,1.0,0.5,1.0,0,250,2.11,1
215,third,llama3.1:latest,46e0c10c039e019119339687c3c1757cc81b9da49709a3b3924863ba87ca666e,20260801,16384,1.0,0.0,0.0,1.0,0,154,1.94,1
216,front,llama3.1:latest,46e0c10c039e019119339687c3c1757cc81b9da49709a3b3924863ba87ca666e,20260801,16384,0.75,0.5,0.25,0.75,0,646,2.58,1
216,second,llama3.1:latest,46e0c10c039e019119339687c3c1757cc81b9da49709a3b3924863ba87ca666e,20260801,16384,0.75,1.0,0.5,1.0,0,265,2.18,1
216,third,llama3.1:latest,46e0c10c039e019119339687c3c1757cc81b9da49709a3b3924863ba87ca666e,20260801,16384,0.75,0.25,0.0,1.0,0,153,2.0,1
217,front,llama3.1:latest,46e0c10c039e019119339687c3c1757cc81b9da49709a3b3924863ba87ca666e,20260801,16384,0.0,1.0,0.0,1.0,0,62,1.99,1
217,second,llama3.1:latest,46e0c10c039e019119339687c3c1757cc81b9da49709a3b3924863ba87ca666e,20260801,16384,0.0,0.0,1.0,1.0,0,159,1.95,1
217,third,llama3.1:latest,46e0c10c039e019119339687c3c1757cc81b9da49709a3b3924863ba87ca666e,20260801,16384,0.0,1.0,1.0,1.0,0,63,1.89,1
218,front,llama3.1:latest,46e0c10c039e019119339687c3c1757cc81b9da49709a3b3924863ba87ca666e,20260801,16384,0.0,0.0,1.0,1.0,0,65,2.0,1
218,second,llama3.1:latest,46e0c10c039e019119339687c3c1757cc81b9da49709a3b3924863ba87ca666e,20260801,16384,0.0,1.0,1.0,1.0,0,213,2.18,1
218,third,llama3.1:latest,46e0c10c039e019119339687c3c1757cc81b9da49709a3b3924863ba87ca666e,20260801,16384,0.0,0.0,1.0,1.0,0,84,1.83,1
219,front,llama3.1:latest,46e0c10c039e019119339687c3c1757cc81b9da49709a3b3924863ba87ca666e,20260801,16384,0.0,0.0,1.0,1.0,0,57,1.99,1
219,second,llama3.1:latest,46e0c10c039e019119339687c3c1757cc81b9da49709a3b3924863ba87ca666e,20260801,16384,0.0,1.0,1.0,1.0,0,144,1.86,1
219,third,llama3.1:latest,46e0c10c039e019119339687c3c1757cc81b9da49709a3b3924863ba87ca666e,20260801,16384,0.0,1.0,0.0,1.0,0,60,1.84,1
220,front,llama3.1:latest,46e0c10c039e019119339687c3c1757cc81b9da49709a3b3924863ba87ca666e,20260801,16384,0.95,0.85,0.0,1.0,0,808,3.03,1
220,second,llama3.1:latest,46e0c10c039e019119339687c3c1757cc81b9da49709a3b3924863ba87ca666e,20260801,16384,0.75,1.0,0.5,1.0,0,253,2.11,1
220,third,llama3.1:latest,46e0c10c039e019119339687c3c1757cc81b9da49709a3b3924863ba87ca666e,20260801,16384,0.25,1.0,0.0,1.0,0,105,1.91,1
221,front,llama3.1:latest,46e0c10c039e019119339687c3c1757cc81b9da49709a3b3924863ba87ca666e,20260801,16384,0.95,1.0,0.0,0.5,0,985,3.38,1
221,second,llama3.1:latest,46e0c10c039e019119339687c3c1757cc81b9da49709a3b3924863ba87ca666e,20260801,16384,0.25,1.0,1.0,1.0,0,274,2.17,1
221,third,llama3.1:latest,46e0c10c039e019119339687c3c1757cc81b9da49709a3b3924863ba87ca666e,20260801,16384,0.75,1.0,0.0,0.5,0,103,1.84,1
222,front,llama3.1:latest,46e0c10c039e019119339687c3c1757cc81b9da49709a3b3924863ba87ca666e,20260801,16384,0.95,1.0,0.05,0.8,0,850,3.32,1
222,second,llama3.1:latest,46e0c10c039e019119339687c3c1757cc81b9da49709a3b3924863ba87ca666e,20260801,16384,0.25,1.0,0.75,1.0,0,251,2.06,1
222,third,llama3.1:latest,46e0c10c039e019119339687c3c1757cc81b9da49709a3b3924863ba87ca666e,20260801,16384,0.0,1.0,0.0,1.0,0,71,1.83,1
223,front,llama3.1:latest,46e0c10c039e019119339687c3c1757cc81b9da49709a3b3924863ba87ca666e,20260801,16384,0.0,0.0,1.0,1.0,0,69,1.84,1
223,second,llama3.1:latest,46e0c10c039e019119339687c3c1757cc81b9da49709a3b3924863ba87ca666e,20260801,16384,0.0,1.0,1.0,1.0,0,188,1.87,1
223,third,llama3.1:latest,46e0c10c039e019119339687c3c1757cc81b9da49709a3b3924863ba87ca666e,20260801,16384,0.0,0.0,0.0,0.0,0,64,1.83,1
224,front,llama3.1:latest,46e0c10c039e019119339687c3c1757cc81b9da49709a3b3924863ba87ca666e,20260801,16384,0.95,1.0,0.0,0.5,0,964,3.32,1
224,second,llama3.1:latest,46e0c10c039e019119339687c3c1757cc81b9da49709a3b3924863ba87ca666e,20260801,16384,0.25,1.0,0.5,1.0,0,404,2.27,1
224,third,llama3.1:latest,46e0c10c039e019119339687c3c1757cc81b9da49709a3b3924863ba87ca666e,20260801,16384,0.0,1.0,0.0,1.0,0,65,1.82,1
225,front,llama3.1:latest,46e0c10c039e019119339687c3c1757cc81b9da49709a3b3924863ba87ca666e,20260801,16384,0.0,1.0,1.0,1.0,0,64,1.83,1
225,second,llama3.1:latest,46e0c10c039e019119339687c3c1757cc81b9da49709a3b3924863ba87ca666e,20260801,16384,0.0,1.0,1.0,0.5,0,138,1.85,1
225,third,llama3.1:latest,46e0c10c039e019119339687c3c1757cc81b9da49709a3b3924863ba87ca666e,20260801,16384,0.0,0.0,1.0,0.5,0,64,1.83,1
226,front,llama3.1:latest,46e0c10c039e019119339687c3c1757cc81b9da49709a3b3924863ba87ca666e,20260801,16384,0.0,1.0,0.0,1.0,0,73,1.83,1
226,second,llama3.1:latest,46e0c10c039e019119339687c3c1757cc81b9da49709a3b3924863ba87ca666e,20260801,16384,0.0,1.0,1.0,1.0,0,163,1.88,1
226,third,llama3.1:latest,46e0c10c039e019119339687c3c1757cc81b9da49709a3b3924863ba87ca666e,20260801,16384,0.0,1.0,0.5,1.0,0,67,1.83,1
227,front,llama3.1:latest,46e0c10c039e019119339687c3c1757cc81b9da49709a3b3924863ba87ca666e,20260801,16384,0.95,0.85,0.0,0.5,0,959,3.34,1
227,second,llama3.1:latest,46e0c10c039e019119339687c3c1757cc81b9da49709a3b3924863ba87ca666e,20260801,16384,0.25,1.0,0.75,1.0,0,329,2.07,1
227,third,llama3.1:latest,46e0c10c039e019119339687c3c1757cc81b9da49709a3b3924863ba87ca666e,20260801,16384,0.25,1.0,0.5,1.0,0,97,1.83,1
228,front,llama3.1:latest,46e0c10c039e019119339687c3c1757cc81b9da49709a3b3924863ba87ca666e,20260801,16384,0.95,1.0,0.0,0.9,0,757,2.6,1
228,second,llama3.1:latest,46e0c10c039e019119339687c3c1757cc81b9da49709a3b3924863ba87ca666e,20260801,16384,0.75,1.0,0.5,1.0,0,279,2.07,1
228,third,llama3.1:latest,46e0c10c039e019119339687c3c1757cc81b9da49709a3b3924863ba87ca666e,20260801,16384,0.75,1.0,0.0,0.5,0,118,1.84,1
229,front,llama3.1:latest,46e0c10c039e019119339687c3c1757cc81b9da49709a3b3924863ba87ca666e,20260801,16384,0.85,0.95,0.05,1.0,0,745,2.96,1
229,second,llama3.1:latest,46e0c10c039e019119339687c3c1757cc81b9da49709a3b3924863ba87ca666e,20260801,16384,0.75,1.0,0.5,1.0,0,354,2.09,1
229,third,llama3.1:latest,46e0c10c039e019119339687c3c1757cc81b9da49709a3b3924863ba87ca666e,20260801,16384,0.75,1.0,0.5,1.0,0,159,1.86,1
230,front,llama3.1:latest,46e0c10c039e019119339687c3c1757cc81b9da49709a3b3924863ba87ca666e,20260801,16384,0.95,0.85,0.0,1.0,0,1119,3.68,1
230,second,llama3.1:latest,46e0c10c039e019119339687c3c1757cc81b9da49709a3b3924863ba87ca666e,20260801,16384,0.75,1.0,0.5,1.0,0,452,2.28,1
230,third,llama3.1:latest,46e0c10c039e019119339687c3c1757cc81b9da49709a3b3924863ba87ca666e,20260801,16384,0.75,1.0,0.0,1.0,0,89,1.83,1
231,front,llama3.1:latest,46e0c10c039e019119339687c3c1757cc81b9da49709a3b3924863ba87ca666e,20260801,16384,0.88,1.0,0.25,0.5,0,618,2.61,1
231,second,llama3.1:latest,46e0c10c039e019119339687c3c1757cc81b9da49709a3b3924863ba87ca666e,20260801,16384,0.75,1.0,0.25,0.5,0,249,2.02,1
231,third,llama3.1:latest,46e0c10c039e019119339687c3c1757cc81b9da49709a3b3924863ba87ca666e,20260801,16384,0.75,1.0,0.0,0.5,0,72,1.83,1
232,front,llama3.1:latest,46e0c10c039e019119339687c3c1757cc81b9da49709a3b3924863ba87ca666e,20260801,16384,0.95,0.85,0.0,1.0,0,862,2.97,1
232,second,llama3.1:latest,46e0c10c039e019119339687c3c1757cc81b9da49709a3b3924863ba87ca666e,20260801,16384,0.25,1.0,0.5,0.75,0,354,2.08,1
232,third,llama3.1:latest,46e0c10c039e019119339687c3c1757cc81b9da49709a3b3924863ba87ca666e,20260801,16384,0.25,1.0,0.5,0.75,0,110,1.84,1
233,front,llama3.1:latest,46e0c10c039e019119339687c3c1757cc81b9da49709a3b3924863ba87ca666e,20260801,16384,0.95,1.0,0.05,0.8,0,837,2.97,1
233,second,llama3.1:latest,46e0c10c039e019119339687c3c1757cc81b9da49709a3b3924863ba87ca666e,20260801,16384,0.75,1.0,0.5,0.25,0,366,2.25,1
233,third,llama3.1:latest,46e0c10c039e019119339687c3c1757cc81b9da49709a3b3924863ba87ca666e,20260801,16384,1.0,0.5,0.0,1.0,0,70,1.82,1
234,front,llama3.1:latest,46e0c10c039e019119339687c3c1757cc81b9da49709a3b3924863ba87ca666e,20260801,16384,0.0,1.0,0.0,1.0,0,69,1.82,1
234,second,llama3.1:latest,46e0c10c039e019119339687c3c1757cc81b9da49709a3b3924863ba87ca666e,20260801,16384,0.0,1.0,1.0,1.0,0,217,2.01,1
234,third,llama3.1:latest,46e0c10c039e019119339687c3c1757cc81b9da49709a3b3924863ba87ca666e,20260801,16384,0.0,1.0,1.0,1.0,0,88,1.82,1
235,front,llama3.1:latest,46e0c10c039e019119339687c3c1757cc81b9da49709a3b3924863ba87ca666e,20260801,16384,0.75,1.0,0.25,0.5,0,608,2.89,1
235,second,llama3.1:latest,46e0c10c039e019119339687c3c1757cc81b9da49709a3b3924863ba87ca666e,20260801,16384,0.25,1.0,0.5,1.0,0,287,2.09,1
235,third,llama3.1:latest,46e0c10c039e019119339687c3c1757cc81b9da49709a3b3924863ba87ca666e,20260801,16384,0.75,1.0,0.5,1.0,0,135,1.87,1
236,front,llama3.1:latest,46e0c10c039e019119339687c3c1757cc81b9da49709a3b3924863ba87ca666e,20260801,16384,0.95,0.85,0.0,0.1,0,734,2.98,1
236,second,llama3.1:latest,46e0c10c039e019119339687c3c1757cc81b9da49709a3b3924863ba87ca666e,20260801,16384,0.75,1.0,0.5,1.0,0,258,2.06,1
236,third,llama3.1:latest,46e0c10c039e019119339687c3c1757cc81b9da49709a3b3924863ba87ca666e,20260801,16384,0.75,1.0,0.0,1.0,0,110,1.84,1
237,front,llama3.1:latest,46e0c10c039e019119339687c3c1757cc81b9da49709a3b3924863ba87ca666e,20260801,16384,0.95,0.85,0.0,0.5,0,766,2.9,1
237,second,llama3.1:latest,46e0c10c039e019119339687c3c1757cc81b9da49709a3b3924863ba87ca666e,20260801,16384,0.25,1.0,0.5,0.75,0,381,2.09,1
237,third,llama3.1:latest,46e0c10c039e019119339687c3c1757cc81b9da49709a3b3924863ba87ca666e,20260801,16384,0.25,1.0,0.5,0.75,0,100,1.83,1
238,front,llama3.1:latest,46e0c10c039e019119339687c3c1757cc81b9da49709a3b3924863ba87ca666e,20260801,16384,0.95,1.0,0.0,0.5,0,871,3.35,1
238,second,llama3.1:latest,46e0c10c039e019119339687c3c1757cc81b9da49709a3b3924863ba87ca666e,20260801,16384,0.25,1.0,0.75,1.0,0,386,2.11,1
238,third,llama3.1:latest,46e0c10c039e019119339687c3c1757cc81b9da49709a3b3924863ba87ca666e,20260801,16384,0.75,1.0,0.0,0.5,0,156,1.86,1
239,front,llama3.1:latest,46e0c10c039e019119339687c3c1757cc81b9da49709a3b3924863ba87ca666e,20260801,16384,0.0,1.0,1.0,1.0,0,99,1.85,1
239,second,llama3.1:latest,46e0c10c039e019119339687c3c1757cc81b9da49709a3b3924863ba87ca666e,20260801,16384,0.0,1.0,1.0,1.0,0,186,1.87,1
239,third,llama3.1:latest,46e0c10c039e019119339687c3c1757cc81b9da49709a3b3924863ba87ca666e,20260801,16384,0.75,1.0,0.5,1.0,0,92,1.84,1
240,front,llama3.1:latest,46e0c10c039e019119339687c3c1757cc81b9da49709a3b3924863ba87ca666e,20260801,16384,0.95,1.0,0.0,0.5,0,788,3.32,1
240,second,llama3.1:latest,46e0c10c039e019119339687c3c1757cc81b9da49709a3b3924863ba87ca666e,20260801,16384,0.25,1.0,0.5,1.0,0,467,2.29,1
240,third,llama3.1:latest,46e0c10c039e019119339687c3c1757cc81b9da49709a3b3924863ba87ca666e,20260801,16384,0.0,1.0,0.0,1.0,0,69,1.81,1
241,front,llama3.1:latest,46e0c10c039e019119339687c3c1757cc81b9da49709a3b3924863ba87ca666e,20260801,16384,0.9,1.0,0.0,0.5,0,680,2.91,1
241,second,llama3.1:latest,46e0c10c039e019119339687c3c1757cc81b9da49709a3b3924863ba87ca666e,20260801,16384,0.75,1.0,0.5,1.0,0,488,2.29,1
241,third,llama3.1:latest,46e0c10c039e019119339687c3c1757cc81b9da49709a3b3924863ba87ca666e,20260801,16384,0.75,1.0,0.0,1.0,0,106,1.84,1
242,front,llama3.1:latest,46e0c10c039e019119339687c3c1757cc81b9da49709a3b3924863ba87ca666e,20260801,16384,0.95,0.85,0.0,1.0,0,910,3.37,1
242,second,llama3.1:latest,46e0c10c039e019119339687c3c1757cc81b9da49709a3b3924863ba87ca666e,20260801,16384,0.25,1.0,1.0,1.0,0,368,2.08,1
242,third,llama3.1:latest,46e0c10c039e019119339687c3c1757cc81b9da49709a3b3924863ba87ca666e,20260801,16384,0.75,1.0,0.0,1.0,0,115,1.83,1
243,front,llama3.1:latest,46e0c10c039e019119339687c3c1757cc81b9da49709a3b3924863ba87ca666e,20260801,16384,0.95,0.85,0.0,0.0,0,582,2.6,1
243,second,llama3.1:latest,46e0c10c039e019119339687c3c1757cc81b9da49709a3b3924863ba87ca666e,20260801,16384,0.75,0.88,1.0,0.5,0,377,2.23,1
243,third,llama3.1:latest,46e0c10c039e019119339687c3c1757cc81b9da49709a3b3924863ba87ca666e,20260801,16384,0.8,1.0,0.25,0.5,0,141,1.84,1
244,front,llama3.1:latest,46e0c10c039e019119339687c3c1757cc81b9da49709a3b3924863ba87ca666e,20260801,16384,0.9,1.0,0.0,0.5,0,542,2.29,1
244,second,llama3.1:latest,46e0c10c039e019119339687c3c1757cc81b9da49709a3b3924863ba87ca666e,20260801,16384,0.75,0.25,0.0,1.0,0,231,2.01,1
244,third,llama3.1:latest,46e0c10c039e019119339687c3c1757cc81b9da49709a3b3924863ba87ca666e,20260801,16384,0.0,1.0,0.0,1.0,0,71,1.81,1
245,front,llama3.1:latest,46e0c10c039e019119339687c3c1757cc81b9da49709a3b3924863ba87ca666e,20260801,16384,0.85,0.95,0.0,1.0,0,710,2.89,1
245,second,llama3.1:latest,46e0c10c039e019119339687c3c1757cc81b9da49709a3b3924863ba87ca666e,20260801,16384,0.75,1.0,0.5,1.0,0,352,2.09,1
245,third,llama3.1:latest,46e0c10c039e019119339687c3c1757cc81b9da49709a3b3924863ba87ca666e,20260801,16384,0.75,1.0,0.5,1.0,0,131,1.84,1
246,front,llama3.1:latest,46e0c10c039e019119339687c3c1757cc81b9da49709a3b3924863ba87ca666e,20260801,16384,0.95,0.85,0.0,0.8,0,830,2.92,1
246,second,llama3.1:latest,46e0c10c039e019119339687c3c1757cc81b9da49709a3b3924863ba87ca666e,20260801,16384,0.25,0.75,1.0,0.5,0,256,2.06,1
246,third,llama3.1:latest,46e0c10c039e019119339687c3c1757cc81b9da49709a3b3924863ba87ca666e,20260801,16384,0.0,1.0,0.5,1.0,0,89,1.82,1
247,front,llama3.1:latest,46e0c10c039e019119339687c3c1757cc81b9da49709a3b3924863ba87ca666e,20260801,16384,0.83,1.0,0.0,0.5,0,661,2.89,1
247,second,llama3.1:latest,46e0c10c039e019119339687c3c1757cc81b9da49709a3b3924863ba87ca666e,20260801,16384,0.75,0.25,1.0,0.5,0,303,2.06,1
247,third,llama3.1:latest,46e0c10c039e019119339687c3c1757cc81b9da49709a3b3924863ba87ca666e,20260801,16384,0.75,1.0,0.0,0.5,0,116,1.84,1
248,front,llama3.1:latest,46e0c10c039e019119339687c3c1757cc81b9da49709a3b3924863ba87ca666e,20260801,16384,0.95,1.0,0.0,0.5,0,867,2.91,1
248,second,llama3.1:latest,46e0c10c039e019119339687c3c1757cc81b9da49709a3b3924863ba87ca666e,20260801,16384,0.25,1.0,0.5,0.75,0,358,2.11,1
248,third,llama3.1:latest,46e0c10c039e019119339687c3c1757cc81b9da49709a3b3924863ba87ca666e,20260801,16384,0.0,1.0,0.5,1.0,0,114,1.85,1
249,front,llama3.1:latest,46e0c10c039e019119339687c3c1757cc81b9da49709a3b3924863ba87ca666e,20260801,16384,0.75,1.0,0.25,0.5,0,337,2.25,1
249,second,llama3.1:latest,46e0c10c039e019119339687c3c1757cc81b9da49709a3b3924863ba87ca666e,20260801,16384,0.75,1.0,0.5,0.25,0,276,2.04,1
249,third,llama3.1:latest,46e0c10c039e019119339687c3c1757cc81b9da49709a3b3924863ba87ca666e,20260801,16384,0.0,1.0,0.5,1.0,0,139,1.85,1
250,front,llama3.1:latest,46e0c10c039e019119339687c3c1757cc81b9da49709a3b3924863ba87ca666e,20260801,16384,0.0,0.0,1.0,1.0,0,67,1.82,1
250,second,llama3.1:latest,46e0c10c039e019119339687c3c1757cc81b9da49709a3b3924863ba87ca666e,20260801,16384,0.0,0.0,1.0,1.0,0,180,1.85,1
250,third,llama3.1:latest,46e0c10c039e019119339687c3c1757cc81b9da49709a3b3924863ba87ca666e,20260801,16384,0.0,0.0,1.0,1.0,0,78,1.82,1
251,front,llama3.1:latest,46e0c10c039e019119339687c3c1757cc81b9da49709a3b3924863ba87ca666e,20260801,16384,0.0,1.0,1.0,1.0,0,85,1.83,1
251,second,llama3.1:latest,46e0c10c039e019119339687c3c1757cc81b9da49709a3b3924863ba87ca666e,20260801,16384,0.0,0.0,1.0,1.0,0,187,2.0,1
251,third,llama3.1:latest,46e0c10c039e019119339687c3c1757cc81b9da49709a3b3924863ba87ca666e,20260801,16384,0.0,0.0,1.0,1.0,0,78,1.83,1
252,front,llama3.1:latest,46e0c10c039e019119339687c3c1757cc81b9da49709a3b3924863ba87ca666e,20260801,16384,0.25,1.0,0.5,0.75,0,298,2.07,1
252,second,llama3.1:latest,46e0c10c039e019119339687c3c1757cc81b9da49709a3b3924863ba87ca666e,20260801,16384,0.25,1.0,0.5,0.75,0,255,2.02,1
252,third,llama3.1:latest,46e0c10c039e019119339687c3c1757cc81b9da49709a3b3924863ba87ca666e,20260801,16384,0.25,1.0,0.5,1.0,0,105,1.84,1
253,front,llama3.1:latest,46e0c10c039e019119339687c3c1757cc81b9da49709a3b3924863ba87ca666e,20260801,16384,0.0,1.0,1.0,1.0,0,78,1.85,1
253,second,llama3.1:latest,46e0c10c039e019119339687c3c1757cc81b9da49709a3b3924863ba87ca666e,20260801,16384,0.0,1.0,1.0,1.0,0,235,2.01,1
253,third,llama3.1:latest,46e0c10c039e019119339687c3c1757cc81b9da49709a3b3924863ba87ca666e,20260801,16384,0.0,1.0,0.0,1.0,0,61,1.82,1
254,front,llama3.1:latest,46e0c10c039e019119339687c3c1757cc81b9da49709a3b3924863ba87ca666e,20260801,16384,0.0,0.0,1.0,1.0,0,79,1.84,1
254,second,llama3.1:latest,46e0c10c039e019119339687c3c1757cc81b9da49709a3b3924863ba87ca666e,20260801,16384,0.0,1.0,1.0,1.0,0,178,1.86,1
254,third,llama3.1:latest,46e0c10c039e019119339687c3c1757cc81b9da49709a3b3924863ba87ca666e,20260801,16384,0.75,1.0,1.0,1.0,0,78,1.82,1
255,front,llama3.1:latest,46e0c10c039e019119339687c3c1757cc81b9da49709a3b3924863ba87ca666e,20260801,16384,0.0,0.0,1.0,1.0,0,54,1.82,1
255,second,llama3.1:latest,46e0c10c039e019119339687c3c1757cc81b9da49709a3b3924863ba87ca666e,20260801,16384,0.0,0.0,1.0,0.5,0,105,1.84,1
255,third,llama3.1:latest,46e0c10c039e019119339687c3c1757cc81b9da49709a3b3924863ba87ca666e,20260801,16384,0.0,0.0,1.0,0.5,0,62,1.83,1
256,front,llama3.1:latest,46e0c10c039e019119339687c3c1757cc81b9da49709a3b3924863ba87ca666e,20260801,16384,0.0,0.0,1.0,1.0,0,69,1.83,1
256,second,llama3.1:latest,46e0c10c039e019119339687c3c1757cc81b9da49709a3b3924863ba87ca666e,20260801,16384,0.0,1.0,1.0,1.0,0,167,1.87,1
256,third,llama3.1:latest,46e0c10c039e019119339687c3c1757cc81b9da49709a3b3924863ba87ca666e,20260801,16384,0.0,1.0,0.5,1.0,0,64,1.82,1
257,front,llama3.1:latest,46e0c10c039e019119339687c3c1757cc81b9da49709a3b3924863ba87ca666e,20260801,16384,0.0,0.0,1.0,0.5,0,67,1.82,1
257,second,llama3.1:latest,46e0c10c039e019119339687c3c1757cc81b9da49709a3b3924863ba87ca666e,20260801,16384,0.0,0.0,1.0,0.5,0,229,2.0,1
257,third,llama3.1:latest,46e0c10c039e019119339687c3c1757cc81b9da49709a3b3924863ba87ca666e,20260801,16384,0.0,0.0,1.0,0.0,0,78,1.82,1
258,front,llama3.1:latest,46e0c10c039e019119339687c3c1757cc81b9da49709a3b3924863ba87ca666e,20260801,16384,0.0,1.0,0.5,1.0,0,78,1.82,1
258,second,llama3.1:latest,46e0c10c039e019119339687c3c1757cc81b9da49709a3b3924863ba87ca666e,20260801,16384,0.0,1.0,0.5,1.0,0,190,1.86,1
258,third,llama3.1:latest,46e0c10c039e019119339687c3c1757cc81b9da49709a3b3924863ba87ca666e,20260801,16384,0.0,1.0,0.0,1.0,0,76,1.83,1
259,front,llama3.1:latest,46e0c10c039e019119339687c3c1757cc81b9da49709a3b3924863ba87ca666e,20260801,16384,0.0,0.0,1.0,0.5,0,71,1.85,1
259,second,llama3.1:latest,46e0c10c039e019119339687c3c1757cc81b9da49709a3b3924863ba87ca666e,20260801,16384,0.0,0.0,1.0,0.5,0,174,1.86,1
259,third,llama3.1:latest,46e0c10c039e019119339687c3c1757cc81b9da49709a3b3924863ba87ca666e,20260801,16384,0.0,0.0,1.0,0.5,0,79,1.84,1
260,front,llama3.1:latest,46e0c10c039e019119339687c3c1757cc81b9da49709a3b3924863ba87ca666e,20260801,16384,0.95,0.85,0.0,0.9,0,751,2.96,1
260,second,llama3.1:latest,46e0c10c039e019119339687c3c1757cc81b9da49709a3b3924863ba87ca666e,20260801,16384,0.25,1.0,0.5,0.75,0,382,2.24,1
260,third,llama3.1:latest,46e0c10c039e019119339687c3c1757cc81b9da49709a3b3924863ba87ca666e,20260801,16384,0.25,1.0,0.0,0.5,0,142,1.84,1
261,front,llama3.1:latest,46e0c10c039e019119339687c3c1757cc81b9da49709a3b3924863ba87ca666e,20260801,16384,0.75,0.5,1.0,0.25,0,773,2.97,1
261,second,llama3.1:latest,46e0c10c039e019119339687c3c1757cc81b9da49709a3b3924863ba87ca666e,20260801,16384,0.0,0.0,1.0,0.5,0,274,2.04,1
261,third,llama3.1:latest,46e0c10c039e019119339687c3c1757cc81b9da49709a3b3924863ba87ca666e,20260801,16384,0.0,1.0,1.0,1.0,0,94,1.84,1
262,front,llama3.1:latest,46e0c10c039e019119339687c3c1757cc81b9da49709a3b3924863ba87ca666e,20260801,16384,0.95,0.85,0.0,0.8,0,765,2.94,1
262,second,llama3.1:latest,46e0c10c039e019119339687c3c1757cc81b9da49709a3b3924863ba87ca666e,20260801,16384,0.75,0.5,1.0,0.25,0,327,2.08,1
262,third,llama3.1:latest,46e0c10c039e019119339687c3c1757cc81b9da49709a3b3924863ba87ca666e,20260801,16384,0.0,1.0,1.0,1.0,0,108,1.85,1
263,front,llama3.1:latest,46e0c10c039e019119339687c3c1757cc81b9da49709a3b3924863ba87ca666e,20260801,16384,0.75,1.0,0.0,0.5,0,251,2.1,1
263,second,llama3.1:latest,46e0c10c039e019119339687c3c1757cc81b9da49709a3b3924863ba87ca666e,20260801,16384,0.75,1.0,0.5,0.25,0,245,2.18,1
263,third,llama3.1:latest,46e0c10c039e019119339687c3c1757cc81b9da49709a3b3924863ba87ca666e,20260801,16384,0.75,1.0,0.25,1.0,0,153,2.02,1
264,front,llama3.1:latest,46e0c10c039e019119339687c3c1757cc81b9da49709a3b3924863ba87ca666e,20260801,16384,0.95,1.0,0.05,0.9,0,685,3.65,1
264,second,llama3.1:latest,46e0c10c039e019119339687c3c1757cc81b9da49709a3b3924863ba87ca666e,20260801,16384,0.75,1.0,0.0,0.5,0,275,3.38,1
264,third,llama3.1:latest,46e0c10c039e019119339687c3c1757cc81b9da49709a3b3924863ba87ca666e,20260801,16384,0.75,1.0,0.5,1.0,0,150,2.17,1
265,front,llama3.1:latest,46e0c10c039e019119339687c3c1757cc81b9da49709a3b3924863ba87ca666e,20260801,16384,0.0,0.0,1.0,1.0,0,55,2.14,1
265,second,llama3.1:latest,46e0c10c039e019119339687c3c1757cc81b9da49709a3b3924863ba87ca666e,20260801,16384,0.0,0.0,1.0,1.0,0,152,2.15,1
265,third,llama3.1:latest,46e0c10c039e019119339687c3c1757cc81b9da49709a3b3924863ba87ca666e,20260801,16384,0.0,0.0,1.0,1.0,0,56,2.28,1
266,front,llama3.1:latest,46e0c10c039e019119339687c3c1757cc81b9da49709a3b3924863ba87ca666e,20260801,16384,0.0,0.0,1.0,1.0,0,58,1.92,1
266,second,llama3.1:latest,46e0c10c039e019119339687c3c1757cc81b9da49709a3b3924863ba87ca666e,20260801,16384,0.0,1.0,1.0,1.0,0,206,2.12,1
266,third,llama3.1:latest,46e0c10c039e019119339687c3c1757cc81b9da49709a3b3924863ba87ca666e,20260801,16384,0.0,0.0,1.0,1.0,0,77,2.01,1
267,front,llama3.1:latest,46e0c10c039e019119339687c3c1757cc81b9da49709a3b3924863ba87ca666e,20260801,16384,0.0,0.0,1.0,1.0,0,50,2.16,1
267,second,llama3.1:latest,46e0c10c039e019119339687c3c1757cc81b9da49709a3b3924863ba87ca666e,20260801,16384,0.0,1.0,1.0,1.0,0,137,2.23,1
267,third,llama3.1:latest,46e0c10c039e019119339687c3c1757cc81b9da49709a3b3924863ba87ca666e,20260801,16384,0.0,0.0,1.0,1.0,0,53,2.16,1
268,front,llama3.1:latest,46e0c10c039e019119339687c3c1757cc81b9da49709a3b3924863ba87ca666e,20260801,16384,0.0,1.0,1.0,1.0,0,60,2.06,1
268,second,llama3.1:latest,46e0c10c039e019119339687c3c1757cc81b9da49709a3b3924863ba87ca666e,20260801,16384,0.0,1.0,1.0,1.0,0,141,2.07,1
268,third,llama3.1:latest,46e0c10c039e019119339687c3c1757cc81b9da49709a3b3924863ba87ca666e,20260801,16384,0.0,1.0,0.5,1.0,0,59,2.04,1
269,front,llama3.1:latest,46e0c10c039e019119339687c3c1757cc81b9da49709a3b3924863ba87ca666e,20260801,16384,0.95,1.0,0.0,0.5,0,978,3.56,1
269,second,llama3.1:latest,46e0c10c039e019119339687c3c1757cc81b9da49709a3b3924863ba87ca666e,20260801,16384,0.25,1.0,1.0,1.0,0,267,2.22,1
269,third,llama3.1:latest,46e0c10c039e019119339687c3c1757cc81b9da49709a3b3924863ba87ca666e,20260801,16384,0.25,1.0,0.5,1.0,0,96,2.01,1
270,front,llama3.1:latest,46e0c10c039e019119339687c3c1757cc81b9da49709a3b3924863ba87ca666e,20260801,16384,0.95,1.0,0.05,0.5,0,843,3.43,1
270,second,llama3.1:latest,46e0c10c039e019119339687c3c1757cc81b9da49709a3b3924863ba87ca666e,20260801,16384,0.0,1.0,1.0,1.0,0,244,2.16,1
270,third,llama3.1:latest,46e0c10c039e019119339687c3c1757cc81b9da49709a3b3924863ba87ca666e,20260801,16384,0.67,1.0,0.5,1.0,0,64,1.88,1
271,front,llama3.1:latest,46e0c10c039e019119339687c3c1757cc81b9da49709a3b3924863ba87ca666e,20260801,16384,0.0,0.0,1.0,1.0,0,62,1.89,1
271,second,llama3.1:latest,46e0c10c039e019119339687c3c1757cc81b9da49709a3b3924863ba87ca666e,20260801,16384,0.0,0.0,1.0,1.0,0,181,2.0,1
271,third,llama3.1:latest,46e0c10c039e019119339687c3c1757cc81b9da49709a3b3924863ba87ca666e,20260801,16384,0.0,0.0,1.0,0.0,0,57,1.98,1
272,front,llama3.1:latest,46e0c10c039e019119339687c3c1757cc81b9da49709a3b3924863ba87ca666e,20260801,16384,0.95,1.0,0.0,0.5,0,957,3.37,1
272,second,llama3.1:latest,46e0c10c039e019119339687c3c1757cc81b9da49709a3b3924863ba87ca666e,20260801,16384,0.25,1.0,1.0,1.0,0,397,2.29,1
272,third,llama3.1:latest,46e0c10c039e019119339687c3c1757cc81b9da49709a3b3924863ba87ca666e,20260801,16384,0.0,1.0,0.5,1.0,0,58,1.85,1
273,front,llama3.1:latest,46e0c10c039e019119339687c3c1757cc81b9da49709a3b3924863ba87ca666e,20260801,16384,0.0,0.0,1.0,1.0,0,57,1.86,1
273,second,llama3.1:latest,46e0c10c039e019119339687c3c1757cc81b9da49709a3b3924863ba87ca666e,20260801,16384,0.0,0.0,1.0,0.5,0,131,1.85,1
273,third,llama3.1:latest,46e0c10c039e019119339687c3c1757cc81b9da49709a3b3924863ba87ca666e,20260801,16384,0.0,0.0,1.0,0.5,0,57,1.85,1
274,front,llama3.1:latest,46e0c10c039e019119339687c3c1757cc81b9da49709a3b3924863ba87ca666e,20260801,16384,0.0,1.0,0.0,1.0,0,66,1.84,1
274,second,llama3.1:latest,46e0c10c039e019119339687c3c1757cc81b9da49709a3b3924863ba87ca666e,20260801,16384,0.0,0.0,1.0,1.0,0,156,1.87,1
274,third,llama3.1:latest,46e0c10c039e019119339687c3c1757cc81b9da49709a3b3924863ba87ca666e,20260801,16384,0.0,0.0,1.0,1.0,0,60,1.83,1
275,front,llama3.1:latest,46e0c10c039e019119339687c3c1757cc81b9da49709a3b3924863ba87ca666e,20260801,16384,0.0,0.25,1.0,0.5,0,952,3.37,1
275,second,llama3.1:latest,46e0c10c039e019119339687c3c1757cc81b9da49709a3b3924863ba87ca666e,20260801,16384,0.0,1.0,1.0,1.0,0,322,2.1,1
275,third,llama3.1:latest,46e0c10c039e019119339687c3c1757cc81b9da49709a3b3924863ba87ca666e,20260801,16384,0.0,1.0,0.5,1.0,0,90,1.84,1
276,front,llama3.1:latest,46e0c10c039e019119339687c3c1757cc81b9da49709a3b3924863ba87ca666e,20260801,16384,0.9,1.0,0.0,0.5,0,750,2.61,1
276,second,llama3.1:latest,46e0c10c039e019119339687c3c1757cc81b9da49709a3b3924863ba87ca666e,20260801,16384,0.25,1.0,0.75,1.0,0,272,2.07,1
276,third,llama3.1:latest,46e0c10c039e019119339687c3c1757cc81b9da49709a3b3924863ba87ca666e,20260801,16384,0.25,1.0,0.0,0.5,0,111,1.87,1
277,front,llama3.1:latest,46e0c10c039e019119339687c3c1757cc81b9da49709a3b3924863ba87ca666e,20260801,16384,0.0,0.0,1.0,1.0,0,72,1.84,1
277,second,llama3.1:latest,46e0c10c039e019119339687c3c1757cc81b9da49709a3b3924863ba87ca666e,20260801,16384,0.0,1.0,1.0,1.0,0,204,2.04,1
277,third,llama3.1:latest,46e0c10c039e019119339687c3c1757cc81b9da49709a3b3924863ba87ca666e,20260801,16384,0.75,1.0,0.5,1.0,0,83,1.84,1
278,front,llama3.1:latest,46e0c10c039e019119339687c3c1757cc81b9da49709a3b3924863ba87ca666e,20260801,16384,0.95,0.85,0.0,1.0,0,1112,3.75,1
278,second,llama3.1:latest,46e0c10c039e019119339687c3c1757cc81b9da49709a3b3924863ba87ca666e,20260801,16384,0.25,1.0,0.75,1.0,0,445,2.35,1
278,third,llama3.1:latest,46e0c10c039e019119339687c3c1757cc81b9da49709a3b3924863ba87ca666e,20260801,16384,0.75,1.0,0.5,1.0,0,82,1.91,1
279,front,llama3.1:latest,46e0c10c039e019119339687c3c1757cc81b9da49709a3b3924863ba87ca666e,20260801,16384,0.0,0.0,1.0,1.0,0,69,1.92,1
279,second,llama3.1:latest,46e0c10c039e019119339687c3c1757cc81b9da49709a3b3924863ba87ca666e,20260801,16384,0.0,0.0,1.0,0.5,0,224,2.04,1
279,third,llama3.1:latest,46e0c10c039e019119339687c3c1757cc81b9da49709a3b3924863ba87ca666e,20260801,16384,0.0,0.0,1.0,1.0,0,60,1.86,1
280,front,llama3.1:latest,46e0c10c039e019119339687c3c1757cc81b9da49709a3b3924863ba87ca666e,20260801,16384,0.95,0.85,0.0,1.0,0,855,3.07,1
280,second,llama3.1:latest,46e0c10c039e019119339687c3c1757cc81b9da49709a3b3924863ba87ca666e,20260801,16384,0.25,0.0,1.0,0.5,0,347,2.09,1
280,third,llama3.1:latest,46e0c10c039e019119339687c3c1757cc81b9da49709a3b3924863ba87ca666e,20260801,16384,0.0,1.0,0.5,1.0,0,103,1.93,1
281,front,llama3.1:latest,46e0c10c039e019119339687c3c1757cc81b9da49709a3b3924863ba87ca666e,20260801,16384,0.25,1.0,0.5,0.75,0,333,2.28,1
281,second,llama3.1:latest,46e0c10c039e019119339687c3c1757cc81b9da49709a3b3924863ba87ca666e,20260801,16384,0.25,1.0,0.5,0.75,0,272,2.06,1
281,third,llama3.1:latest,46e0c10c039e019119339687c3c1757cc81b9da49709a3b3924863ba87ca666e,20260801,16384,0.0,1.0,0.5,0.5,0,135,1.9,1
282,front,llama3.1:latest,46e0c10c039e019119339687c3c1757cc81b9da49709a3b3924863ba87ca666e,20260801,16384,0.25,0.0,1.0,0.5,0,60,1.93,1
282,second,llama3.1:latest,46e0c10c039e019119339687c3c1757cc81b9da49709a3b3924863ba87ca666e,20260801,16384,0.0,1.0,1.0,1.0,0,208,2.06,1
282,third,llama3.1:latest,46e0c10c039e019119339687c3c1757cc81b9da49709a3b3924863ba87ca666e,20260801,16384,0.0,0.0,1.0,1.0,0,79,1.93,1
283,front,llama3.1:latest,46e0c10c039e019119339687c3c1757cc81b9da49709a3b3924863ba87ca666e,20260801,16384,0.0,0.0,1.0,1.0,0,53,1.97,1
283,second,llama3.1:latest,46e0c10c039e019119339687c3c1757cc81b9da49709a3b3924863ba87ca666e,20260801,16384,0.0,1.0,1.0,1.0,0,140,2.02,1
283,third,llama3.1:latest,46e0c10c039e019119339687c3c1757cc81b9da49709a3b3924863ba87ca666e,20260801,16384,0.0,0.0,1.0,1.0,0,56,1.89,1
284,front,llama3.1:latest,46e0c10c039e019119339687c3c1757cc81b9da49709a3b3924863ba87ca666e,20260801,16384,0.0,1.0,0.5,1.0,0,63,1.87,1
284,second,llama3.1:latest,46e0c10c039e019119339687c3c1757cc81b9da49709a3b3924863ba87ca666e,20260801,16384,0.0,1.0,1.0,1.0,0,143,1.94,1
284,third,llama3.1:latest,46e0c10c039e019119339687c3c1757cc81b9da49709a3b3924863ba87ca666e,20260801,16384,1.0,0.0,0.0,1.0,0,61,1.82,1
285,front,llama3.1:latest,46e0c10c039e019119339687c3c1757cc81b9da49709a3b3924863ba87ca666e,20260801,16384,0.0,1.0,1.0,1.0,0,74,1.94,1
285,second,llama3.1:latest,46e0c10c039e019119339687c3c1757cc81b9da49709a3b3924863ba87ca666e,20260801,16384,0.0,1.0,0.5,1.0,0,231,2.09,1
285,third,llama3.1:latest,46e0c10c039e019119339687c3c1757cc81b9da49709a3b3924863ba87ca666e,20260801,16384,0.75,0.0,1.0,1.0,0,57,1.9,1
286,front,llama3.1:latest,46e0c10c039e019119339687c3c1757cc81b9da49709a3b3924863ba87ca666e,20260801,16384,0.0,0.0,1.0,1.0,0,75,1.94,1
286,second,llama3.1:latest,46e0c10c039e019119339687c3c1757cc81b9da49709a3b3924863ba87ca666e,20260801,16384,0.0,1.0,1.0,1.0,0,174,1.96,1
286,third,llama3.1:latest,46e0c10c039e019119339687c3c1757cc81b9da49709a3b3924863ba87ca666e,20260801,16384,0.75,1.0,0.5,1.0,0,74,1.88,1
287,front,llama3.1:latest,46e0c10c039e019119339687c3c1757cc81b9da49709a3b3924863ba87ca666e,20260801,16384,0.0,0.0,1.0,1.0,0,65,1.85,1
287,second,llama3.1:latest,46e0c10c039e019119339687c3c1757cc81b9da49709a3b3924863ba87ca666e,20260801,16384,0.0,1.0,1.0,1.0,0,184,1.88,1
287,third,llama3.1:latest,46e0c10c039e019119339687c3c1757cc81b9da49709a3b3924863ba87ca666e,20260801,16384,0.0,0.0,1.0,0.0,0,60,1.83,1
288,front,llama3.1:latest,46e0c10c039e019119339687c3c1757cc81b9da49709a3b3924863ba87ca666e,20260801,16384,0.0,0.0,1.0,1.0,0,65,1.87,1
288,second,llama3.1:latest,46e0c10c039e019119339687c3c1757cc81b9da49709a3b3924863ba87ca666e,20260801,16384,0.0,1.0,1.0,1.0,0,163,1.9,1
288,third,llama3.1:latest,46e0c10c039e019119339687c3c1757cc81b9da49709a3b3924863ba87ca666e,20260801,16384,0.0,1.0,0.0,1.0,0,60,1.83,1
289,front,llama3.1:latest,46e0c10c039e019119339687c3c1757cc81b9da49709a3b3924863ba87ca666e,20260801,16384,0.0,0.0,1.0,1.0,0,63,1.86,1
289,second,llama3.1:latest,46e0c10c039e019119339687c3c1757cc81b9da49709a3b3924863ba87ca666e,20260801,16384,0.0,0.0,1.0,0.5,0,225,2.07,1
289,third,llama3.1:latest,46e0c10c039e019119339687c3c1757cc81b9da49709a3b3924863ba87ca666e,20260801,16384,0.0,0.0,1.0,0.5,0,74,1.87,1
290,front,llama3.1:latest,46e0c10c039e019119339687c3c1757cc81b9da49709a3b3924863ba87ca666e,20260801,16384,0.0,1.0,0.0,1.0,0,74,1.86,1
290,second,llama3.1:latest,46e0c10c039e019119339687c3c1757cc81b9da49709a3b3924863ba87ca666e,20260801,16384,0.0,1.0,0.5,1.0,0,186,1.87,1
290,third,llama3.1:latest,46e0c10c039e019119339687c3c1757cc81b9da49709a3b3924863ba87ca666e,20260801,16384,0.75,1.0,0.0,1.0,0,72,1.87,1
291,front,llama3.1:latest,46e0c10c039e019119339687c3c1757cc81b9da49709a3b3924863ba87ca666e,20260801,16384,0.0,0.0,1.0,1.0,0,67,1.9,1
291,second,llama3.1:latest,46e0c10c039e019119339687c3c1757cc81b9da49709a3b3924863ba87ca666e,20260801,16384,0.0,0.0,1.0,0.5,0,170,1.89,1
291,third,llama3.1:latest,46e0c10c039e019119339687c3c1757cc81b9da49709a3b3924863ba87ca666e,20260801,16384,0.0,0.0,1.0,1.0,0,75,1.89,1
292,front,llama3.1:latest,46e0c10c039e019119339687c3c1757cc81b9da49709a3b3924863ba87ca666e,20260801,16384,0.95,0.85,0.0,0.8,0,747,3.0,1
292,second,llama3.1:latest,46e0c10c039e019119339687c3c1757cc81b9da49709a3b3924863ba87ca666e,20260801,16384,0.25,1.0,0.5,0.75,0,378,2.26,1
292,third,llama3.1:latest,46e0c10c039e019119339687c3c1757cc81b9da49709a3b3924863ba87ca666e,20260801,16384,0.25,1.0,0.0,0.5,0,138,1.85,1
293,front,llama3.1:latest,46e0c10c039e019119339687c3c1757cc81b9da49709a3b3924863ba87ca666e,20260801,16384,0.0,1.0,1.0,1.0,0,75,1.84,1
293,second,llama3.1:latest,46e0c10c039e019119339687c3c1757cc81b9da49709a3b3924863ba87ca666e,20260801,16384,0.0,0.0,1.0,1.0,0,206,2.01,1
293,third,llama3.1:latest,46e0c10c039e019119339687c3c1757cc81b9da49709a3b3924863ba87ca666e,20260801,16384,0.75,0.0,1.0,1.0,0,86,1.83,1
294,front,llama3.1:latest,46e0c10c039e019119339687c3c1757cc81b9da49709a3b3924863ba87ca666e,20260801,16384,0.95,0.85,0.0,0.8,0,761,2.95,1
294,second,llama3.1:latest,46e0c10c039e019119339687c3c1757cc81b9da49709a3b3924863ba87ca666e,20260801,16384,0.75,0.25,1.0,0.5,0,323,2.1,1
294,third,llama3.1:latest,46e0c10c039e019119339687c3c1757cc81b9da49709a3b3924863ba87ca666e,20260801,16384,0.0,1.0,1.0,1.0,0,104,1.84,1
295,front,llama3.1:latest,46e0c10c039e019119339687c3c1757cc81b9da49709a3b3924863ba87ca666e,20260801,16384,0.0,1.0,0.5,1.0,0,67,1.85,1
295,second,llama3.1:latest,46e0c10c039e019119339687c3c1757cc81b9da49709a3b3924863ba87ca666e,20260801,16384,0.25,1.0,0.5,0.75,0,182,1.87,1
295,third,llama3.1:latest,46e0c10c039e019119339687c3c1757cc81b9da49709a3b3924863ba87ca666e,20260801,16384,0.0,1.0,0.0,1.0,0,100,1.84,1
296,front,llama3.1:latest,46e0c10c039e019119339687c3c1757cc81b9da49709a3b3924863ba87ca666e,20260801,16384,0.95,0.85,0.0,1.0,0,858,2.96,1
296,second,llama3.1:latest,46e0c10c039e019119339687c3c1757cc81b9da49709a3b3924863ba87ca666e,20260801,16384,0.25,0.0,1.0,0.5,0,349,2.11,1
296,third,llama3.1:latest,46e0c10c039e019119339687c3c1757cc81b9da49709a3b3924863ba87ca666e,20260801,16384,0.25,1.0,0.5,0.75,0,105,1.84,1
297,front,llama3.1:latest,46e0c10c039e019119339687c3c1757cc81b9da49709a3b3924863ba87ca666e,20260801,16384,0.0,1.0,0.5,1.0,0,55,1.85,1
297,second,llama3.1:latest,46e0c10c039e019119339687c3c1757cc81b9da49709a3b3924863ba87ca666e,20260801,16384,0.0,1.0,1.0,1.0,0,151,1.92,1
297,third,llama3.1:latest,46e0c10c039e019119339687c3c1757cc81b9da49709a3b3924863ba87ca666e,20260801,16384,0.0,1.0,1.0,1.0,0,56,1.96,1
298,front,llama3.1:latest,46e0c10c039e019119339687c3c1757cc81b9da49709a3b3924863ba87ca666e,20260801,16384,0.0,0.0,1.0,1.0,0,58,1.87,1
298,second,llama3.1:latest,46e0c10c039e019119339687c3c1757cc81b9da49709a3b3924863ba87ca666e,20260801,16384,0.0,1.0,1.0,1.0,0,206,2.03,1
298,third,llama3.1:latest,46e0c10c039e019119339687c3c1757cc81b9da49709a3b3924863ba87ca666e,20260801,16384,0.0,0.0,1.0,1.0,0,76,1.89,1
299,front,llama3.1:latest,46e0c10c039e019119339687c3c1757cc81b9da49709a3b3924863ba87ca666e,20260801,16384,0.0,0.0,1.0,1.0,0,50,1.95,1
299,second,llama3.1:latest,46e0c10c039e019119339687c3c1757cc81b9da49709a3b3924863ba87ca666e,20260801,16384,0.0,1.0,1.0,1.0,0,137,1.91,1
299,third,llama3.1:latest,46e0c10c039e019119339687c3c1757cc81b9da49709a3b3924863ba87ca666e,20260801,16384,0.0,1.0,1.0,1.0,0,53,1.95,1
300,front,llama3.1:latest,46e0c10c039e019119339687c3c1757cc81b9da49709a3b3924863ba87ca666e,20260801,16384,0.0,1.0,1.0,1.0,0,60,1.86,1
300,second,llama3.1:latest,46e0c10c039e019119339687c3c1757cc81b9da49709a3b3924863ba87ca666e,20260801,16384,0.0,1.0,1.0,1.0,0,141,1.91,1
300,third,llama3.1:latest,46e0c10c039e019119339687c3c1757cc81b9da49709a3b3924863ba87ca666e,20260801,16384,0.0,1.0,0.5,1.0,0,58,1.83,1
301,front,llama3.1:latest,46e0c10c039e019119339687c3c1757cc81b9da49709a3b3924863ba87ca666e,20260801,16384,0.95,0.85,0.0,1.0,0,978,3.38,1
301,second,llama3.1:latest,46e0c10c039e019119339687c3c1757cc81b9da49709a3b3924863ba87ca666e,20260801,16384,0.25,1.0,1.0,1.0,0,267,2.07,1
301,third,llama3.1:latest,46e0c10c039e019119339687c3c1757cc81b9da49709a3b3924863ba87ca666e,20260801,16384,0.25,1.0,0.5,1.0,0,96,1.84,1
302,front,llama3.1:latest,46e0c10c039e019119339687c3c1757cc81b9da49709a3b3924863ba87ca666e,20260801,16384,0.95,1.0,0.05,0.75,0,843,3.28,1
302,second,llama3.1:latest,46e0c10c039e019119339687c3c1757cc81b9da49709a3b3924863ba87ca666e,20260801,16384,0.25,1.0,0.75,1.0,0,244,2.04,1
302,third,llama3.1:latest,46e0c10c039e019119339687c3c1757cc81b9da49709a3b3924863ba87ca666e,20260801,16384,0.75,1.0,1.0,1.0,0,63,1.87,1
303,front,llama3.1:latest,46e0c10c039e019119339687c3c1757cc81b9da49709a3b3924863ba87ca666e,20260801,16384,0.0,0.0,1.0,1.0,0,62,1.85,1
303,second,llama3.1:latest,46e0c10c039e019119339687c3c1757cc81b9da49709a3b3924863ba87ca666e,20260801,16384,0.0,1.0,1.0,1.0,0,181,1.93,1
303,third,llama3.1:latest,46e0c10c039e019119339687c3c1757cc81b9da49709a3b3924863ba87ca666e,20260801,16384,0.0,0.0,1.0,0.0,0,57,1.88,1
304,front,llama3.1:latest,46e0c10c039e019119339687c3c1757cc81b9da49709a3b3924863ba87ca666e,20260801,16384,0.95,1.0,0.05,0.8,0,957,3.31,1
304,second,llama3.1:latest,46e0c10c039e019119339687c3c1757cc81b9da49709a3b3924863ba87ca666e,20260801,16384,0.25,1.0,0.5,0.75,0,397,2.36,1
304,third,llama3.1:latest,46e0c10c039e019119339687c3c1757cc81b9da49709a3b3924863ba87ca666e,20260801,16384,0.0,1.0,0.5,1.0,0,58,1.88,1
305,front,llama3.1:latest,46e0c10c039e019119339687c3c1757cc81b9da49709a3b3924863ba87ca666e,20260801,16384,0.0,1.0,1.0,1.0,0,56,1.93,1
305,second,llama3.1:latest,46e0c10c039e019119339687c3c1757cc81b9da49709a3b3924863ba87ca666e,20260801,16384,0.0,1.0,1.0,0.5,0,131,1.97,1
305,third,llama3.1:latest,46e0c10c039e019119339687c3c1757cc81b9da49709a3b3924863ba87ca666e,20260801,16384,0.0,0.0,1.0,0.5,0,57,1.83,1
306,front,llama3.1:latest,46e0c10c039e019119339687c3c1757cc81b9da49709a3b3924863ba87ca666e,20260801,16384,0.0,1.0,0.0,1.0,0,66,1.84,1
306,second,llama3.1:latest,46e0c10c039e019119339687c3c1757cc81b9da49709a3b3924863ba87ca666e,20260801,16384,0.0,1.0,1.0,1.0,0,155,1.87,1
306,third,llama3.1:latest,46e0c10c039e019119339687c3c1757cc81b9da49709a3b3924863ba87ca666e,20260801,16384,0.0,1.0,0.5,1.0,0,60,1.84,1
307,front,llama3.1:latest,46e0c10c039e019119339687c3c1757cc81b9da49709a3b3924863ba87ca666e,20260801,16384,0.85,0.65,0.0,0.25,0,952,3.34,1
307,second,llama3.1:latest,46e0c10c039e019119339687c3c1757cc81b9da49709a3b3924863ba87ca666e,20260801,16384,0.25,1.0,1.0,1.0,0,322,2.07,1
307,third,llama3.1:latest,46e0c10c039e019119339687c3c1757cc81b9da49709a3b3924863ba87ca666e,20260801,16384,0.25,1.0,0.5,1.0,0,90,1.83,1
308,front,llama3.1:latest,46e0c10c039e019119339687c3c1757cc81b9da49709a3b3924863ba87ca666e,20260801,16384,0.95,1.0,0.05,0.8,0,749,2.58,1
308,second,llama3.1:latest,46e0c10c039e019119339687c3c1757cc81b9da49709a3b3924863ba87ca666e,20260801,16384,0.75,1.0,0.5,1.0,0,272,2.08,1
308,third,llama3.1:latest,46e0c10c039e019119339687c3c1757cc81b9da49709a3b3924863ba87ca666e,20260801,16384,0.75,1.0,0.0,0.5,0,110,1.84,1
309,front,llama3.1:latest,46e0c10c039e019119339687c3c1757cc81b9da49709a3b3924863ba87ca666e,20260801,16384,0.0,1.0,1.0,1.0,0,72,1.83,1
309,second,llama3.1:latest,46e0c10c039e019119339687c3c1757cc81b9da49709a3b3924863ba87ca666e,20260801,16384,0.0,1.0,0.5,1.0,0,203,2.02,1
309,third,llama3.1:latest,46e0c10c039e019119339687c3c1757cc81b9da49709a3b3924863ba87ca666e,20260801,16384,0.75,1.0,0.5,1.0,0,83,1.84,1
