promptid,stage,judge,digest,seed,num_ctx,FCD,FGR,FDF,ECS,clamped,approx_tokens,latency_s,attempts
0,front,gemma4:12b,4eb23ef187e2c5462566d6a1d3bbbc2f1346d0b4327cbb66d58fffbcc9b2b05c,20260801,16384,1.0,1.0,0.0,0.5,0,825,10.39,1
0,second,gemma4:12b,4eb23ef187e2c5462566d6a1d3bbbc2f1346d0b4327cbb66d58fffbcc9b2b05c,20260801,16384,0.5,0.0,0.0,0.5,0,283,5.53,1
0,third,gemma4:12b,4eb23ef187e2c5462566d6a1d3bbbc2f1346d0b4327cbb66d58fffbcc9b2b05c,20260801,16384,0.67,0.0,0.0,0.5,0,126,4.93,1
1,front,gemma4:12b,4eb23ef187e2c5462566d6a1d3bbbc2f1346d0b4327cbb66d58fffbcc9b2b05c,20260801,16384,0.85,0.6,0.0,0.4,0,598,6.58,1
1,second,gemma4:12b,4eb23ef187e2c5462566d6a1d3bbbc2f1346d0b4327cbb66d58fffbcc9b2b05c,20260801,16384,0.75,0.5,0.0,0.5,0,362,5.42,1
1,third,gemma4:12b,4eb23ef187e2c5462566d6a1d3bbbc2f1346d0b4327cbb66d58fffbcc9b2b05c,20260801,16384,0.5,0.25,0.0,0.5,0,167,4.78,1
2,front,gemma4:12b,4eb23ef187e2c5462566d6a1d3bbbc2f1346d0b4327cbb66d58fffbcc9b2b05c,20260801,16384,0.83,0.95,0.0,0.0,0,859,6.92,1
2,second,gemma4:12b,4eb23ef187e2c5462566d6a1d3bbbc2f1346d0b4327cbb66d58fffbcc9b2b05c,20260801,16384,0.67,0.0,0.0,0.5,0,286,5.64,1
2,third,gemma4:12b,4eb23ef187e2c5462566d6a1d3bbbc2f1346d0b4327cbb66d58fffbcc9b2b05c,20260801,16384,0.5,0.0,0.33,0.0,0,137,4.98,1
3,front,gemma4:12b,4eb23ef187e2c5462566d6a1d3bbbc2f1346d0b4327cbb66d58fffbcc9b2b05c,20260801,16384,0.85,0.95,0.0,0.6,0,945,7.45,1
3,second,gemma4:12b,4eb23ef187e2c5462566d6a1d3bbbc2f1346d0b4327cbb66d58fffbcc9b2b05c,20260801,16384,0.75,0.5,0.0,0.5,0,317,5.72,1
3,third,gemma4:12b,4eb23ef187e2c5462566d6a1d3bbbc2f1346d0b4327cbb66d58fffbcc9b2b05c,20260801,16384,0.67,1.0,0.0,0.33,0,132,4.95,1
4,front,gemma4:12b,4eb23ef187e2c5462566d6a1d3bbbc2f1346d0b4327cbb66d58fffbcc9b2b05c,20260801,16384,0.85,0.15,0.0,0.4,0,768,6.44,1
4,second,gemma4:12b,4eb23ef187e2c5462566d6a1d3bbbc2f1346d0b4327cbb66d58fffbcc9b2b05c,20260801,16384,0.75,0.0,0.0,0.25,0,355,5.61,1
4,third,gemma4:12b,4eb23ef187e2c5462566d6a1d3bbbc2f1346d0b4327cbb66d58fffbcc9b2b05c,20260801,16384,0.75,0.0,0.0,0.25,0,122,5.03,1
5,front,gemma4:12b,4eb23ef187e2c5462566d6a1d3bbbc2f1346d0b4327cbb66d58fffbcc9b2b05c,20260801,16384,0.85,0.6,0.1,0.4,0,796,7.32,1
5,second,gemma4:12b,4eb23ef187e2c5462566d6a1d3bbbc2f1346d0b4327cbb66d58fffbcc9b2b05c,20260801,16384,0.5,0.0,0.0,0.0,0,291,5.61,1
5,third,gemma4:12b,4eb23ef187e2c5462566d6a1d3bbbc2f1346d0b4327cbb66d58fffbcc9b2b05c,20260801,16384,0.5,0.0,0.0,0.5,0,110,4.86,1
6,front,gemma4:12b,4eb23ef187e2c5462566d6a1d3bbbc2f1346d0b4327cbb66d58fffbcc9b2b05c,20260801,16384,0.85,1.0,0.0,0.6,0,949,7.4,1
6,second,gemma4:12b,4eb23ef187e2c5462566d6a1d3bbbc2f1346d0b4327cbb66d58fffbcc9b2b05c,20260801,16384,0.4,0.0,0.0,0.5,0,358,5.63,1
6,third,gemma4:12b,4eb23ef187e2c5462566d6a1d3bbbc2f1346d0b4327cbb66d58fffbcc9b2b05c,20260801,16384,0.67,0.0,0.0,0.33,0,154,4.78,1
7,front,gemma4:12b,4eb23ef187e2c5462566d6a1d3bbbc2f1346d0b4327cbb66d58fffbcc9b2b05c,20260801,16384,0.9,1.0,0.0,0.5,0,1172,7.94,1
7,second,gemma4:12b,4eb23ef187e2c5462566d6a1d3bbbc2f1346d0b4327cbb66d58fffbcc9b2b05c,20260801,16384,0.75,0.0,0.0,0.5,0,341,5.38,1
7,third,gemma4:12b,4eb23ef187e2c5462566d6a1d3bbbc2f1346d0b4327cbb66d58fffbcc9b2b05c,20260801,16384,0.75,0.0,0.0,0.5,0,112,5.05,1
8,front,gemma4:12b,4eb23ef187e2c5462566d6a1d3bbbc2f1346d0b4327cbb66d58fffbcc9b2b05c,20260801,16384,0.67,0.0,0.0,0.33,0,757,6.47,1
8,second,gemma4:12b,4eb23ef187e2c5462566d6a1d3bbbc2f1346d0b4327cbb66d58fffbcc9b2b05c,20260801,16384,0.4,0.0,0.0,0.0,0,403,5.58,1
8,third,gemma4:12b,4eb23ef187e2c5462566d6a1d3bbbc2f1346d0b4327cbb66d58fffbcc9b2b05c,20260801,16384,0.33,0.0,0.0,0.0,0,173,4.93,1
9,front,gemma4:12b,4eb23ef187e2c5462566d6a1d3bbbc2f1346d0b4327cbb66d58fffbcc9b2b05c,20260801,16384,0.85,0.75,0.0,0.3,0,775,6.84,1
9,second,gemma4:12b,4eb23ef187e2c5462566d6a1d3bbbc2f1346d0b4327cbb66d58fffbcc9b2b05c,20260801,16384,0.65,0.45,0.0,0.3,0,297,5.86,1
9,third,gemma4:12b,4eb23ef187e2c5462566d6a1d3bbbc2f1346d0b4327cbb66d58fffbcc9b2b05c,20260801,16384,0.75,0.33,0.17,0.33,0,133,5.13,1
10,front,gemma4:12b,4eb23ef187e2c5462566d6a1d3bbbc2f1346d0b4327cbb66d58fffbcc9b2b05c,20260801,16384,0.9,1.0,0.0,0.5,0,953,7.33,1
10,second,gemma4:12b,4eb23ef187e2c5462566d6a1d3bbbc2f1346d0b4327cbb66d58fffbcc9b2b05c,20260801,16384,0.5,0.2,0.0,0.0,0,242,5.15,1
10,third,gemma4:12b,4eb23ef187e2c5462566d6a1d3bbbc2f1346d0b4327cbb66d58fffbcc9b2b05c,20260801,16384,0.33,0.33,0.0,0.0,0,120,5.16,1
11,front,gemma4:12b,4eb23ef187e2c5462566d6a1d3bbbc2f1346d0b4327cbb66d58fffbcc9b2b05c,20260801,16384,0.75,0.89,0.0,0.67,0,718,7.71,1
11,second,gemma4:12b,4eb23ef187e2c5462566d6a1d3bbbc2f1346d0b4327cbb66d58fffbcc9b2b05c,20260801,16384,0.5,0.0,0.0,0.0,0,297,5.79,1
11,third,gemma4:12b,4eb23ef187e2c5462566d6a1d3bbbc2f1346d0b4327cbb66d58fffbcc9b2b05c,20260801,16384,0.5,0.0,0.33,0.0,0,163,5.25,1
12,front,gemma4:12b,4eb23ef187e2c5462566d6a1d3bbbc2f1346d0b4327cbb66d58fffbcc9b2b05c,20260801,16384,1.0,1.0,0.0,0.5,0,843,7.7,1
12,second,gemma4:12b,4eb23ef187e2c5462566d6a1d3bbbc2f1346d0b4327cbb66d58fffbcc9b2b05c,20260801,16384,0.65,0.15,0.0,0.3,0,458,6.18,1
12,third,gemma4:12b,4eb23ef187e2c5462566d6a1d3bbbc2f1346d0b4327cbb66d58fffbcc9b2b05c,20260801,16384,0.75,0.0,0.25,0.5,0,195,4.84,1
13,front,gemma4:12b,4eb23ef187e2c5462566d6a1d3bbbc2f1346d0b4327cbb66d58fffbcc9b2b05c,20260801,16384,0.75,0.33,0.25,0.5,0,526,6.69,1
13,second,gemma4:12b,4eb23ef187e2c5462566d6a1d3bbbc2f1346d0b4327cbb66d58fffbcc9b2b05c,20260801,16384,0.75,0.0,0.25,0.5,0,382,5.52,1
13,third,gemma4:12b,4eb23ef187e2c5462566d6a1d3bbbc2f1346d0b4327cbb66d58fffbcc9b2b05c,20260801,16384,0.75,0.0,0.0,0.25,0,200,4.79,1
14,front,gemma4:12b,4eb23ef187e2c5462566d6a1d3bbbc2f1346d0b4327cbb66d58fffbcc9b2b05c,20260801,16384,0.0,0.0,0.0,1.0,0,73,4.78,1
14,second,gemma4:12b,4eb23ef187e2c5462566d6a1d3bbbc2f1346d0b4327cbb66d58fffbcc9b2b05c,20260801,16384,0.0,0.0,0.5,0.5,0,231,4.75,1
14,third,gemma4:12b,4eb23ef187e2c5462566d6a1d3bbbc2f1346d0b4327cbb66d58fffbcc9b2b05c,20260801,16384,0.0,0.0,0.0,1.0,0,62,4.41,1
15,front,gemma4:12b,4eb23ef187e2c5462566d6a1d3bbbc2f1346d0b4327cbb66d58fffbcc9b2b05c,20260801,16384,0.75,0.67,0.11,0.44,0,658,6.66,1
15,second,gemma4:12b,4eb23ef187e2c5462566d6a1d3bbbc2f1346d0b4327cbb66d58fffbcc9b2b05c,20260801,16384,0.4,0.0,0.0,0.5,0,366,5.36,1
15,third,gemma4:12b,4eb23ef187e2c5462566d6a1d3bbbc2f1346d0b4327cbb66d58fffbcc9b2b05c,20260801,16384,0.75,0.0,0.0,0.0,0,123,4.8,1
16,front,gemma4:12b,4eb23ef187e2c5462566d6a1d3bbbc2f1346d0b4327cbb66d58fffbcc9b2b05c,20260801,16384,0.85,0.67,0.15,0.4,0,350,5.28,1
16,second,gemma4:12b,4eb23ef187e2c5462566d6a1d3bbbc2f1346d0b4327cbb66d58fffbcc9b2b05c,20260801,16384,0.75,0.5,0.0,0.0,0,326,5.42,1
16,third,gemma4:12b,4eb23ef187e2c5462566d6a1d3bbbc2f1346d0b4327cbb66d58fffbcc9b2b05c,20260801,16384,0.5,0.5,0.25,0.5,0,139,4.85,1
17,front,gemma4:12b,4eb23ef187e2c5462566d6a1d3bbbc2f1346d0b4327cbb66d58fffbcc9b2b05c,20260801,16384,0.85,0.0,0.0,0.2,0,610,6.62,1
17,second,gemma4:12b,4eb23ef187e2c5462566d6a1d3bbbc2f1346d0b4327cbb66d58fffbcc9b2b05c,20260801,16384,0.75,0.0,0.0,0.5,0,414,5.23,1
17,third,gemma4:12b,4eb23ef187e2c5462566d6a1d3bbbc2f1346d0b4327cbb66d58fffbcc9b2b05c,20260801,16384,0.67,0.0,0.0,0.33,0,150,4.83,1
18,front,gemma4:12b,4eb23ef187e2c5462566d6a1d3bbbc2f1346d0b4327cbb66d58fffbcc9b2b05c,20260801,16384,0.85,0.9,0.1,0.3,0,751,6.6,1
18,second,gemma4:12b,4eb23ef187e2c5462566d6a1d3bbbc2f1346d0b4327cbb66d58fffbcc9b2b05c,20260801,16384,0.67,0.5,0.33,0.5,0,368,5.37,1
18,third,gemma4:12b,4eb23ef187e2c5462566d6a1d3bbbc2f1346d0b4327cbb66d58fffbcc9b2b05c,20260801,16384,0.75,0.0,0.25,0.0,0,136,4.8,1
19,front,gemma4:12b,4eb23ef187e2c5462566d6a1d3bbbc2f1346d0b4327cbb66d58fffbcc9b2b05c,20260801,16384,1.0,0.0,0.0,0.0,0,296,5.34,1
19,second,gemma4:12b,4eb23ef187e2c5462566d6a1d3bbbc2f1346d0b4327cbb66d58fffbcc9b2b05c,20260801,16384,1.0,0.0,0.0,0.0,0,249,5.35,1
19,third,gemma4:12b,4eb23ef187e2c5462566d6a1d3bbbc2f1346d0b4327cbb66d58fffbcc9b2b05c,20260801,16384,1.0,0.0,0.0,0.0,0,148,4.54,1
20,front,gemma4:12b,4eb23ef187e2c5462566d6a1d3bbbc2f1346d0b4327cbb66d58fffbcc9b2b05c,20260801,16384,0.75,0.5,0.25,0.5,0,421,6.04,1
20,second,gemma4:12b,4eb23ef187e2c5462566d6a1d3bbbc2f1346d0b4327cbb66d58fffbcc9b2b05c,20260801,16384,1.0,0.0,0.0,0.0,0,250,4.73,1
20,third,gemma4:12b,4eb23ef187e2c5462566d6a1d3bbbc2f1346d0b4327cbb66d58fffbcc9b2b05c,20260801,16384,0.75,0.0,0.25,0.5,0,154,4.84,1
21,front,gemma4:12b,4eb23ef187e2c5462566d6a1d3bbbc2f1346d0b4327cbb66d58fffbcc9b2b05c,20260801,16384,0.75,0.4,0.0,0.3,0,619,5.83,1
21,second,gemma4:12b,4eb23ef187e2c5462566d6a1d3bbbc2f1346d0b4327cbb66d58fffbcc9b2b05c,20260801,16384,0.33,0.0,0.0,0.0,0,279,5.32,1
21,third,gemma4:12b,4eb23ef187e2c5462566d6a1d3bbbc2f1346d0b4327cbb66d58fffbcc9b2b05c,20260801,16384,0.4,0.0,0.0,0.0,0,168,4.75,1
22,front,gemma4:12b,4eb23ef187e2c5462566d6a1d3bbbc2f1346d0b4327cbb66d58fffbcc9b2b05c,20260801,16384,1.0,0.0,0.0,0.5,0,507,6.06,1
22,second,gemma4:12b,4eb23ef187e2c5462566d6a1d3bbbc2f1346d0b4327cbb66d58fffbcc9b2b05c,20260801,16384,0.75,0.0,0.0,0.5,0,356,5.36,1
22,third,gemma4:12b,4eb23ef187e2c5462566d6a1d3bbbc2f1346d0b4327cbb66d58fffbcc9b2b05c,20260801,16384,0.75,0.0,0.0,0.5,0,196,4.77,1
23,front,gemma4:12b,4eb23ef187e2c5462566d6a1d3bbbc2f1346d0b4327cbb66d58fffbcc9b2b05c,20260801,16384,0.43,0.0,0.0,1.0,0,294,5.36,1
23,second,gemma4:12b,4eb23ef187e2c5462566d6a1d3bbbc2f1346d0b4327cbb66d58fffbcc9b2b05c,20260801,16384,0.5,0.0,0.0,1.0,0,256,4.78,1
23,third,gemma4:12b,4eb23ef187e2c5462566d6a1d3bbbc2f1346d0b4327cbb66d58fffbcc9b2b05c,20260801,16384,0.5,0.0,0.0,0.0,0,146,4.77,1
24,front,gemma4:12b,4eb23ef187e2c5462566d6a1d3bbbc2f1346d0b4327cbb66d58fffbcc9b2b05c,20260801,16384,0.75,0.89,0.15,0.65,0,713,7.32,1
24,second,gemma4:12b,4eb23ef187e2c5462566d6a1d3bbbc2f1346d0b4327cbb66d58fffbcc9b2b05c,20260801,16384,0.4,0.0,0.0,0.5,0,293,5.49,1
24,third,gemma4:12b,4eb23ef187e2c5462566d6a1d3bbbc2f1346d0b4327cbb66d58fffbcc9b2b05c,20260801,16384,0.5,0.0,0.25,0.5,0,158,4.78,1
25,front,gemma4:12b,4eb23ef187e2c5462566d6a1d3bbbc2f1346d0b4327cbb66d58fffbcc9b2b05c,20260801,16384,1.0,1.0,0.0,0.5,0,838,7.17,1
25,second,gemma4:12b,4eb23ef187e2c5462566d6a1d3bbbc2f1346d0b4327cbb66d58fffbcc9b2b05c,20260801,16384,0.75,0.25,0.0,0.5,0,453,6.09,1
25,third,gemma4:12b,4eb23ef187e2c5462566d6a1d3bbbc2f1346d0b4327cbb66d58fffbcc9b2b05c,20260801,16384,0.75,0.0,0.25,0.5,0,190,4.77,1
26,front,gemma4:12b,4eb23ef187e2c5462566d6a1d3bbbc2f1346d0b4327cbb66d58fffbcc9b2b05c,20260801,16384,0.85,1.0,0.0,0.6,0,822,6.68,1
26,second,gemma4:12b,4eb23ef187e2c5462566d6a1d3bbbc2f1346d0b4327cbb66d58fffbcc9b2b05c,20260801,16384,0.5,0.0,0.0,0.5,0,280,5.41,1
26,third,gemma4:12b,4eb23ef187e2c5462566d6a1d3bbbc2f1346d0b4327cbb66d58fffbcc9b2b05c,20260801,16384,0.67,0.0,0.0,0.5,0,123,4.77,1
27,front,gemma4:12b,4eb23ef187e2c5462566d6a1d3bbbc2f1346d0b4327cbb66d58fffbcc9b2b05c,20260801,16384,0.75,0.67,0.0,0.5,0,595,6.63,1
27,second,gemma4:12b,4eb23ef187e2c5462566d6a1d3bbbc2f1346d0b4327cbb66d58fffbcc9b2b05c,20260801,16384,0.75,0.5,0.0,0.5,0,359,5.26,1
27,third,gemma4:12b,4eb23ef187e2c5462566d6a1d3bbbc2f1346d0b4327cbb66d58fffbcc9b2b05c,20260801,16384,0.67,0.33,0.0,0.33,0,164,4.81,1
28,front,gemma4:12b,4eb23ef187e2c5462566d6a1d3bbbc2f1346d0b4327cbb66d58fffbcc9b2b05c,20260801,16384,0.83,0.8,0.0,0.5,0,856,6.7,1
28,second,gemma4:12b,4eb23ef187e2c5462566d6a1d3bbbc2f1346d0b4327cbb66d58fffbcc9b2b05c,20260801,16384,0.75,0.0,0.0,0.5,0,283,5.39,1
28,third,gemma4:12b,4eb23ef187e2c5462566d6a1d3bbbc2f1346d0b4327cbb66d58fffbcc9b2b05c,20260801,16384,0.5,0.25,0.25,0.5,0,134,4.77,1
29,front,gemma4:12b,4eb23ef187e2c5462566d6a1d3bbbc2f1346d0b4327cbb66d58fffbcc9b2b05c,20260801,16384,0.83,1.0,0.0,0.5,0,942,7.09,1
29,second,gemma4:12b,4eb23ef187e2c5462566d6a1d3bbbc2f1346d0b4327cbb66d58fffbcc9b2b05c,20260801,16384,0.75,0.5,0.0,0.25,0,314,5.44,1
29,third,gemma4:12b,4eb23ef187e2c5462566d6a1d3bbbc2f1346d0b4327cbb66d58fffbcc9b2b05c,20260801,16384,1.0,0.67,0.0,0.33,0,129,4.77,1
30,front,gemma4:12b,4eb23ef187e2c5462566d6a1d3bbbc2f1346d0b4327cbb66d58fffbcc9b2b05c,20260801,16384,0.85,0.15,0.0,0.4,0,765,6.09,1
30,second,gemma4:12b,4eb23ef187e2c5462566d6a1d3bbbc2f1346d0b4327cbb66d58fffbcc9b2b05c,20260801,16384,0.67,0.0,0.0,0.33,0,352,5.5,1
30,third,gemma4:12b,4eb23ef187e2c5462566d6a1d3bbbc2f1346d0b4327cbb66d58fffbcc9b2b05c,20260801,16384,0.75,0.0,0.0,0.25,0,119,4.77,1
31,front,gemma4:12b,4eb23ef187e2c5462566d6a1d3bbbc2f1346d0b4327cbb66d58fffbcc9b2b05c,20260801,16384,0.75,0.4,0.0,0.6,0,793,7.38,1
31,second,gemma4:12b,4eb23ef187e2c5462566d6a1d3bbbc2f1346d0b4327cbb66d58fffbcc9b2b05c,20260801,16384,0.4,0.0,0.0,0.5,0,288,5.45,1
31,third,gemma4:12b,4eb23ef187e2c5462566d6a1d3bbbc2f1346d0b4327cbb66d58fffbcc9b2b05c,20260801,16384,0.33,0.0,0.0,0.5,0,107,4.79,1
32,front,gemma4:12b,4eb23ef187e2c5462566d6a1d3bbbc2f1346d0b4327cbb66d58fffbcc9b2b05c,20260801,16384,0.85,1.0,0.0,0.6,0,946,7.17,1
32,second,gemma4:12b,4eb23ef187e2c5462566d6a1d3bbbc2f1346d0b4327cbb66d58fffbcc9b2b05c,20260801,16384,0.4,0.0,0.0,0.0,0,355,5.42,1
32,third,gemma4:12b,4eb23ef187e2c5462566d6a1d3bbbc2f1346d0b4327cbb66d58fffbcc9b2b05c,20260801,16384,0.75,0.0,0.0,0.25,0,151,4.8,1
33,front,gemma4:12b,4eb23ef187e2c5462566d6a1d3bbbc2f1346d0b4327cbb66d58fffbcc9b2b05c,20260801,16384,0.85,1.0,0.0,0.6,0,1169,7.95,1
33,second,gemma4:12b,4eb23ef187e2c5462566d6a1d3bbbc2f1346d0b4327cbb66d58fffbcc9b2b05c,20260801,16384,0.75,0.0,0.0,0.5,0,338,5.47,1
33,third,gemma4:12b,4eb23ef187e2c5462566d6a1d3bbbc2f1346d0b4327cbb66d58fffbcc9b2b05c,20260801,16384,0.75,0.0,0.0,0.5,0,109,4.76,1
34,front,gemma4:12b,4eb23ef187e2c5462566d6a1d3bbbc2f1346d0b4327cbb66d58fffbcc9b2b05c,20260801,16384,0.65,0.0,0.0,0.4,0,754,6.37,1
34,second,gemma4:12b,4eb23ef187e2c5462566d6a1d3bbbc2f1346d0b4327cbb66d58fffbcc9b2b05c,20260801,16384,0.4,0.0,0.0,0.0,0,400,5.36,1
34,third,gemma4:12b,4eb23ef187e2c5462566d6a1d3bbbc2f1346d0b4327cbb66d58fffbcc9b2b05c,20260801,16384,0.4,0.0,0.0,0.0,0,170,4.78,1
35,front,gemma4:12b,4eb23ef187e2c5462566d6a1d3bbbc2f1346d0b4327cbb66d58fffbcc9b2b05c,20260801,16384,0.85,0.75,0.0,0.6,0,772,6.49,1
35,second,gemma4:12b,4eb23ef187e2c5462566d6a1d3bbbc2f1346d0b4327cbb66d58fffbcc9b2b05c,20260801,16384,0.65,0.45,0.0,0.3,0,294,5.42,1
35,third,gemma4:12b,4eb23ef187e2c5462566d6a1d3bbbc2f1346d0b4327cbb66d58fffbcc9b2b05c,20260801,16384,0.75,0.25,0.0,0.5,0,130,4.75,1
36,front,gemma4:12b,4eb23ef187e2c5462566d6a1d3bbbc2f1346d0b4327cbb66d58fffbcc9b2b05c,20260801,16384,0.85,0.92,0.0,0.4,0,950,7.12,1
36,second,gemma4:12b,4eb23ef187e2c5462566d6a1d3bbbc2f1346d0b4327cbb66d58fffbcc9b2b05c,20260801,16384,0.5,0.25,0.0,0.0,0,239,4.76,1
36,third,gemma4:12b,4eb23ef187e2c5462566d6a1d3bbbc2f1346d0b4327cbb66d58fffbcc9b2b05c,20260801,16384,0.33,0.33,0.0,0.0,0,117,4.85,1
37,front,gemma4:12b,4eb23ef187e2c5462566d6a1d3bbbc2f1346d0b4327cbb66d58fffbcc9b2b05c,20260801,16384,0.75,1.0,0.0,0.6,0,715,7.28,1
37,second,gemma4:12b,4eb23ef187e2c5462566d6a1d3bbbc2f1346d0b4327cbb66d58fffbcc9b2b05c,20260801,16384,0.4,0.0,0.0,0.5,0,294,5.33,1
37,third,gemma4:12b,4eb23ef187e2c5462566d6a1d3bbbc2f1346d0b4327cbb66d58fffbcc9b2b05c,20260801,16384,0.5,0.0,0.25,0.5,0,160,4.75,1
38,front,gemma4:12b,4eb23ef187e2c5462566d6a1d3bbbc2f1346d0b4327cbb66d58fffbcc9b2b05c,20260801,16384,1.0,1.0,0.0,0.5,0,840,7.1,1
38,second,gemma4:12b,4eb23ef187e2c5462566d6a1d3bbbc2f1346d0b4327cbb66d58fffbcc9b2b05c,20260801,16384,0.75,0.0,0.0,0.0,0,455,6.14,1
38,third,gemma4:12b,4eb23ef187e2c5462566d6a1d3bbbc2f1346d0b4327cbb66d58fffbcc9b2b05c,20260801,16384,0.67,0.0,0.33,0.5,0,192,4.77,1
39,front,gemma4:12b,4eb23ef187e2c5462566d6a1d3bbbc2f1346d0b4327cbb66d58fffbcc9b2b05c,20260801,16384,0.4,0.0,0.0,0.0,0,390,5.26,1
39,second,gemma4:12b,4eb23ef187e2c5462566d6a1d3bbbc2f1346d0b4327cbb66d58fffbcc9b2b05c,20260801,16384,0.5,0.0,0.0,0.0,0,347,5.31,1
39,third,gemma4:12b,4eb23ef187e2c5462566d6a1d3bbbc2f1346d0b4327cbb66d58fffbcc9b2b05c,20260801,16384,0.5,0.0,0.0,0.0,0,116,4.75,1
40,front,gemma4:12b,4eb23ef187e2c5462566d6a1d3bbbc2f1346d0b4327cbb66d58fffbcc9b2b05c,20260801,16384,0.65,0.1,0.0,0.2,0,643,6.4,1
40,second,gemma4:12b,4eb23ef187e2c5462566d6a1d3bbbc2f1346d0b4327cbb66d58fffbcc9b2b05c,20260801,16384,0.75,0.0,0.0,0.0,0,335,5.33,1
40,third,gemma4:12b,4eb23ef187e2c5462566d6a1d3bbbc2f1346d0b4327cbb66d58fffbcc9b2b05c,20260801,16384,0.33,0.0,0.0,0.0,0,148,4.77,1
41,front,gemma4:12b,4eb23ef187e2c5462566d6a1d3bbbc2f1346d0b4327cbb66d58fffbcc9b2b05c,20260801,16384,0.83,0.8,0.0,0.5,0,856,6.7,1
41,second,gemma4:12b,4eb23ef187e2c5462566d6a1d3bbbc2f1346d0b4327cbb66d58fffbcc9b2b05c,20260801,16384,0.75,0.0,0.0,0.5,0,284,5.48,1
41,third,gemma4:12b,4eb23ef187e2c5462566d6a1d3bbbc2f1346d0b4327cbb66d58fffbcc9b2b05c,20260801,16384,0.75,0.25,0.0,0.5,0,135,4.85,1
42,front,gemma4:12b,4eb23ef187e2c5462566d6a1d3bbbc2f1346d0b4327cbb66d58fffbcc9b2b05c,20260801,16384,0.75,0.25,0.0,0.0,0,497,6.1,1
42,second,gemma4:12b,4eb23ef187e2c5462566d6a1d3bbbc2f1346d0b4327cbb66d58fffbcc9b2b05c,20260801,16384,0.75,0.25,0.0,0.0,0,361,5.24,1
42,third,gemma4:12b,4eb23ef187e2c5462566d6a1d3bbbc2f1346d0b4327cbb66d58fffbcc9b2b05c,20260801,16384,0.75,0.0,0.0,0.0,0,129,4.75,1
43,front,gemma4:12b,4eb23ef187e2c5462566d6a1d3bbbc2f1346d0b4327cbb66d58fffbcc9b2b05c,20260801,16384,1.0,0.0,0.0,0.0,0,377,5.18,1
43,second,gemma4:12b,4eb23ef187e2c5462566d6a1d3bbbc2f1346d0b4327cbb66d58fffbcc9b2b05c,20260801,16384,1.0,0.0,0.0,0.0,0,251,4.71,1
43,third,gemma4:12b,4eb23ef187e2c5462566d6a1d3bbbc2f1346d0b4327cbb66d58fffbcc9b2b05c,20260801,16384,1.0,0.0,0.0,0.0,0,102,4.73,1
44,front,gemma4:12b,4eb23ef187e2c5462566d6a1d3bbbc2f1346d0b4327cbb66d58fffbcc9b2b05c,20260801,16384,0.75,0.4,0.0,0.6,0,794,7.39,1
44,second,gemma4:12b,4eb23ef187e2c5462566d6a1d3bbbc2f1346d0b4327cbb66d58fffbcc9b2b05c,20260801,16384,0.5,0.0,0.0,0.5,0,289,5.42,1
44,third,gemma4:12b,4eb23ef187e2c5462566d6a1d3bbbc2f1346d0b4327cbb66d58fffbcc9b2b05c,20260801,16384,0.5,0.0,0.0,0.5,0,108,4.76,1
45,front,gemma4:12b,4eb23ef187e2c5462566d6a1d3bbbc2f1346d0b4327cbb66d58fffbcc9b2b05c,20260801,16384,0.75,0.0,0.0,0.0,0,394,5.24,1
45,second,gemma4:12b,4eb23ef187e2c5462566d6a1d3bbbc2f1346d0b4327cbb66d58fffbcc9b2b05c,20260801,16384,0.5,0.0,0.0,0.5,0,270,4.73,1
45,third,gemma4:12b,4eb23ef187e2c5462566d6a1d3bbbc2f1346d0b4327cbb66d58fffbcc9b2b05c,20260801,16384,0.5,0.0,0.0,0.0,0,156,4.76,1
46,front,gemma4:12b,4eb23ef187e2c5462566d6a1d3bbbc2f1346d0b4327cbb66d58fffbcc9b2b05c,20260801,16384,1.0,0.0,0.0,0.0,0,426,5.2,1
46,second,gemma4:12b,4eb23ef187e2c5462566d6a1d3bbbc2f1346d0b4327cbb66d58fffbcc9b2b05c,20260801,16384,1.0,0.0,0.0,0.0,0,259,4.67,1
46,third,gemma4:12b,4eb23ef187e2c5462566d6a1d3bbbc2f1346d0b4327cbb66d58fffbcc9b2b05c,20260801,16384,1.0,0.0,0.0,0.0,0,140,4.74,1
47,front,gemma4:12b,4eb23ef187e2c5462566d6a1d3bbbc2f1346d0b4327cbb66d58fffbcc9b2b05c,20260801,16384,0.4,0.0,0.0,0.0,0,564,5.62,1
47,second,gemma4:12b,4eb23ef187e2c5462566d6a1d3bbbc2f1346d0b4327cbb66d58fffbcc9b2b05c,20260801,16384,0.5,0.0,0.0,0.0,0,250,4.68,1
47,third,gemma4:12b,4eb23ef187e2c5462566d6a1d3bbbc2f1346d0b4327cbb66d58fffbcc9b2b05c,20260801,16384,0.33,0.0,0.0,0.0,0,118,4.74,1
48,front,gemma4:12b,4eb23ef187e2c5462566d6a1d3bbbc2f1346d0b4327cbb66d58fffbcc9b2b05c,20260801,16384,1.0,0.0,0.0,0.0,0,534,5.47,1
48,second,gemma4:12b,4eb23ef187e2c5462566d6a1d3bbbc2f1346d0b4327cbb66d58fffbcc9b2b05c,20260801,16384,1.0,0.0,0.0,0.0,0,263,5.3,1
48,third,gemma4:12b,4eb23ef187e2c5462566d6a1d3bbbc2f1346d0b4327cbb66d58fffbcc9b2b05c,20260801,16384,1.0,0.0,0.0,0.0,0,117,4.75,1
49,front,gemma4:12b,4eb23ef187e2c5462566d6a1d3bbbc2f1346d0b4327cbb66d58fffbcc9b2b05c,20260801,16384,0.0,0.0,0.0,0.0,0,511,5.94,1
49,second,gemma4:12b,4eb23ef187e2c5462566d6a1d3bbbc2f1346d0b4327cbb66d58fffbcc9b2b05c,20260801,16384,0.5,0.0,0.0,0.0,0,231,4.68,1
49,third,gemma4:12b,4eb23ef187e2c5462566d6a1d3bbbc2f1346d0b4327cbb66d58fffbcc9b2b05c,20260801,16384,0.33,0.0,0.0,0.0,0,117,4.75,1
50,front,gemma4:12b,4eb23ef187e2c5462566d6a1d3bbbc2f1346d0b4327cbb66d58fffbcc9b2b05c,20260801,16384,0.75,0.85,0.1,0.6,0,715,7.3,1
50,second,gemma4:12b,4eb23ef187e2c5462566d6a1d3bbbc2f1346d0b4327cbb66d58fffbcc9b2b05c,20260801,16384,0.4,0.0,0.0,0.5,0,295,5.4,1
50,third,gemma4:12b,4eb23ef187e2c5462566d6a1d3bbbc2f1346d0b4327cbb66d58fffbcc9b2b05c,20260801,16384,0.5,0.0,0.25,0.5,0,161,4.76,1
51,front,gemma4:12b,4eb23ef187e2c5462566d6a1d3bbbc2f1346d0b4327cbb66d58fffbcc9b2b05c,20260801,16384,0.67,0.0,0.0,0.0,0,476,6.01,1
51,second,gemma4:12b,4eb23ef187e2c5462566d6a1d3bbbc2f1346d0b4327cbb66d58fffbcc9b2b05c,20260801,16384,1.0,0.0,0.0,0.0,0,302,5.34,1
51,third,gemma4:12b,4eb23ef187e2c5462566d6a1d3bbbc2f1346d0b4327cbb66d58fffbcc9b2b05c,20260801,16384,1.0,0.0,0.0,0.0,0,108,4.74,1
52,front,gemma4:12b,4eb23ef187e2c5462566d6a1d3bbbc2f1346d0b4327cbb66d58fffbcc9b2b05c,20260801,16384,0.85,1.0,0.0,0.6,0,823,6.55,1
52,second,gemma4:12b,4eb23ef187e2c5462566d6a1d3bbbc2f1346d0b4327cbb66d58fffbcc9b2b05c,20260801,16384,0.5,0.0,0.0,0.5,0,281,5.34,1
52,third,gemma4:12b,4eb23ef187e2c5462566d6a1d3bbbc2f1346d0b4327cbb66d58fffbcc9b2b05c,20260801,16384,1.0,0.0,0.0,0.5,0,125,4.73,1
53,front,gemma4:12b,4eb23ef187e2c5462566d6a1d3bbbc2f1346d0b4327cbb66d58fffbcc9b2b05c,20260801,16384,0.85,0.65,0.0,0.4,0,596,6.59,1
53,second,gemma4:12b,4eb23ef187e2c5462566d6a1d3bbbc2f1346d0b4327cbb66d58fffbcc9b2b05c,20260801,16384,0.75,0.5,0.0,0.5,0,360,5.23,1
53,third,gemma4:12b,4eb23ef187e2c5462566d6a1d3bbbc2f1346d0b4327cbb66d58fffbcc9b2b05c,20260801,16384,0.75,0.25,0.0,0.0,0,165,4.74,1
54,front,gemma4:12b,4eb23ef187e2c5462566d6a1d3bbbc2f1346d0b4327cbb66d58fffbcc9b2b05c,20260801,16384,0.83,0.8,0.0,0.5,0,857,6.64,1
54,second,gemma4:12b,4eb23ef187e2c5462566d6a1d3bbbc2f1346d0b4327cbb66d58fffbcc9b2b05c,20260801,16384,0.75,0.0,0.0,0.5,0,285,5.32,1
54,third,gemma4:12b,4eb23ef187e2c5462566d6a1d3bbbc2f1346d0b4327cbb66d58fffbcc9b2b05c,20260801,16384,0.75,0.0,0.0,0.0,0,135,4.78,1
55,front,gemma4:12b,4eb23ef187e2c5462566d6a1d3bbbc2f1346d0b4327cbb66d58fffbcc9b2b05c,20260801,16384,0.85,0.95,0.0,0.6,0,943,7.04,1
55,second,gemma4:12b,4eb23ef187e2c5462566d6a1d3bbbc2f1346d0b4327cbb66d58fffbcc9b2b05c,20260801,16384,0.75,0.5,0.0,0.25,0,315,5.4,1
55,third,gemma4:12b,4eb23ef187e2c5462566d6a1d3bbbc2f1346d0b4327cbb66d58fffbcc9b2b05c,20260801,16384,1.0,0.67,0.0,0.0,0,130,4.74,1
56,front,gemma4:12b,4eb23ef187e2c5462566d6a1d3bbbc2f1346d0b4327cbb66d58fffbcc9b2b05c,20260801,16384,0.85,0.15,0.0,0.4,0,767,5.89,1
56,second,gemma4:12b,4eb23ef187e2c5462566d6a1d3bbbc2f1346d0b4327cbb66d58fffbcc9b2b05c,20260801,16384,0.75,0.0,0.0,0.25,0,353,5.37,1
56,third,gemma4:12b,4eb23ef187e2c5462566d6a1d3bbbc2f1346d0b4327cbb66d58fffbcc9b2b05c,20260801,16384,0.75,0.0,0.0,0.25,0,121,4.77,1
57,front,gemma4:12b,4eb23ef187e2c5462566d6a1d3bbbc2f1346d0b4327cbb66d58fffbcc9b2b05c,20260801,16384,0.85,0.6,0.0,0.4,0,794,7.25,1
57,second,gemma4:12b,4eb23ef187e2c5462566d6a1d3bbbc2f1346d0b4327cbb66d58fffbcc9b2b05c,20260801,16384,0.5,0.0,0.0,0.0,0,289,5.36,1
57,third,gemma4:12b,4eb23ef187e2c5462566d6a1d3bbbc2f1346d0b4327cbb66d58fffbcc9b2b05c,20260801,16384,0.5,0.0,0.0,0.5,0,109,4.75,1
58,front,gemma4:12b,4eb23ef187e2c5462566d6a1d3bbbc2f1346d0b4327cbb66d58fffbcc9b2b05c,20260801,16384,1.0,1.0,0.0,0.5,0,947,7.05,1
58,second,gemma4:12b,4eb23ef187e2c5462566d6a1d3bbbc2f1346d0b4327cbb66d58fffbcc9b2b05c,20260801,16384,0.67,0.0,0.0,0.33,0,356,5.36,1
58,third,gemma4:12b,4eb23ef187e2c5462566d6a1d3bbbc2f1346d0b4327cbb66d58fffbcc9b2b05c,20260801,16384,0.75,0.0,0.0,0.0,0,152,4.75,1
59,front,gemma4:12b,4eb23ef187e2c5462566d6a1d3bbbc2f1346d0b4327cbb66d58fffbcc9b2b05c,20260801,16384,1.0,1.0,0.0,0.5,0,1170,7.88,1
59,second,gemma4:12b,4eb23ef187e2c5462566d6a1d3bbbc2f1346d0b4327cbb66d58fffbcc9b2b05c,20260801,16384,0.75,0.0,0.0,0.5,0,339,5.34,1
59,third,gemma4:12b,4eb23ef187e2c5462566d6a1d3bbbc2f1346d0b4327cbb66d58fffbcc9b2b05c,20260801,16384,1.0,0.0,0.0,0.0,0,110,4.73,1
60,front,gemma4:12b,4eb23ef187e2c5462566d6a1d3bbbc2f1346d0b4327cbb66d58fffbcc9b2b05c,20260801,16384,0.67,0.0,0.0,0.33,0,755,6.4,1
60,second,gemma4:12b,4eb23ef187e2c5462566d6a1d3bbbc2f1346d0b4327cbb66d58fffbcc9b2b05c,20260801,16384,0.67,0.0,0.0,0.33,0,401,5.36,1
60,third,gemma4:12b,4eb23ef187e2c5462566d6a1d3bbbc2f1346d0b4327cbb66d58fffbcc9b2b05c,20260801,16384,0.4,0.0,0.0,0.0,0,171,4.74,1
61,front,gemma4:12b,4eb23ef187e2c5462566d6a1d3bbbc2f1346d0b4327cbb66d58fffbcc9b2b05c,20260801,16384,0.85,0.75,0.0,0.4,0,773,6.73,1
61,second,gemma4:12b,4eb23ef187e2c5462566d6a1d3bbbc2f1346d0b4327cbb66d58fffbcc9b2b05c,20260801,16384,0.83,0.45,0.0,0.0,0,296,5.66,1
61,third,gemma4:12b,4eb23ef187e2c5462566d6a1d3bbbc2f1346d0b4327cbb66d58fffbcc9b2b05c,20260801,16384,1.0,0.5,0.0,0.0,0,131,4.88,1
62,front,gemma4:12b,4eb23ef187e2c5462566d6a1d3bbbc2f1346d0b4327cbb66d58fffbcc9b2b05c,20260801,16384,1.0,1.0,0.0,0.5,0,951,7.15,1
62,second,gemma4:12b,4eb23ef187e2c5462566d6a1d3bbbc2f1346d0b4327cbb66d58fffbcc9b2b05c,20260801,16384,0.75,0.25,0.0,0.0,0,240,4.79,1
62,third,gemma4:12b,4eb23ef187e2c5462566d6a1d3bbbc2f1346d0b4327cbb66d58fffbcc9b2b05c,20260801,16384,0.5,0.25,0.0,0.0,0,118,4.75,1
63,front,gemma4:12b,4eb23ef187e2c5462566d6a1d3bbbc2f1346d0b4327cbb66d58fffbcc9b2b05c,20260801,16384,0.67,0.89,0.11,0.5,0,716,7.33,1
63,second,gemma4:12b,4eb23ef187e2c5462566d6a1d3bbbc2f1346d0b4327cbb66d58fffbcc9b2b05c,20260801,16384,0.4,0.0,0.0,0.5,0,296,5.34,1
63,third,gemma4:12b,4eb23ef187e2c5462566d6a1d3bbbc2f1346d0b4327cbb66d58fffbcc9b2b05c,20260801,16384,0.5,0.0,0.25,0.5,0,161,4.75,1
64,front,gemma4:12b,4eb23ef187e2c5462566d6a1d3bbbc2f1346d0b4327cbb66d58fffbcc9b2b05c,20260801,16384,1.0,1.0,0.0,0.5,0,841,7.02,1
64,second,gemma4:12b,4eb23ef187e2c5462566d6a1d3bbbc2f1346d0b4327cbb66d58fffbcc9b2b05c,20260801,16384,0.75,0.0,0.0,0.0,0,456,6.05,1
64,third,gemma4:12b,4eb23ef187e2c5462566d6a1d3bbbc2f1346d0b4327cbb66d58fffbcc9b2b05c,20260801,16384,0.75,0.0,0.0,0.5,0,193,4.74,1
65,front,gemma4:12b,4eb23ef187e2c5462566d6a1d3bbbc2f1346d0b4327cbb66d58fffbcc9b2b05c,20260801,16384,1.0,1.0,0.0,0.5,0,824,6.46,1
65,second,gemma4:12b,4eb23ef187e2c5462566d6a1d3bbbc2f1346d0b4327cbb66d58fffbcc9b2b05c,20260801,16384,0.5,0.0,0.0,0.5,0,281,5.33,1
65,third,gemma4:12b,4eb23ef187e2c5462566d6a1d3bbbc2f1346d0b4327cbb66d58fffbcc9b2b05c,20260801,16384,0.67,0.0,0.0,0.5,0,125,4.75,1
66,front,gemma4:12b,4eb23ef187e2c5462566d6a1d3bbbc2f1346d0b4327cbb66d58fffbcc9b2b05c,20260801,16384,0.85,0.6,0.0,0.4,0,597,6.58,1
66,second,gemma4:12b,4eb23ef187e2c5462566d6a1d3bbbc2f1346d0b4327cbb66d58fffbcc9b2b05c,20260801,16384,0.75,0.5,0.0,0.5,0,360,5.22,1
66,third,gemma4:12b,4eb23ef187e2c5462566d6a1d3bbbc2f1346d0b4327cbb66d58fffbcc9b2b05c,20260801,16384,0.5,0.25,0.0,0.5,0,166,4.75,1
67,front,gemma4:12b,4eb23ef187e2c5462566d6a1d3bbbc2f1346d0b4327cbb66d58fffbcc9b2b05c,20260801,16384,1.0,1.0,0.0,0.5,0,796,6.74,1
67,second,gemma4:12b,4eb23ef187e2c5462566d6a1d3bbbc2f1346d0b4327cbb66d58fffbcc9b2b05c,20260801,16384,0.5,0.0,0.0,0.5,0,294,5.32,1
67,third,gemma4:12b,4eb23ef187e2c5462566d6a1d3bbbc2f1346d0b4327cbb66d58fffbcc9b2b05c,20260801,16384,0.67,0.0,0.0,0.5,0,106,4.75,1
68,front,gemma4:12b,4eb23ef187e2c5462566d6a1d3bbbc2f1346d0b4327cbb66d58fffbcc9b2b05c,20260801,16384,0.85,0.65,0.0,0.3,0,723,7.33,1
68,second,gemma4:12b,4eb23ef187e2c5462566d6a1d3bbbc2f1346d0b4327cbb66d58fffbcc9b2b05c,20260801,16384,0.5,0.33,0.0,0.0,0,254,5.62,1
68,third,gemma4:12b,4eb23ef187e2c5462566d6a1d3bbbc2f1346d0b4327cbb66d58fffbcc9b2b05c,20260801,16384,0.5,0.5,0.0,0.0,0,126,4.78,1
69,front,gemma4:12b,4eb23ef187e2c5462566d6a1d3bbbc2f1346d0b4327cbb66d58fffbcc9b2b05c,20260801,16384,0.75,0.25,0.0,0.0,0,505,5.98,1
69,second,gemma4:12b,4eb23ef187e2c5462566d6a1d3bbbc2f1346d0b4327cbb66d58fffbcc9b2b05c,20260801,16384,0.67,0.33,0.0,0.0,0,323,5.34,1
69,third,gemma4:12b,4eb23ef187e2c5462566d6a1d3bbbc2f1346d0b4327cbb66d58fffbcc9b2b05c,20260801,16384,0.67,0.33,0.0,0.0,0,161,4.81,1
70,front,gemma4:12b,4eb23ef187e2c5462566d6a1d3bbbc2f1346d0b4327cbb66d58fffbcc9b2b05c,20260801,16384,1.0,1.0,0.0,0.5,0,827,7.01,1
70,second,gemma4:12b,4eb23ef187e2c5462566d6a1d3bbbc2f1346d0b4327cbb66d58fffbcc9b2b05c,20260801,16384,0.67,0.0,0.0,0.5,0,375,5.53,1
70,third,gemma4:12b,4eb23ef187e2c5462566d6a1d3bbbc2f1346d0b4327cbb66d58fffbcc9b2b05c,20260801,16384,0.5,0.0,0.0,0.5,0,150,5.35,1
71,front,gemma4:12b,4eb23ef187e2c5462566d6a1d3bbbc2f1346d0b4327cbb66d58fffbcc9b2b05c,20260801,16384,0.85,0.2,0.0,0.4,0,945,6.88,1
71,second,gemma4:12b,4eb23ef187e2c5462566d6a1d3bbbc2f1346d0b4327cbb66d58fffbcc9b2b05c,20260801,16384,0.33,0.0,0.33,0.67,0,313,5.5,1
71,third,gemma4:12b,4eb23ef187e2c5462566d6a1d3bbbc2f1346d0b4327cbb66d58fffbcc9b2b05c,20260801,16384,0.5,0.0,0.0,0.0,0,83,4.85,1
72,front,gemma4:12b,4eb23ef187e2c5462566d6a1d3bbbc2f1346d0b4327cbb66d58fffbcc9b2b05c,20260801,16384,0.85,0.75,0.0,0.0,0,603,6.36,1
72,second,gemma4:12b,4eb23ef187e2c5462566d6a1d3bbbc2f1346d0b4327cbb66d58fffbcc9b2b05c,20260801,16384,0.5,0.25,0.0,0.0,0,304,5.47,1
72,third,gemma4:12b,4eb23ef187e2c5462566d6a1d3bbbc2f1346d0b4327cbb66d58fffbcc9b2b05c,20260801,16384,0.5,0.0,0.0,0.0,0,103,4.78,1
73,front,gemma4:12b,4eb23ef187e2c5462566d6a1d3bbbc2f1346d0b4327cbb66d58fffbcc9b2b05c,20260801,16384,0.75,0.4,0.0,0.3,0,562,5.78,1
73,second,gemma4:12b,4eb23ef187e2c5462566d6a1d3bbbc2f1346d0b4327cbb66d58fffbcc9b2b05c,20260801,16384,0.33,0.33,0.0,0.5,0,303,5.44,1
73,third,gemma4:12b,4eb23ef187e2c5462566d6a1d3bbbc2f1346d0b4327cbb66d58fffbcc9b2b05c,20260801,16384,0.33,0.33,0.0,0.0,0,112,4.83,1
74,front,gemma4:12b,4eb23ef187e2c5462566d6a1d3bbbc2f1346d0b4327cbb66d58fffbcc9b2b05c,20260801,16384,1.0,1.0,0.0,0.5,0,771,6.28,1
74,second,gemma4:12b,4eb23ef187e2c5462566d6a1d3bbbc2f1346d0b4327cbb66d58fffbcc9b2b05c,20260801,16384,0.67,0.0,0.0,0.5,0,311,6.38,1
74,third,gemma4:12b,4eb23ef187e2c5462566d6a1d3bbbc2f1346d0b4327cbb66d58fffbcc9b2b05c,20260801,16384,0.75,0.0,0.0,0.0,0,117,4.75,1
75,front,gemma4:12b,4eb23ef187e2c5462566d6a1d3bbbc2f1346d0b4327cbb66d58fffbcc9b2b05c,20260801,16384,0.9,1.0,0.0,0.5,0,951,7.27,1
75,second,gemma4:12b,4eb23ef187e2c5462566d6a1d3bbbc2f1346d0b4327cbb66d58fffbcc9b2b05c,20260801,16384,0.5,0.25,0.0,0.0,0,241,4.84,1
75,third,gemma4:12b,4eb23ef187e2c5462566d6a1d3bbbc2f1346d0b4327cbb66d58fffbcc9b2b05c,20260801,16384,0.33,0.33,0.0,0.0,0,118,4.76,1
76,front,gemma4:12b,4eb23ef187e2c5462566d6a1d3bbbc2f1346d0b4327cbb66d58fffbcc9b2b05c,20260801,16384,0.85,0.9,0.0,0.6,0,716,7.36,1
76,second,gemma4:12b,4eb23ef187e2c5462566d6a1d3bbbc2f1346d0b4327cbb66d58fffbcc9b2b05c,20260801,16384,0.5,0.0,0.0,0.0,0,296,6.72,1
76,third,gemma4:12b,4eb23ef187e2c5462566d6a1d3bbbc2f1346d0b4327cbb66d58fffbcc9b2b05c,20260801,16384,0.5,0.0,0.33,0.0,0,162,4.78,1
77,front,gemma4:12b,4eb23ef187e2c5462566d6a1d3bbbc2f1346d0b4327cbb66d58fffbcc9b2b05c,20260801,16384,0.85,0.75,0.0,0.4,0,720,7.29,1
77,second,gemma4:12b,4eb23ef187e2c5462566d6a1d3bbbc2f1346d0b4327cbb66d58fffbcc9b2b05c,20260801,16384,0.75,0.0,0.0,0.5,0,279,6.4,1
77,third,gemma4:12b,4eb23ef187e2c5462566d6a1d3bbbc2f1346d0b4327cbb66d58fffbcc9b2b05c,20260801,16384,0.75,0.0,0.0,0.0,0,158,4.92,1
78,front,gemma4:12b,4eb23ef187e2c5462566d6a1d3bbbc2f1346d0b4327cbb66d58fffbcc9b2b05c,20260801,16384,0.75,0.33,0.25,0.5,0,525,6.75,1
78,second,gemma4:12b,4eb23ef187e2c5462566d6a1d3bbbc2f1346d0b4327cbb66d58fffbcc9b2b05c,20260801,16384,0.75,0.0,0.25,0.5,0,380,5.25,1
78,third,gemma4:12b,4eb23ef187e2c5462566d6a1d3bbbc2f1346d0b4327cbb66d58fffbcc9b2b05c,20260801,16384,0.75,0.0,0.0,0.0,0,199,4.72,1
79,front,gemma4:12b,4eb23ef187e2c5462566d6a1d3bbbc2f1346d0b4327cbb66d58fffbcc9b2b05c,20260801,16384,0.0,0.0,0.0,0.0,0,72,4.76,1
79,second,gemma4:12b,4eb23ef187e2c5462566d6a1d3bbbc2f1346d0b4327cbb66d58fffbcc9b2b05c,20260801,16384,0.0,0.0,0.5,0.0,0,230,4.71,1
79,third,gemma4:12b,4eb23ef187e2c5462566d6a1d3bbbc2f1346d0b4327cbb66d58fffbcc9b2b05c,20260801,16384,0.0,0.0,0.0,1.0,0,60,4.33,1
80,front,gemma4:12b,4eb23ef187e2c5462566d6a1d3bbbc2f1346d0b4327cbb66d58fffbcc9b2b05c,20260801,16384,0.85,0.67,0.0,0.33,0,561,6.62,1
80,second,gemma4:12b,4eb23ef187e2c5462566d6a1d3bbbc2f1346d0b4327cbb66d58fffbcc9b2b05c,20260801,16384,0.67,0.0,0.0,0.33,0,310,5.34,1
80,third,gemma4:12b,4eb23ef187e2c5462566d6a1d3bbbc2f1346d0b4327cbb66d58fffbcc9b2b05c,20260801,16384,0.67,0.0,0.0,0.33,0,101,4.74,1
81,front,gemma4:12b,4eb23ef187e2c5462566d6a1d3bbbc2f1346d0b4327cbb66d58fffbcc9b2b05c,20260801,16384,1.0,0.8,0.0,0.0,0,612,6.18,1
81,second,gemma4:12b,4eb23ef187e2c5462566d6a1d3bbbc2f1346d0b4327cbb66d58fffbcc9b2b05c,20260801,16384,0.5,0.33,0.0,0.0,0,249,6.45,1
81,third,gemma4:12b,4eb23ef187e2c5462566d6a1d3bbbc2f1346d0b4327cbb66d58fffbcc9b2b05c,20260801,16384,0.5,0.5,0.0,0.0,0,122,4.75,1
82,front,gemma4:12b,4eb23ef187e2c5462566d6a1d3bbbc2f1346d0b4327cbb66d58fffbcc9b2b05c,20260801,16384,0.85,0.0,0.0,0.3,0,513,5.77,1
82,second,gemma4:12b,4eb23ef187e2c5462566d6a1d3bbbc2f1346d0b4327cbb66d58fffbcc9b2b05c,20260801,16384,0.75,0.0,0.25,0.5,0,288,5.3,1
82,third,gemma4:12b,4eb23ef187e2c5462566d6a1d3bbbc2f1346d0b4327cbb66d58fffbcc9b2b05c,20260801,16384,0.75,0.0,0.0,0.0,0,128,4.79,1
83,front,gemma4:12b,4eb23ef187e2c5462566d6a1d3bbbc2f1346d0b4327cbb66d58fffbcc9b2b05c,20260801,16384,0.75,0.25,0.0,0.5,0,556,5.71,1
83,second,gemma4:12b,4eb23ef187e2c5462566d6a1d3bbbc2f1346d0b4327cbb66d58fffbcc9b2b05c,20260801,16384,0.67,0.33,0.0,0.5,0,317,5.34,1
83,third,gemma4:12b,4eb23ef187e2c5462566d6a1d3bbbc2f1346d0b4327cbb66d58fffbcc9b2b05c,20260801,16384,0.67,0.0,0.0,0.33,0,121,4.76,1
84,front,gemma4:12b,4eb23ef187e2c5462566d6a1d3bbbc2f1346d0b4327cbb66d58fffbcc9b2b05c,20260801,16384,0.85,0.6,0.1,0.4,0,627,6.06,1
84,second,gemma4:12b,4eb23ef187e2c5462566d6a1d3bbbc2f1346d0b4327cbb66d58fffbcc9b2b05c,20260801,16384,0.67,0.0,0.15,0.43,0,318,5.92,1
84,third,gemma4:12b,4eb23ef187e2c5462566d6a1d3bbbc2f1346d0b4327cbb66d58fffbcc9b2b05c,20260801,16384,0.5,0.0,0.0,0.0,0,126,4.77,1
85,front,gemma4:12b,4eb23ef187e2c5462566d6a1d3bbbc2f1346d0b4327cbb66d58fffbcc9b2b05c,20260801,16384,1.0,0.0,0.0,0.0,0,597,6.63,1
85,second,gemma4:12b,4eb23ef187e2c5462566d6a1d3bbbc2f1346d0b4327cbb66d58fffbcc9b2b05c,20260801,16384,0.75,0.0,0.0,0.0,0,296,5.81,1
85,third,gemma4:12b,4eb23ef187e2c5462566d6a1d3bbbc2f1346d0b4327cbb66d58fffbcc9b2b05c,20260801,16384,1.0,0.0,0.0,0.0,0,109,4.84,1
86,front,gemma4:12b,4eb23ef187e2c5462566d6a1d3bbbc2f1346d0b4327cbb66d58fffbcc9b2b05c,20260801,16384,0.67,0.89,0.25,0.5,0,781,7.07,1
86,second,gemma4:12b,4eb23ef187e2c5462566d6a1d3bbbc2f1346d0b4327cbb66d58fffbcc9b2b05c,20260801,16384,0.65,0.75,0.35,0.5,0,574,6.96,1
86,third,gemma4:12b,4eb23ef187e2c5462566d6a1d3bbbc2f1346d0b4327cbb66d58fffbcc9b2b05c,20260801,16384,0.33,0.0,0.0,0.0,0,180,4.74,1
87,front,gemma4:12b,4eb23ef187e2c5462566d6a1d3bbbc2f1346d0b4327cbb66d58fffbcc9b2b05c,20260801,16384,1.0,0.0,0.0,0.0,0,427,5.96,1
87,second,gemma4:12b,4eb23ef187e2c5462566d6a1d3bbbc2f1346d0b4327cbb66d58fffbcc9b2b05c,20260801,16384,1.0,0.0,0.0,0.0,0,242,4.47,1
87,third,gemma4:12b,4eb23ef187e2c5462566d6a1d3bbbc2f1346d0b4327cbb66d58fffbcc9b2b05c,20260801,16384,1.0,0.0,0.0,0.0,0,97,4.73,1
88,front,gemma4:12b,4eb23ef187e2c5462566d6a1d3bbbc2f1346d0b4327cbb66d58fffbcc9b2b05c,20260801,16384,0.6,0.4,0.0,0.0,0,479,5.73,1
88,second,gemma4:12b,4eb23ef187e2c5462566d6a1d3bbbc2f1346d0b4327cbb66d58fffbcc9b2b05c,20260801,16384,0.4,0.0,0.0,0.0,0,252,4.71,1
88,third,gemma4:12b,4eb23ef187e2c5462566d6a1d3bbbc2f1346d0b4327cbb66d58fffbcc9b2b05c,20260801,16384,0.5,0.0,0.0,0.0,0,106,4.75,1
89,front,gemma4:12b,4eb23ef187e2c5462566d6a1d3bbbc2f1346d0b4327cbb66d58fffbcc9b2b05c,20260801,16384,0.85,0.67,0.11,0.33,0,568,6.62,1
89,second,gemma4:12b,4eb23ef187e2c5462566d6a1d3bbbc2f1346d0b4327cbb66d58fffbcc9b2b05c,20260801,16384,0.5,0.0,0.0,0.5,0,273,5.28,1
89,third,gemma4:12b,4eb23ef187e2c5462566d6a1d3bbbc2f1346d0b4327cbb66d58fffbcc9b2b05c,20260801,16384,0.5,0.0,0.0,0.5,0,111,4.73,1
90,front,gemma4:12b,4eb23ef187e2c5462566d6a1d3bbbc2f1346d0b4327cbb66d58fffbcc9b2b05c,20260801,16384,0.0,0.0,0.0,0.0,0,59,4.35,1
90,second,gemma4:12b,4eb23ef187e2c5462566d6a1d3bbbc2f1346d0b4327cbb66d58fffbcc9b2b05c,20260801,16384,0.0,0.0,0.0,0.0,0,169,4.73,1
90,third,gemma4:12b,4eb23ef187e2c5462566d6a1d3bbbc2f1346d0b4327cbb66d58fffbcc9b2b05c,20260801,16384,0.0,0.0,0.0,0.0,0,106,4.73,1
91,front,gemma4:12b,4eb23ef187e2c5462566d6a1d3bbbc2f1346d0b4327cbb66d58fffbcc9b2b05c,20260801,16384,1.0,0.75,0.0,0.0,0,454,5.79,1
91,second,gemma4:12b,4eb23ef187e2c5462566d6a1d3bbbc2f1346d0b4327cbb66d58fffbcc9b2b05c,20260801,16384,0.33,0.0,0.0,0.5,0,305,5.32,1
91,third,gemma4:12b,4eb23ef187e2c5462566d6a1d3bbbc2f1346d0b4327cbb66d58fffbcc9b2b05c,20260801,16384,0.0,0.0,0.0,0.0,0,137,4.75,1
92,front,gemma4:12b,4eb23ef187e2c5462566d6a1d3bbbc2f1346d0b4327cbb66d58fffbcc9b2b05c,20260801,16384,0.65,0.45,0.0,0.3,0,688,6.15,1
92,second,gemma4:12b,4eb23ef187e2c5462566d6a1d3bbbc2f1346d0b4327cbb66d58fffbcc9b2b05c,20260801,16384,0.5,0.5,0.0,0.0,0,382,6.03,1
92,third,gemma4:12b,4eb23ef187e2c5462566d6a1d3bbbc2f1346d0b4327cbb66d58fffbcc9b2b05c,20260801,16384,0.33,0.0,0.0,0.5,0,123,4.77,1
93,front,gemma4:12b,4eb23ef187e2c5462566d6a1d3bbbc2f1346d0b4327cbb66d58fffbcc9b2b05c,20260801,16384,0.85,0.9,0.0,0.3,0,830,6.87,1
93,second,gemma4:12b,4eb23ef187e2c5462566d6a1d3bbbc2f1346d0b4327cbb66d58fffbcc9b2b05c,20260801,16384,0.33,0.0,0.0,0.5,0,313,6.37,1
93,third,gemma4:12b,4eb23ef187e2c5462566d6a1d3bbbc2f1346d0b4327cbb66d58fffbcc9b2b05c,20260801,16384,0.5,0.0,0.0,0.5,0,92,4.7,1
94,front,gemma4:12b,4eb23ef187e2c5462566d6a1d3bbbc2f1346d0b4327cbb66d58fffbcc9b2b05c,20260801,16384,0.85,0.65,0.0,0.3,0,720,7.32,1
94,second,gemma4:12b,4eb23ef187e2c5462566d6a1d3bbbc2f1346d0b4327cbb66d58fffbcc9b2b05c,20260801,16384,0.5,0.33,0.0,0.0,0,251,5.33,1
94,third,gemma4:12b,4eb23ef187e2c5462566d6a1d3bbbc2f1346d0b4327cbb66d58fffbcc9b2b05c,20260801,16384,0.5,0.5,0.0,0.0,0,123,4.74,1
95,front,gemma4:12b,4eb23ef187e2c5462566d6a1d3bbbc2f1346d0b4327cbb66d58fffbcc9b2b05c,20260801,16384,0.85,0.35,0.0,0.0,0,502,5.97,1
95,second,gemma4:12b,4eb23ef187e2c5462566d6a1d3bbbc2f1346d0b4327cbb66d58fffbcc9b2b05c,20260801,16384,0.75,0.25,0.0,0.0,0,320,5.33,1
95,third,gemma4:12b,4eb23ef187e2c5462566d6a1d3bbbc2f1346d0b4327cbb66d58fffbcc9b2b05c,20260801,16384,0.75,0.25,0.0,0.0,0,158,4.75,1
96,front,gemma4:12b,4eb23ef187e2c5462566d6a1d3bbbc2f1346d0b4327cbb66d58fffbcc9b2b05c,20260801,16384,1.0,1.0,0.0,0.5,0,824,6.99,1
96,second,gemma4:12b,4eb23ef187e2c5462566d6a1d3bbbc2f1346d0b4327cbb66d58fffbcc9b2b05c,20260801,16384,0.67,0.0,0.0,0.5,0,372,5.53,1
96,third,gemma4:12b,4eb23ef187e2c5462566d6a1d3bbbc2f1346d0b4327cbb66d58fffbcc9b2b05c,20260801,16384,0.67,0.0,0.0,0.33,0,147,4.75,1
97,front,gemma4:12b,4eb23ef187e2c5462566d6a1d3bbbc2f1346d0b4327cbb66d58fffbcc9b2b05c,20260801,16384,0.85,0.3,0.1,0.4,0,942,6.86,1
97,second,gemma4:12b,4eb23ef187e2c5462566d6a1d3bbbc2f1346d0b4327cbb66d58fffbcc9b2b05c,20260801,16384,0.33,0.0,0.33,0.67,0,310,6.15,1
97,third,gemma4:12b,4eb23ef187e2c5462566d6a1d3bbbc2f1346d0b4327cbb66d58fffbcc9b2b05c,20260801,16384,0.5,0.0,0.0,0.5,0,80,4.7,1
98,front,gemma4:12b,4eb23ef187e2c5462566d6a1d3bbbc2f1346d0b4327cbb66d58fffbcc9b2b05c,20260801,16384,0.83,0.67,0.0,0.5,0,600,6.5,1
98,second,gemma4:12b,4eb23ef187e2c5462566d6a1d3bbbc2f1346d0b4327cbb66d58fffbcc9b2b05c,20260801,16384,0.33,0.33,0.0,0.0,0,301,5.39,1
98,third,gemma4:12b,4eb23ef187e2c5462566d6a1d3bbbc2f1346d0b4327cbb66d58fffbcc9b2b05c,20260801,16384,0.5,0.0,0.0,0.0,0,100,4.74,1
99,front,gemma4:12b,4eb23ef187e2c5462566d6a1d3bbbc2f1346d0b4327cbb66d58fffbcc9b2b05c,20260801,16384,0.85,0.9,0.0,0.4,0,1104,7.18,1
99,second,gemma4:12b,4eb23ef187e2c5462566d6a1d3bbbc2f1346d0b4327cbb66d58fffbcc9b2b05c,20260801,16384,0.75,0.25,0.0,0.0,0,468,6.14,1
99,third,gemma4:12b,4eb23ef187e2c5462566d6a1d3bbbc2f1346d0b4327cbb66d58fffbcc9b2b05c,20260801,16384,0.75,0.5,0.0,0.0,0,152,4.75,1
100,front,gemma4:12b,4eb23ef187e2c5462566d6a1d3bbbc2f1346d0b4327cbb66d58fffbcc9b2b05c,20260801,16384,1.0,1.0,0.0,0.5,0,768,6.31,1
100,second,gemma4:12b,4eb23ef187e2c5462566d6a1d3bbbc2f1346d0b4327cbb66d58fffbcc9b2b05c,20260801,16384,0.67,0.0,0.0,0.5,0,308,5.47,1
100,third,gemma4:12b,4eb23ef187e2c5462566d6a1d3bbbc2f1346d0b4327cbb66d58fffbcc9b2b05c,20260801,16384,0.75,0.0,0.0,0.0,0,114,4.73,1
101,front,gemma4:12b,4eb23ef187e2c5462566d6a1d3bbbc2f1346d0b4327cbb66d58fffbcc9b2b05c,20260801,16384,0.85,0.67,0.0,0.33,0,541,5.89,1
101,second,gemma4:12b,4eb23ef187e2c5462566d6a1d3bbbc2f1346d0b4327cbb66d58fffbcc9b2b05c,20260801,16384,1.0,0.5,0.0,0.0,0,477,6.02,1
101,third,gemma4:12b,4eb23ef187e2c5462566d6a1d3bbbc2f1346d0b4327cbb66d58fffbcc9b2b05c,20260801,16384,0.67,0.5,0.0,0.0,0,138,4.75,1
102,front,gemma4:12b,4eb23ef187e2c5462566d6a1d3bbbc2f1346d0b4327cbb66d58fffbcc9b2b05c,20260801,16384,1.0,1.0,0.0,0.0,0,604,6.22,1
102,second,gemma4:12b,4eb23ef187e2c5462566d6a1d3bbbc2f1346d0b4327cbb66d58fffbcc9b2b05c,20260801,16384,1.0,1.0,0.0,0.0,0,340,5.25,1
102,third,gemma4:12b,4eb23ef187e2c5462566d6a1d3bbbc2f1346d0b4327cbb66d58fffbcc9b2b05c,20260801,16384,0.5,0.0,0.0,0.0,0,142,4.75,1
103,front,gemma4:12b,4eb23ef187e2c5462566d6a1d3bbbc2f1346d0b4327cbb66d58fffbcc9b2b05c,20260801,16384,0.85,0.75,0.1,0.4,0,717,7.35,1
103,second,gemma4:12b,4eb23ef187e2c5462566d6a1d3bbbc2f1346d0b4327cbb66d58fffbcc9b2b05c,20260801,16384,0.75,0.0,0.0,0.5,0,276,5.45,1
103,third,gemma4:12b,4eb23ef187e2c5462566d6a1d3bbbc2f1346d0b4327cbb66d58fffbcc9b2b05c,20260801,16384,0.75,0.0,0.0,0.0,0,155,4.83,1
104,front,gemma4:12b,4eb23ef187e2c5462566d6a1d3bbbc2f1346d0b4327cbb66d58fffbcc9b2b05c,20260801,16384,0.4,0.0,0.0,0.0,0,388,5.26,1
104,second,gemma4:12b,4eb23ef187e2c5462566d6a1d3bbbc2f1346d0b4327cbb66d58fffbcc9b2b05c,20260801,16384,0.33,0.0,0.0,0.0,0,346,5.37,1
104,third,gemma4:12b,4eb23ef187e2c5462566d6a1d3bbbc2f1346d0b4327cbb66d58fffbcc9b2b05c,20260801,16384,0.5,0.0,0.0,0.0,0,115,4.91,1
105,front,gemma4:12b,4eb23ef187e2c5462566d6a1d3bbbc2f1346d0b4327cbb66d58fffbcc9b2b05c,20260801,16384,0.75,0.1,0.0,0.2,0,642,6.4,1
105,second,gemma4:12b,4eb23ef187e2c5462566d6a1d3bbbc2f1346d0b4327cbb66d58fffbcc9b2b05c,20260801,16384,0.75,0.0,0.0,0.0,0,334,5.32,1
105,third,gemma4:12b,4eb23ef187e2c5462566d6a1d3bbbc2f1346d0b4327cbb66d58fffbcc9b2b05c,20260801,16384,0.75,0.0,0.0,0.0,0,147,4.74,1
106,front,gemma4:12b,4eb23ef187e2c5462566d6a1d3bbbc2f1346d0b4327cbb66d58fffbcc9b2b05c,20260801,16384,0.67,0.0,0.0,0.5,0,398,5.4,1
106,second,gemma4:12b,4eb23ef187e2c5462566d6a1d3bbbc2f1346d0b4327cbb66d58fffbcc9b2b05c,20260801,16384,0.5,0.0,0.0,0.0,0,295,5.36,1
106,third,gemma4:12b,4eb23ef187e2c5462566d6a1d3bbbc2f1346d0b4327cbb66d58fffbcc9b2b05c,20260801,16384,0.5,0.0,0.0,0.5,0,146,4.83,1
107,front,gemma4:12b,4eb23ef187e2c5462566d6a1d3bbbc2f1346d0b4327cbb66d58fffbcc9b2b05c,20260801,16384,0.4,0.0,0.0,0.0,0,597,5.92,1
107,second,gemma4:12b,4eb23ef187e2c5462566d6a1d3bbbc2f1346d0b4327cbb66d58fffbcc9b2b05c,20260801,16384,0.75,0.0,0.0,0.0,0,288,5.39,1
107,third,gemma4:12b,4eb23ef187e2c5462566d6a1d3bbbc2f1346d0b4327cbb66d58fffbcc9b2b05c,20260801,16384,1.0,0.0,0.0,0.0,0,110,4.8,1
108,front,gemma4:12b,4eb23ef187e2c5462566d6a1d3bbbc2f1346d0b4327cbb66d58fffbcc9b2b05c,20260801,16384,0.85,0.0,0.0,0.0,0,671,6.6,1
108,second,gemma4:12b,4eb23ef187e2c5462566d6a1d3bbbc2f1346d0b4327cbb66d58fffbcc9b2b05c,20260801,16384,0.33,0.0,0.0,0.0,0,319,5.34,1
108,third,gemma4:12b,4eb23ef187e2c5462566d6a1d3bbbc2f1346d0b4327cbb66d58fffbcc9b2b05c,20260801,16384,0.5,0.0,0.0,0.0,0,120,4.77,1
109,front,gemma4:12b,4eb23ef187e2c5462566d6a1d3bbbc2f1346d0b4327cbb66d58fffbcc9b2b05c,20260801,16384,0.4,0.0,0.0,0.0,0,572,5.7,1
109,second,gemma4:12b,4eb23ef187e2c5462566d6a1d3bbbc2f1346d0b4327cbb66d58fffbcc9b2b05c,20260801,16384,0.33,0.0,0.0,0.0,0,340,5.35,1
109,third,gemma4:12b,4eb23ef187e2c5462566d6a1d3bbbc2f1346d0b4327cbb66d58fffbcc9b2b05c,20260801,16384,0.5,0.0,0.0,0.0,0,93,4.78,1
110,front,gemma4:12b,4eb23ef187e2c5462566d6a1d3bbbc2f1346d0b4327cbb66d58fffbcc9b2b05c,20260801,16384,0.75,0.0,0.0,0.0,0,473,6.04,1
110,second,gemma4:12b,4eb23ef187e2c5462566d6a1d3bbbc2f1346d0b4327cbb66d58fffbcc9b2b05c,20260801,16384,0.5,0.0,0.0,0.0,0,228,4.78,1
110,third,gemma4:12b,4eb23ef187e2c5462566d6a1d3bbbc2f1346d0b4327cbb66d58fffbcc9b2b05c,20260801,16384,0.5,0.0,0.25,0.5,0,141,4.74,1
111,front,gemma4:12b,4eb23ef187e2c5462566d6a1d3bbbc2f1346d0b4327cbb66d58fffbcc9b2b05c,20260801,16384,0.85,0.0,0.0,0.0,0,425,5.16,1
111,second,gemma4:12b,4eb23ef187e2c5462566d6a1d3bbbc2f1346d0b4327cbb66d58fffbcc9b2b05c,20260801,16384,1.0,0.0,0.0,0.0,0,240,4.71,1
111,third,gemma4:12b,4eb23ef187e2c5462566d6a1d3bbbc2f1346d0b4327cbb66d58fffbcc9b2b05c,20260801,16384,0.5,0.0,0.0,0.0,0,101,4.82,1
112,front,gemma4:12b,4eb23ef187e2c5462566d6a1d3bbbc2f1346d0b4327cbb66d58fffbcc9b2b05c,20260801,16384,0.33,0.0,0.0,0.0,0,539,5.97,1
112,second,gemma4:12b,4eb23ef187e2c5462566d6a1d3bbbc2f1346d0b4327cbb66d58fffbcc9b2b05c,20260801,16384,0.0,0.0,0.0,0.0,0,457,5.73,1
112,third,gemma4:12b,4eb23ef187e2c5462566d6a1d3bbbc2f1346d0b4327cbb66d58fffbcc9b2b05c,20260801,16384,0.0,0.0,0.0,0.0,0,182,4.74,1
113,front,gemma4:12b,4eb23ef187e2c5462566d6a1d3bbbc2f1346d0b4327cbb66d58fffbcc9b2b05c,20260801,16384,1.0,0.0,0.0,0.0,0,592,5.64,1
113,second,gemma4:12b,4eb23ef187e2c5462566d6a1d3bbbc2f1346d0b4327cbb66d58fffbcc9b2b05c,20260801,16384,1.0,0.0,0.0,0.0,0,343,5.34,1
113,third,gemma4:12b,4eb23ef187e2c5462566d6a1d3bbbc2f1346d0b4327cbb66d58fffbcc9b2b05c,20260801,16384,1.0,0.0,0.0,0.0,0,189,4.72,1
114,front,gemma4:12b,4eb23ef187e2c5462566d6a1d3bbbc2f1346d0b4327cbb66d58fffbcc9b2b05c,20260801,16384,0.0,0.0,0.0,0.0,0,510,5.92,1
114,second,gemma4:12b,4eb23ef187e2c5462566d6a1d3bbbc2f1346d0b4327cbb66d58fffbcc9b2b05c,20260801,16384,0.5,0.0,0.0,0.0,0,230,4.72,1
114,third,gemma4:12b,4eb23ef187e2c5462566d6a1d3bbbc2f1346d0b4327cbb66d58fffbcc9b2b05c,20260801,16384,0.33,0.0,0.0,0.0,0,116,4.77,1
115,front,gemma4:12b,4eb23ef187e2c5462566d6a1d3bbbc2f1346d0b4327cbb66d58fffbcc9b2b05c,20260801,16384,0.0,0.0,0.0,0.0,0,551,5.56,1
115,second,gemma4:12b,4eb23ef187e2c5462566d6a1d3bbbc2f1346d0b4327cbb66d58fffbcc9b2b05c,20260801,16384,0.5,0.0,0.0,0.5,0,276,5.29,1
115,third,gemma4:12b,4eb23ef187e2c5462566d6a1d3bbbc2f1346d0b4327cbb66d58fffbcc9b2b05c,20260801,16384,0.5,0.0,0.0,0.5,0,114,4.74,1
116,front,gemma4:12b,4eb23ef187e2c5462566d6a1d3bbbc2f1346d0b4327cbb66d58fffbcc9b2b05c,20260801,16384,0.4,0.0,0.0,0.0,0,688,6.62,1
116,second,gemma4:12b,4eb23ef187e2c5462566d6a1d3bbbc2f1346d0b4327cbb66d58fffbcc9b2b05c,20260801,16384,0.75,0.0,0.0,0.0,0,584,5.66,1
116,third,gemma4:12b,4eb23ef187e2c5462566d6a1d3bbbc2f1346d0b4327cbb66d58fffbcc9b2b05c,20260801,16384,0.5,0.0,0.0,0.0,0,146,4.77,1
117,front,gemma4:12b,4eb23ef187e2c5462566d6a1d3bbbc2f1346d0b4327cbb66d58fffbcc9b2b05c,20260801,16384,1.0,0.75,0.0,0.0,0,618,5.99,1
117,second,gemma4:12b,4eb23ef187e2c5462566d6a1d3bbbc2f1346d0b4327cbb66d58fffbcc9b2b05c,20260801,16384,0.75,0.0,0.0,0.0,0,365,5.3,1
117,third,gemma4:12b,4eb23ef187e2c5462566d6a1d3bbbc2f1346d0b4327cbb66d58fffbcc9b2b05c,20260801,16384,1.0,0.0,0.0,0.0,0,132,4.77,1
118,front,gemma4:12b,4eb23ef187e2c5462566d6a1d3bbbc2f1346d0b4327cbb66d58fffbcc9b2b05c,20260801,16384,0.85,0.4,0.0,0.6,0,674,5.97,1
118,second,gemma4:12b,4eb23ef187e2c5462566d6a1d3bbbc2f1346d0b4327cbb66d58fffbcc9b2b05c,20260801,16384,0.5,0.0,0.0,0.5,0,393,5.27,1
118,third,gemma4:12b,4eb23ef187e2c5462566d6a1d3bbbc2f1346d0b4327cbb66d58fffbcc9b2b05c,20260801,16384,0.5,0.0,0.0,0.5,0,139,4.79,1
119,front,gemma4:12b,4eb23ef187e2c5462566d6a1d3bbbc2f1346d0b4327cbb66d58fffbcc9b2b05c,20260801,16384,1.0,1.0,0.0,0.5,0,794,7.12,1
119,second,gemma4:12b,4eb23ef187e2c5462566d6a1d3bbbc2f1346d0b4327cbb66d58fffbcc9b2b05c,20260801,16384,0.67,0.0,0.0,0.5,0,292,5.36,1
119,third,gemma4:12b,4eb23ef187e2c5462566d6a1d3bbbc2f1346d0b4327cbb66d58fffbcc9b2b05c,20260801,16384,0.67,0.0,0.0,0.33,0,104,4.85,1
120,front,gemma4:12b,4eb23ef187e2c5462566d6a1d3bbbc2f1346d0b4327cbb66d58fffbcc9b2b05c,20260801,16384,0.85,0.65,0.0,0.3,0,722,7.32,1
120,second,gemma4:12b,4eb23ef187e2c5462566d6a1d3bbbc2f1346d0b4327cbb66d58fffbcc9b2b05c,20260801,16384,0.5,0.33,0.0,0.0,0,252,5.39,1
120,third,gemma4:12b,4eb23ef187e2c5462566d6a1d3bbbc2f1346d0b4327cbb66d58fffbcc9b2b05c,20260801,16384,0.5,0.5,0.0,0.0,0,125,4.77,1
121,front,gemma4:12b,4eb23ef187e2c5462566d6a1d3bbbc2f1346d0b4327cbb66d58fffbcc9b2b05c,20260801,16384,0.85,0.67,0.0,0.0,0,900,6.97,1
121,second,gemma4:12b,4eb23ef187e2c5462566d6a1d3bbbc2f1346d0b4327cbb66d58fffbcc9b2b05c,20260801,16384,0.67,0.11,0.0,0.0,0,401,5.23,1
121,third,gemma4:12b,4eb23ef187e2c5462566d6a1d3bbbc2f1346d0b4327cbb66d58fffbcc9b2b05c,20260801,16384,0.75,0.0,0.0,0.0,0,107,4.74,1
122,front,gemma4:12b,4eb23ef187e2c5462566d6a1d3bbbc2f1346d0b4327cbb66d58fffbcc9b2b05c,20260801,16384,1.0,1.0,0.0,0.5,0,825,7.29,1
122,second,gemma4:12b,4eb23ef187e2c5462566d6a1d3bbbc2f1346d0b4327cbb66d58fffbcc9b2b05c,20260801,16384,0.75,0.0,0.0,0.5,0,374,5.44,1
122,third,gemma4:12b,4eb23ef187e2c5462566d6a1d3bbbc2f1346d0b4327cbb66d58fffbcc9b2b05c,20260801,16384,1.0,0.0,0.0,0.5,0,148,4.75,1
123,front,gemma4:12b,4eb23ef187e2c5462566d6a1d3bbbc2f1346d0b4327cbb66d58fffbcc9b2b05c,20260801,16384,0.85,0.3,0.1,0.4,0,943,6.97,1
123,second,gemma4:12b,4eb23ef187e2c5462566d6a1d3bbbc2f1346d0b4327cbb66d58fffbcc9b2b05c,20260801,16384,0.33,0.0,0.0,0.0,0,311,5.37,1
123,third,gemma4:12b,4eb23ef187e2c5462566d6a1d3bbbc2f1346d0b4327cbb66d58fffbcc9b2b05c,20260801,16384,0.5,0.0,0.0,0.0,0,81,4.7,1
124,front,gemma4:12b,4eb23ef187e2c5462566d6a1d3bbbc2f1346d0b4327cbb66d58fffbcc9b2b05c,20260801,16384,0.83,0.67,0.0,0.5,0,601,6.48,1
124,second,gemma4:12b,4eb23ef187e2c5462566d6a1d3bbbc2f1346d0b4327cbb66d58fffbcc9b2b05c,20260801,16384,0.5,0.25,0.0,0.0,0,303,5.37,1
124,third,gemma4:12b,4eb23ef187e2c5462566d6a1d3bbbc2f1346d0b4327cbb66d58fffbcc9b2b05c,20260801,16384,0.5,0.0,0.0,0.0,0,101,4.75,1
125,front,gemma4:12b,4eb23ef187e2c5462566d6a1d3bbbc2f1346d0b4327cbb66d58fffbcc9b2b05c,20260801,16384,1.0,1.0,0.0,0.5,0,733,6.95,1
125,second,gemma4:12b,4eb23ef187e2c5462566d6a1d3bbbc2f1346d0b4327cbb66d58fffbcc9b2b05c,20260801,16384,0.5,0.25,0.0,0.5,0,302,5.42,1
125,third,gemma4:12b,4eb23ef187e2c5462566d6a1d3bbbc2f1346d0b4327cbb66d58fffbcc9b2b05c,20260801,16384,0.67,0.33,0.0,0.0,0,110,4.76,1
126,front,gemma4:12b,4eb23ef187e2c5462566d6a1d3bbbc2f1346d0b4327cbb66d58fffbcc9b2b05c,20260801,16384,1.0,0.67,0.0,0.0,0,801,6.91,1
126,second,gemma4:12b,4eb23ef187e2c5462566d6a1d3bbbc2f1346d0b4327cbb66d58fffbcc9b2b05c,20260801,16384,0.85,0.0,0.0,0.4,0,420,5.22,1
126,third,gemma4:12b,4eb23ef187e2c5462566d6a1d3bbbc2f1346d0b4327cbb66d58fffbcc9b2b05c,20260801,16384,0.75,0.0,0.0,0.33,0,173,4.76,1
127,front,gemma4:12b,4eb23ef187e2c5462566d6a1d3bbbc2f1346d0b4327cbb66d58fffbcc9b2b05c,20260801,16384,1.0,0.5,0.0,0.5,0,550,5.73,1
127,second,gemma4:12b,4eb23ef187e2c5462566d6a1d3bbbc2f1346d0b4327cbb66d58fffbcc9b2b05c,20260801,16384,0.75,0.25,0.0,0.5,0,321,5.33,1
127,third,gemma4:12b,4eb23ef187e2c5462566d6a1d3bbbc2f1346d0b4327cbb66d58fffbcc9b2b05c,20260801,16384,1.0,0.25,0.0,0.5,0,128,4.74,1
128,front,gemma4:12b,4eb23ef187e2c5462566d6a1d3bbbc2f1346d0b4327cbb66d58fffbcc9b2b05c,20260801,16384,1.0,1.0,0.0,0.0,0,605,6.34,1
128,second,gemma4:12b,4eb23ef187e2c5462566d6a1d3bbbc2f1346d0b4327cbb66d58fffbcc9b2b05c,20260801,16384,1.0,1.0,0.0,0.0,0,342,5.27,1
128,third,gemma4:12b,4eb23ef187e2c5462566d6a1d3bbbc2f1346d0b4327cbb66d58fffbcc9b2b05c,20260801,16384,1.0,0.0,0.0,0.0,0,143,4.76,1
129,front,gemma4:12b,4eb23ef187e2c5462566d6a1d3bbbc2f1346d0b4327cbb66d58fffbcc9b2b05c,20260801,16384,0.85,0.75,0.0,0.4,0,718,7.33,1
129,second,gemma4:12b,4eb23ef187e2c5462566d6a1d3bbbc2f1346d0b4327cbb66d58fffbcc9b2b05c,20260801,16384,0.75,0.0,0.0,0.0,0,278,5.33,1
129,third,gemma4:12b,4eb23ef187e2c5462566d6a1d3bbbc2f1346d0b4327cbb66d58fffbcc9b2b05c,20260801,16384,1.0,0.0,0.0,0.0,0,156,4.73,1
130,front,gemma4:12b,4eb23ef187e2c5462566d6a1d3bbbc2f1346d0b4327cbb66d58fffbcc9b2b05c,20260801,16384,1.0,1.0,0.0,0.5,0,825,6.59,1
130,second,gemma4:12b,4eb23ef187e2c5462566d6a1d3bbbc2f1346d0b4327cbb66d58fffbcc9b2b05c,20260801,16384,0.5,0.0,0.0,0.5,0,282,5.36,1
130,third,gemma4:12b,4eb23ef187e2c5462566d6a1d3bbbc2f1346d0b4327cbb66d58fffbcc9b2b05c,20260801,16384,0.67,0.0,0.0,0.5,0,126,4.73,1
131,front,gemma4:12b,4eb23ef187e2c5462566d6a1d3bbbc2f1346d0b4327cbb66d58fffbcc9b2b05c,20260801,16384,1.0,1.0,0.0,0.5,0,792,7.0,1
131,second,gemma4:12b,4eb23ef187e2c5462566d6a1d3bbbc2f1346d0b4327cbb66d58fffbcc9b2b05c,20260801,16384,0.5,0.0,0.0,0.5,0,289,5.36,1
131,third,gemma4:12b,4eb23ef187e2c5462566d6a1d3bbbc2f1346d0b4327cbb66d58fffbcc9b2b05c,20260801,16384,0.5,0.0,0.0,0.5,0,149,4.74,1
132,front,gemma4:12b,4eb23ef187e2c5462566d6a1d3bbbc2f1346d0b4327cbb66d58fffbcc9b2b05c,20260801,16384,1.0,1.0,0.0,0.5,0,797,6.94,1
132,second,gemma4:12b,4eb23ef187e2c5462566d6a1d3bbbc2f1346d0b4327cbb66d58fffbcc9b2b05c,20260801,16384,0.5,0.0,0.0,0.5,0,295,5.38,1
132,third,gemma4:12b,4eb23ef187e2c5462566d6a1d3bbbc2f1346d0b4327cbb66d58fffbcc9b2b05c,20260801,16384,0.67,0.0,0.0,0.5,0,107,4.73,1
133,front,gemma4:12b,4eb23ef187e2c5462566d6a1d3bbbc2f1346d0b4327cbb66d58fffbcc9b2b05c,20260801,16384,0.85,0.65,0.0,0.3,0,693,7.3,1
133,second,gemma4:12b,4eb23ef187e2c5462566d6a1d3bbbc2f1346d0b4327cbb66d58fffbcc9b2b05c,20260801,16384,0.25,0.0,0.0,0.5,0,328,5.38,1
133,third,gemma4:12b,4eb23ef187e2c5462566d6a1d3bbbc2f1346d0b4327cbb66d58fffbcc9b2b05c,20260801,16384,0.33,0.0,0.0,0.5,0,132,4.75,1
134,front,gemma4:12b,4eb23ef187e2c5462566d6a1d3bbbc2f1346d0b4327cbb66d58fffbcc9b2b05c,20260801,16384,0.85,0.9,0.0,0.4,0,876,6.92,1
134,second,gemma4:12b,4eb23ef187e2c5462566d6a1d3bbbc2f1346d0b4327cbb66d58fffbcc9b2b05c,20260801,16384,0.5,0.0,0.0,0.5,0,300,5.34,1
134,third,gemma4:12b,4eb23ef187e2c5462566d6a1d3bbbc2f1346d0b4327cbb66d58fffbcc9b2b05c,20260801,16384,0.5,0.0,0.0,0.0,0,118,4.73,1
135,front,gemma4:12b,4eb23ef187e2c5462566d6a1d3bbbc2f1346d0b4327cbb66d58fffbcc9b2b05c,20260801,16384,1.0,1.0,0.0,0.5,0,828,6.98,1
135,second,gemma4:12b,4eb23ef187e2c5462566d6a1d3bbbc2f1346d0b4327cbb66d58fffbcc9b2b05c,20260801,16384,0.67,0.0,0.0,0.5,0,376,5.39,1
135,third,gemma4:12b,4eb23ef187e2c5462566d6a1d3bbbc2f1346d0b4327cbb66d58fffbcc9b2b05c,20260801,16384,0.67,0.0,0.0,0.33,0,151,4.73,1
136,front,gemma4:12b,4eb23ef187e2c5462566d6a1d3bbbc2f1346d0b4327cbb66d58fffbcc9b2b05c,20260801,16384,0.85,0.2,0.0,0.0,0,946,6.94,1
136,second,gemma4:12b,4eb23ef187e2c5462566d6a1d3bbbc2f1346d0b4327cbb66d58fffbcc9b2b05c,20260801,16384,0.33,0.0,0.33,0.67,0,314,5.38,1
136,third,gemma4:12b,4eb23ef187e2c5462566d6a1d3bbbc2f1346d0b4327cbb66d58fffbcc9b2b05c,20260801,16384,0.5,0.0,0.0,0.0,0,84,4.7,1
137,front,gemma4:12b,4eb23ef187e2c5462566d6a1d3bbbc2f1346d0b4327cbb66d58fffbcc9b2b05c,20260801,16384,1.0,1.0,0.0,0.5,0,804,6.9,1
137,second,gemma4:12b,4eb23ef187e2c5462566d6a1d3bbbc2f1346d0b4327cbb66d58fffbcc9b2b05c,20260801,16384,0.67,0.0,0.0,0.5,0,307,5.4,1
137,third,gemma4:12b,4eb23ef187e2c5462566d6a1d3bbbc2f1346d0b4327cbb66d58fffbcc9b2b05c,20260801,16384,0.6,0.0,0.0,0.5,0,109,4.72,1
138,front,gemma4:12b,4eb23ef187e2c5462566d6a1d3bbbc2f1346d0b4327cbb66d58fffbcc9b2b05c,20260801,16384,0.75,0.4,0.0,0.0,0,563,5.68,1
138,second,gemma4:12b,4eb23ef187e2c5462566d6a1d3bbbc2f1346d0b4327cbb66d58fffbcc9b2b05c,20260801,16384,0.33,0.33,0.0,0.5,0,304,5.33,1
138,third,gemma4:12b,4eb23ef187e2c5462566d6a1d3bbbc2f1346d0b4327cbb66d58fffbcc9b2b05c,20260801,16384,0.5,0.25,0.0,0.0,0,113,4.75,1
139,front,gemma4:12b,4eb23ef187e2c5462566d6a1d3bbbc2f1346d0b4327cbb66d58fffbcc9b2b05c,20260801,16384,1.0,1.0,0.0,0.5,0,772,6.34,1
139,second,gemma4:12b,4eb23ef187e2c5462566d6a1d3bbbc2f1346d0b4327cbb66d58fffbcc9b2b05c,20260801,16384,0.67,0.0,0.0,0.5,0,312,5.38,1
139,third,gemma4:12b,4eb23ef187e2c5462566d6a1d3bbbc2f1346d0b4327cbb66d58fffbcc9b2b05c,20260801,16384,0.75,0.0,0.0,0.0,0,118,4.74,1
140,front,gemma4:12b,4eb23ef187e2c5462566d6a1d3bbbc2f1346d0b4327cbb66d58fffbcc9b2b05c,20260801,16384,0.85,0.75,0.0,0.2,0,737,7.32,1
140,second,gemma4:12b,4eb23ef187e2c5462566d6a1d3bbbc2f1346d0b4327cbb66d58fffbcc9b2b05c,20260801,16384,0.75,0.25,0.0,0.5,0,329,5.41,1
140,third,gemma4:12b,4eb23ef187e2c5462566d6a1d3bbbc2f1346d0b4327cbb66d58fffbcc9b2b05c,20260801,16384,0.75,0.33,0.0,0.0,0,127,4.73,1
141,front,gemma4:12b,4eb23ef187e2c5462566d6a1d3bbbc2f1346d0b4327cbb66d58fffbcc9b2b05c,20260801,16384,0.75,0.86,0.0,0.5,0,860,6.84,1
141,second,gemma4:12b,4eb23ef187e2c5462566d6a1d3bbbc2f1346d0b4327cbb66d58fffbcc9b2b05c,20260801,16384,0.33,0.0,0.0,0.5,0,341,5.38,1
141,third,gemma4:12b,4eb23ef187e2c5462566d6a1d3bbbc2f1346d0b4327cbb66d58fffbcc9b2b05c,20260801,16384,0.0,0.0,0.0,1.0,0,87,4.46,1
142,front,gemma4:12b,4eb23ef187e2c5462566d6a1d3bbbc2f1346d0b4327cbb66d58fffbcc9b2b05c,20260801,16384,0.85,0.75,0.1,0.4,0,721,7.3,1
142,second,gemma4:12b,4eb23ef187e2c5462566d6a1d3bbbc2f1346d0b4327cbb66d58fffbcc9b2b05c,20260801,16384,0.75,0.0,0.0,0.5,0,280,5.28,1
142,third,gemma4:12b,4eb23ef187e2c5462566d6a1d3bbbc2f1346d0b4327cbb66d58fffbcc9b2b05c,20260801,16384,0.75,0.0,0.0,0.0,0,159,4.77,1
143,front,gemma4:12b,4eb23ef187e2c5462566d6a1d3bbbc2f1346d0b4327cbb66d58fffbcc9b2b05c,20260801,16384,0.75,0.15,0.25,0.6,0,526,6.6,1
143,second,gemma4:12b,4eb23ef187e2c5462566d6a1d3bbbc2f1346d0b4327cbb66d58fffbcc9b2b05c,20260801,16384,0.75,0.0,0.25,0.5,0,381,5.22,1
143,third,gemma4:12b,4eb23ef187e2c5462566d6a1d3bbbc2f1346d0b4327cbb66d58fffbcc9b2b05c,20260801,16384,0.75,0.0,0.0,0.0,0,200,4.73,1
144,front,gemma4:12b,4eb23ef187e2c5462566d6a1d3bbbc2f1346d0b4327cbb66d58fffbcc9b2b05c,20260801,16384,0.67,0.33,0.0,0.5,0,435,5.94,1
144,second,gemma4:12b,4eb23ef187e2c5462566d6a1d3bbbc2f1346d0b4327cbb66d58fffbcc9b2b05c,20260801,16384,0.5,0.0,0.0,0.5,0,247,4.72,1
144,third,gemma4:12b,4eb23ef187e2c5462566d6a1d3bbbc2f1346d0b4327cbb66d58fffbcc9b2b05c,20260801,16384,0.5,0.0,0.0,0.5,0,144,4.89,1
145,front,gemma4:12b,4eb23ef187e2c5462566d6a1d3bbbc2f1346d0b4327cbb66d58fffbcc9b2b05c,20260801,16384,0.85,0.67,0.0,0.4,0,562,6.69,1
145,second,gemma4:12b,4eb23ef187e2c5462566d6a1d3bbbc2f1346d0b4327cbb66d58fffbcc9b2b05c,20260801,16384,0.67,0.0,0.0,0.33,0,311,5.41,1
145,third,gemma4:12b,4eb23ef187e2c5462566d6a1d3bbbc2f1346d0b4327cbb66d58fffbcc9b2b05c,20260801,16384,0.67,0.0,0.0,0.33,0,102,4.74,1
146,front,gemma4:12b,4eb23ef187e2c5462566d6a1d3bbbc2f1346d0b4327cbb66d58fffbcc9b2b05c,20260801,16384,1.0,0.75,0.0,0.5,0,310,5.37,1
146,second,gemma4:12b,4eb23ef187e2c5462566d6a1d3bbbc2f1346d0b4327cbb66d58fffbcc9b2b05c,20260801,16384,0.5,0.0,0.0,0.0,0,265,5.34,1
146,third,gemma4:12b,4eb23ef187e2c5462566d6a1d3bbbc2f1346d0b4327cbb66d58fffbcc9b2b05c,20260801,16384,0.5,0.0,0.0,0.0,0,150,4.86,1
147,front,gemma4:12b,4eb23ef187e2c5462566d6a1d3bbbc2f1346d0b4327cbb66d58fffbcc9b2b05c,20260801,16384,0.0,0.0,0.0,1.0,0,79,4.79,1
147,second,gemma4:12b,4eb23ef187e2c5462566d6a1d3bbbc2f1346d0b4327cbb66d58fffbcc9b2b05c,20260801,16384,0.0,0.0,0.0,0.0,0,224,4.75,1
147,third,gemma4:12b,4eb23ef187e2c5462566d6a1d3bbbc2f1346d0b4327cbb66d58fffbcc9b2b05c,20260801,16384,0.0,0.0,0.0,0.0,0,62,4.47,1
148,front,gemma4:12b,4eb23ef187e2c5462566d6a1d3bbbc2f1346d0b4327cbb66d58fffbcc9b2b05c,20260801,16384,0.65,0.0,0.0,0.4,0,669,6.91,1
148,second,gemma4:12b,4eb23ef187e2c5462566d6a1d3bbbc2f1346d0b4327cbb66d58fffbcc9b2b05c,20260801,16384,0.67,0.0,0.0,0.33,0,346,5.59,1
148,third,gemma4:12b,4eb23ef187e2c5462566d6a1d3bbbc2f1346d0b4327cbb66d58fffbcc9b2b05c,20260801,16384,0.75,0.0,0.0,0.25,0,180,4.9,1
149,front,gemma4:12b,4eb23ef187e2c5462566d6a1d3bbbc2f1346d0b4327cbb66d58fffbcc9b2b05c,20260801,16384,0.0,0.0,0.0,1.0,0,75,4.82,1
149,second,gemma4:12b,4eb23ef187e2c5462566d6a1d3bbbc2f1346d0b4327cbb66d58fffbcc9b2b05c,20260801,16384,0.0,0.0,0.0,0.0,0,166,4.95,1
149,third,gemma4:12b,4eb23ef187e2c5462566d6a1d3bbbc2f1346d0b4327cbb66d58fffbcc9b2b05c,20260801,16384,0.0,0.0,0.0,0.0,0,66,4.94,1
150,front,gemma4:12b,4eb23ef187e2c5462566d6a1d3bbbc2f1346d0b4327cbb66d58fffbcc9b2b05c,20260801,16384,1.0,1.0,0.0,0.5,0,799,6.88,1
150,second,gemma4:12b,4eb23ef187e2c5462566d6a1d3bbbc2f1346d0b4327cbb66d58fffbcc9b2b05c,20260801,16384,0.75,0.0,0.0,0.5,0,302,5.42,1
150,third,gemma4:12b,4eb23ef187e2c5462566d6a1d3bbbc2f1346d0b4327cbb66d58fffbcc9b2b05c,20260801,16384,0.75,0.0,0.0,0.5,0,105,4.78,1
151,front,gemma4:12b,4eb23ef187e2c5462566d6a1d3bbbc2f1346d0b4327cbb66d58fffbcc9b2b05c,20260801,16384,1.0,1.0,0.0,0.0,0,484,5.85,1
151,second,gemma4:12b,4eb23ef187e2c5462566d6a1d3bbbc2f1346d0b4327cbb66d58fffbcc9b2b05c,20260801,16384,0.33,0.0,0.0,0.0,0,215,4.7,1
151,third,gemma4:12b,4eb23ef187e2c5462566d6a1d3bbbc2f1346d0b4327cbb66d58fffbcc9b2b05c,20260801,16384,0.33,0.0,0.0,0.0,0,97,4.74,1
152,front,gemma4:12b,4eb23ef187e2c5462566d6a1d3bbbc2f1346d0b4327cbb66d58fffbcc9b2b05c,20260801,16384,1.0,0.8,0.0,0.2,0,605,6.58,1
152,second,gemma4:12b,4eb23ef187e2c5462566d6a1d3bbbc2f1346d0b4327cbb66d58fffbcc9b2b05c,20260801,16384,0.6,0.0,0.0,0.0,0,314,5.35,1
152,third,gemma4:12b,4eb23ef187e2c5462566d6a1d3bbbc2f1346d0b4327cbb66d58fffbcc9b2b05c,20260801,16384,0.8,0.0,0.0,1.0,0,152,4.76,1
153,front,gemma4:12b,4eb23ef187e2c5462566d6a1d3bbbc2f1346d0b4327cbb66d58fffbcc9b2b05c,20260801,16384,0.6,0.4,0.0,0.0,0,480,5.75,1
153,second,gemma4:12b,4eb23ef187e2c5462566d6a1d3bbbc2f1346d0b4327cbb66d58fffbcc9b2b05c,20260801,16384,0.4,0.0,0.0,0.0,0,253,4.71,1
153,third,gemma4:12b,4eb23ef187e2c5462566d6a1d3bbbc2f1346d0b4327cbb66d58fffbcc9b2b05c,20260801,16384,0.5,0.0,0.0,0.0,0,107,4.72,1
154,front,gemma4:12b,4eb23ef187e2c5462566d6a1d3bbbc2f1346d0b4327cbb66d58fffbcc9b2b05c,20260801,16384,0.75,0.86,0.0,0.5,0,855,6.88,1
154,second,gemma4:12b,4eb23ef187e2c5462566d6a1d3bbbc2f1346d0b4327cbb66d58fffbcc9b2b05c,20260801,16384,0.33,0.0,0.0,1.0,0,336,5.4,1
154,third,gemma4:12b,4eb23ef187e2c5462566d6a1d3bbbc2f1346d0b4327cbb66d58fffbcc9b2b05c,20260801,16384,0.5,0.0,0.0,1.0,0,82,4.76,1
155,front,gemma4:12b,4eb23ef187e2c5462566d6a1d3bbbc2f1346d0b4327cbb66d58fffbcc9b2b05c,20260801,16384,0.85,0.67,0.11,0.33,0,553,5.63,1
155,second,gemma4:12b,4eb23ef187e2c5462566d6a1d3bbbc2f1346d0b4327cbb66d58fffbcc9b2b05c,20260801,16384,0.67,0.33,0.0,0.0,0,283,5.31,1
155,third,gemma4:12b,4eb23ef187e2c5462566d6a1d3bbbc2f1346d0b4327cbb66d58fffbcc9b2b05c,20260801,16384,0.5,0.0,0.0,0.0,0,95,4.71,1
156,front,gemma4:12b,4eb23ef187e2c5462566d6a1d3bbbc2f1346d0b4327cbb66d58fffbcc9b2b05c,20260801,16384,1.0,1.0,0.0,0.5,0,677,6.36,1
156,second,gemma4:12b,4eb23ef187e2c5462566d6a1d3bbbc2f1346d0b4327cbb66d58fffbcc9b2b05c,20260801,16384,0.0,0.0,0.0,0.5,0,285,5.38,1
156,third,gemma4:12b,4eb23ef187e2c5462566d6a1d3bbbc2f1346d0b4327cbb66d58fffbcc9b2b05c,20260801,16384,0.0,0.0,0.0,1.0,0,152,4.74,1
157,front,gemma4:12b,4eb23ef187e2c5462566d6a1d3bbbc2f1346d0b4327cbb66d58fffbcc9b2b05c,20260801,16384,0.65,0.45,0.0,0.3,0,689,6.17,1
157,second,gemma4:12b,4eb23ef187e2c5462566d6a1d3bbbc2f1346d0b4327cbb66d58fffbcc9b2b05c,20260801,16384,0.5,0.5,0.0,0.0,0,383,5.25,1
157,third,gemma4:12b,4eb23ef187e2c5462566d6a1d3bbbc2f1346d0b4327cbb66d58fffbcc9b2b05c,20260801,16384,0.33,0.0,0.0,0.5,0,124,4.73,1
158,front,gemma4:12b,4eb23ef187e2c5462566d6a1d3bbbc2f1346d0b4327cbb66d58fffbcc9b2b05c,20260801,16384,0.85,0.9,0.0,0.3,0,831,6.83,1
158,second,gemma4:12b,4eb23ef187e2c5462566d6a1d3bbbc2f1346d0b4327cbb66d58fffbcc9b2b05c,20260801,16384,0.5,0.0,0.0,0.0,0,314,5.38,1
158,third,gemma4:12b,4eb23ef187e2c5462566d6a1d3bbbc2f1346d0b4327cbb66d58fffbcc9b2b05c,20260801,16384,0.5,0.0,0.0,0.5,0,93,4.72,1
159,front,gemma4:12b,4eb23ef187e2c5462566d6a1d3bbbc2f1346d0b4327cbb66d58fffbcc9b2b05c,20260801,16384,0.85,0.65,0.0,0.4,0,690,7.3,1
159,second,gemma4:12b,4eb23ef187e2c5462566d6a1d3bbbc2f1346d0b4327cbb66d58fffbcc9b2b05c,20260801,16384,0.0,0.0,0.0,0.5,0,325,5.38,1
159,third,gemma4:12b,4eb23ef187e2c5462566d6a1d3bbbc2f1346d0b4327cbb66d58fffbcc9b2b05c,20260801,16384,0.33,0.0,0.0,0.5,0,129,4.72,1
160,front,gemma4:12b,4eb23ef187e2c5462566d6a1d3bbbc2f1346d0b4327cbb66d58fffbcc9b2b05c,20260801,16384,0.85,0.9,0.0,0.4,0,873,6.81,1
160,second,gemma4:12b,4eb23ef187e2c5462566d6a1d3bbbc2f1346d0b4327cbb66d58fffbcc9b2b05c,20260801,16384,0.67,0.0,0.0,0.5,0,297,5.3,1
160,third,gemma4:12b,4eb23ef187e2c5462566d6a1d3bbbc2f1346d0b4327cbb66d58fffbcc9b2b05c,20260801,16384,0.5,0.0,0.0,0.0,0,115,4.72,1
161,front,gemma4:12b,4eb23ef187e2c5462566d6a1d3bbbc2f1346d0b4327cbb66d58fffbcc9b2b05c,20260801,16384,0.9,1.0,0.0,0.5,0,875,6.81,1
161,second,gemma4:12b,4eb23ef187e2c5462566d6a1d3bbbc2f1346d0b4327cbb66d58fffbcc9b2b05c,20260801,16384,0.5,0.0,0.0,0.0,0,365,5.22,1
161,third,gemma4:12b,4eb23ef187e2c5462566d6a1d3bbbc2f1346d0b4327cbb66d58fffbcc9b2b05c,20260801,16384,0.0,0.0,0.0,0.5,0,125,4.74,1
162,front,gemma4:12b,4eb23ef187e2c5462566d6a1d3bbbc2f1346d0b4327cbb66d58fffbcc9b2b05c,20260801,16384,0.85,0.9,0.0,0.4,0,795,6.62,1
162,second,gemma4:12b,4eb23ef187e2c5462566d6a1d3bbbc2f1346d0b4327cbb66d58fffbcc9b2b05c,20260801,16384,0.33,0.0,0.0,0.5,0,266,4.71,1
162,third,gemma4:12b,4eb23ef187e2c5462566d6a1d3bbbc2f1346d0b4327cbb66d58fffbcc9b2b05c,20260801,16384,0.5,0.0,0.0,0.0,0,102,4.81,1
163,front,gemma4:12b,4eb23ef187e2c5462566d6a1d3bbbc2f1346d0b4327cbb66d58fffbcc9b2b05c,20260801,16384,1.0,1.0,0.0,0.5,0,801,6.8,1
163,second,gemma4:12b,4eb23ef187e2c5462566d6a1d3bbbc2f1346d0b4327cbb66d58fffbcc9b2b05c,20260801,16384,0.75,0.0,0.0,0.5,0,304,5.37,1
163,third,gemma4:12b,4eb23ef187e2c5462566d6a1d3bbbc2f1346d0b4327cbb66d58fffbcc9b2b05c,20260801,16384,0.6,0.0,0.0,0.5,0,106,4.73,1
164,front,gemma4:12b,4eb23ef187e2c5462566d6a1d3bbbc2f1346d0b4327cbb66d58fffbcc9b2b05c,20260801,16384,0.85,0.8,0.0,0.4,0,1105,7.19,1
164,second,gemma4:12b,4eb23ef187e2c5462566d6a1d3bbbc2f1346d0b4327cbb66d58fffbcc9b2b05c,20260801,16384,1.0,0.0,0.0,0.0,0,469,6.05,1
164,third,gemma4:12b,4eb23ef187e2c5462566d6a1d3bbbc2f1346d0b4327cbb66d58fffbcc9b2b05c,20260801,16384,1.0,0.5,0.0,0.0,0,153,4.75,1
165,front,gemma4:12b,4eb23ef187e2c5462566d6a1d3bbbc2f1346d0b4327cbb66d58fffbcc9b2b05c,20260801,16384,1.0,1.0,0.0,0.5,0,861,6.79,1
165,second,gemma4:12b,4eb23ef187e2c5462566d6a1d3bbbc2f1346d0b4327cbb66d58fffbcc9b2b05c,20260801,16384,0.5,0.0,0.0,0.5,0,419,5.24,1
165,third,gemma4:12b,4eb23ef187e2c5462566d6a1d3bbbc2f1346d0b4327cbb66d58fffbcc9b2b05c,20260801,16384,0.5,0.0,0.0,0.5,0,148,4.73,1
166,front,gemma4:12b,4eb23ef187e2c5462566d6a1d3bbbc2f1346d0b4327cbb66d58fffbcc9b2b05c,20260801,16384,0.85,0.67,0.0,0.33,0,542,5.91,1
166,second,gemma4:12b,4eb23ef187e2c5462566d6a1d3bbbc2f1346d0b4327cbb66d58fffbcc9b2b05c,20260801,16384,1.0,0.5,0.0,0.0,0,478,6.01,1
166,third,gemma4:12b,4eb23ef187e2c5462566d6a1d3bbbc2f1346d0b4327cbb66d58fffbcc9b2b05c,20260801,16384,0.67,0.5,0.0,0.0,0,139,4.72,1
167,front,gemma4:12b,4eb23ef187e2c5462566d6a1d3bbbc2f1346d0b4327cbb66d58fffbcc9b2b05c,20260801,16384,0.75,0.86,0.0,0.5,0,857,6.73,1
167,second,gemma4:12b,4eb23ef187e2c5462566d6a1d3bbbc2f1346d0b4327cbb66d58fffbcc9b2b05c,20260801,16384,0.33,0.0,0.0,1.0,0,338,5.37,1
167,third,gemma4:12b,4eb23ef187e2c5462566d6a1d3bbbc2f1346d0b4327cbb66d58fffbcc9b2b05c,20260801,16384,0.0,0.0,0.0,1.0,0,84,4.45,1
168,front,gemma4:12b,4eb23ef187e2c5462566d6a1d3bbbc2f1346d0b4327cbb66d58fffbcc9b2b05c,20260801,16384,0.85,0.4,0.0,0.0,0,332,5.31,1
168,second,gemma4:12b,4eb23ef187e2c5462566d6a1d3bbbc2f1346d0b4327cbb66d58fffbcc9b2b05c,20260801,16384,0.5,0.0,0.0,0.0,0,349,5.31,1
168,third,gemma4:12b,4eb23ef187e2c5462566d6a1d3bbbc2f1346d0b4327cbb66d58fffbcc9b2b05c,20260801,16384,0.5,0.0,0.0,0.0,0,127,4.75,1
169,front,gemma4:12b,4eb23ef187e2c5462566d6a1d3bbbc2f1346d0b4327cbb66d58fffbcc9b2b05c,20260801,16384,0.0,0.0,0.0,0.0,0,443,5.17,1
169,second,gemma4:12b,4eb23ef187e2c5462566d6a1d3bbbc2f1346d0b4327cbb66d58fffbcc9b2b05c,20260801,16384,0.4,0.0,0.0,0.0,0,307,5.32,1
169,third,gemma4:12b,4eb23ef187e2c5462566d6a1d3bbbc2f1346d0b4327cbb66d58fffbcc9b2b05c,20260801,16384,0.33,0.0,0.0,0.5,0,141,4.73,1
170,front,gemma4:12b,4eb23ef187e2c5462566d6a1d3bbbc2f1346d0b4327cbb66d58fffbcc9b2b05c,20260801,16384,1.0,0.75,0.0,0.0,0,452,5.76,1
170,second,gemma4:12b,4eb23ef187e2c5462566d6a1d3bbbc2f1346d0b4327cbb66d58fffbcc9b2b05c,20260801,16384,0.5,0.0,0.0,0.0,0,322,5.3,1
170,third,gemma4:12b,4eb23ef187e2c5462566d6a1d3bbbc2f1346d0b4327cbb66d58fffbcc9b2b05c,20260801,16384,0.5,0.0,0.0,0.0,0,155,4.73,1
171,front,gemma4:12b,4eb23ef187e2c5462566d6a1d3bbbc2f1346d0b4327cbb66d58fffbcc9b2b05c,20260801,16384,0.67,0.0,0.0,0.5,0,399,5.32,1
171,second,gemma4:12b,4eb23ef187e2c5462566d6a1d3bbbc2f1346d0b4327cbb66d58fffbcc9b2b05c,20260801,16384,0.5,0.0,0.0,0.0,0,296,5.29,1
171,third,gemma4:12b,4eb23ef187e2c5462566d6a1d3bbbc2f1346d0b4327cbb66d58fffbcc9b2b05c,20260801,16384,0.5,0.0,0.0,0.5,0,147,4.75,1
172,front,gemma4:12b,4eb23ef187e2c5462566d6a1d3bbbc2f1346d0b4327cbb66d58fffbcc9b2b05c,20260801,16384,0.65,0.15,0.0,0.0,0,514,5.98,1
172,second,gemma4:12b,4eb23ef187e2c5462566d6a1d3bbbc2f1346d0b4327cbb66d58fffbcc9b2b05c,20260801,16384,1.0,0.0,0.0,0.0,0,325,5.32,1
172,third,gemma4:12b,4eb23ef187e2c5462566d6a1d3bbbc2f1346d0b4327cbb66d58fffbcc9b2b05c,20260801,16384,1.0,0.0,0.0,0.0,0,105,4.74,1
173,front,gemma4:12b,4eb23ef187e2c5462566d6a1d3bbbc2f1346d0b4327cbb66d58fffbcc9b2b05c,20260801,16384,0.85,0.0,0.0,0.0,0,523,5.84,1
173,second,gemma4:12b,4eb23ef187e2c5462566d6a1d3bbbc2f1346d0b4327cbb66d58fffbcc9b2b05c,20260801,16384,0.5,0.0,0.0,0.0,0,282,5.25,1
173,third,gemma4:12b,4eb23ef187e2c5462566d6a1d3bbbc2f1346d0b4327cbb66d58fffbcc9b2b05c,20260801,16384,0.4,0.0,0.0,0.5,0,169,4.72,1
174,front,gemma4:12b,4eb23ef187e2c5462566d6a1d3bbbc2f1346d0b4327cbb66d58fffbcc9b2b05c,20260801,16384,0.65,0.0,0.0,0.0,0,805,7.29,1
174,second,gemma4:12b,4eb23ef187e2c5462566d6a1d3bbbc2f1346d0b4327cbb66d58fffbcc9b2b05c,20260801,16384,0.4,0.0,0.0,0.5,0,415,5.29,1
174,third,gemma4:12b,4eb23ef187e2c5462566d6a1d3bbbc2f1346d0b4327cbb66d58fffbcc9b2b05c,20260801,16384,0.5,0.0,0.0,0.0,0,145,4.73,1
175,front,gemma4:12b,4eb23ef187e2c5462566d6a1d3bbbc2f1346d0b4327cbb66d58fffbcc9b2b05c,20260801,16384,0.6,0.0,0.0,0.0,0,578,5.67,1
175,second,gemma4:12b,4eb23ef187e2c5462566d6a1d3bbbc2f1346d0b4327cbb66d58fffbcc9b2b05c,20260801,16384,0.5,0.0,0.0,0.0,0,257,5.24,1
175,third,gemma4:12b,4eb23ef187e2c5462566d6a1d3bbbc2f1346d0b4327cbb66d58fffbcc9b2b05c,20260801,16384,0.5,0.0,0.0,0.0,0,137,4.74,1
176,front,gemma4:12b,4eb23ef187e2c5462566d6a1d3bbbc2f1346d0b4327cbb66d58fffbcc9b2b05c,20260801,16384,1.0,0.0,0.0,0.0,0,452,5.95,1
176,second,gemma4:12b,4eb23ef187e2c5462566d6a1d3bbbc2f1346d0b4327cbb66d58fffbcc9b2b05c,20260801,16384,1.0,0.0,0.0,0.0,0,312,5.06,1
176,third,gemma4:12b,4eb23ef187e2c5462566d6a1d3bbbc2f1346d0b4327cbb66d58fffbcc9b2b05c,20260801,16384,1.0,0.0,0.0,0.0,0,117,4.75,1
177,front,gemma4:12b,4eb23ef187e2c5462566d6a1d3bbbc2f1346d0b4327cbb66d58fffbcc9b2b05c,20260801,16384,0.0,0.0,0.0,0.0,0,642,6.32,1
177,second,gemma4:12b,4eb23ef187e2c5462566d6a1d3bbbc2f1346d0b4327cbb66d58fffbcc9b2b05c,20260801,16384,0.33,0.0,0.0,0.0,0,392,5.22,1
177,third,gemma4:12b,4eb23ef187e2c5462566d6a1d3bbbc2f1346d0b4327cbb66d58fffbcc9b2b05c,20260801,16384,0.0,0.0,0.0,0.0,0,168,4.72,1
178,front,gemma4:12b,4eb23ef187e2c5462566d6a1d3bbbc2f1346d0b4327cbb66d58fffbcc9b2b05c,20260801,16384,1.0,0.0,0.0,0.0,0,452,5.94,1
178,second,gemma4:12b,4eb23ef187e2c5462566d6a1d3bbbc2f1346d0b4327cbb66d58fffbcc9b2b05c,20260801,16384,1.0,0.0,0.0,0.0,0,239,4.68,1
178,third,gemma4:12b,4eb23ef187e2c5462566d6a1d3bbbc2f1346d0b4327cbb66d58fffbcc9b2b05c,20260801,16384,1.0,0.0,0.0,0.0,0,114,4.75,1
179,front,gemma4:12b,4eb23ef187e2c5462566d6a1d3bbbc2f1346d0b4327cbb66d58fffbcc9b2b05c,20260801,16384,0.0,0.0,0.0,0.0,0,485,5.95,1
179,second,gemma4:12b,4eb23ef187e2c5462566d6a1d3bbbc2f1346d0b4327cbb66d58fffbcc9b2b05c,20260801,16384,0.33,0.0,0.0,0.0,0,259,5.24,1
179,third,gemma4:12b,4eb23ef187e2c5462566d6a1d3bbbc2f1346d0b4327cbb66d58fffbcc9b2b05c,20260801,16384,0.33,0.0,0.0,0.0,0,116,4.74,1
180,front,gemma4:12b,4eb23ef187e2c5462566d6a1d3bbbc2f1346d0b4327cbb66d58fffbcc9b2b05c,20260801,16384,0.75,1.0,0.0,0.5,0,857,6.66,1
180,second,gemma4:12b,4eb23ef187e2c5462566d6a1d3bbbc2f1346d0b4327cbb66d58fffbcc9b2b05c,20260801,16384,0.0,0.0,0.0,1.0,0,339,5.35,1
180,third,gemma4:12b,4eb23ef187e2c5462566d6a1d3bbbc2f1346d0b4327cbb66d58fffbcc9b2b05c,20260801,16384,0.5,0.0,0.0,1.0,0,84,4.71,1
181,front,gemma4:12b,4eb23ef187e2c5462566d6a1d3bbbc2f1346d0b4327cbb66d58fffbcc9b2b05c,20260801,16384,0.4,0.0,0.1,0.0,0,689,6.57,1
181,second,gemma4:12b,4eb23ef187e2c5462566d6a1d3bbbc2f1346d0b4327cbb66d58fffbcc9b2b05c,20260801,16384,0.75,0.0,0.0,0.0,0,585,5.64,1
181,third,gemma4:12b,4eb23ef187e2c5462566d6a1d3bbbc2f1346d0b4327cbb66d58fffbcc9b2b05c,20260801,16384,0.5,0.0,0.0,0.0,0,147,4.74,1
182,front,gemma4:12b,4eb23ef187e2c5462566d6a1d3bbbc2f1346d0b4327cbb66d58fffbcc9b2b05c,20260801,16384,1.0,0.85,0.0,0.0,0,619,6.05,1
182,second,gemma4:12b,4eb23ef187e2c5462566d6a1d3bbbc2f1346d0b4327cbb66d58fffbcc9b2b05c,20260801,16384,1.0,0.0,0.0,0.0,0,366,5.24,1
182,third,gemma4:12b,4eb23ef187e2c5462566d6a1d3bbbc2f1346d0b4327cbb66d58fffbcc9b2b05c,20260801,16384,1.0,0.0,0.0,0.0,0,133,4.74,1
183,front,gemma4:12b,4eb23ef187e2c5462566d6a1d3bbbc2f1346d0b4327cbb66d58fffbcc9b2b05c,20260801,16384,0.85,0.4,0.0,0.6,0,675,5.89,1
183,second,gemma4:12b,4eb23ef187e2c5462566d6a1d3bbbc2f1346d0b4327cbb66d58fffbcc9b2b05c,20260801,16384,0.5,0.0,0.0,0.5,0,394,5.25,1
183,third,gemma4:12b,4eb23ef187e2c5462566d6a1d3bbbc2f1346d0b4327cbb66d58fffbcc9b2b05c,20260801,16384,0.5,0.0,0.0,0.5,0,140,4.74,1
184,front,gemma4:12b,4eb23ef187e2c5462566d6a1d3bbbc2f1346d0b4327cbb66d58fffbcc9b2b05c,20260801,16384,1.0,0.67,0.0,0.5,0,660,5.72,1
184,second,gemma4:12b,4eb23ef187e2c5462566d6a1d3bbbc2f1346d0b4327cbb66d58fffbcc9b2b05c,20260801,16384,0.75,0.0,0.0,0.5,0,299,5.33,1
184,third,gemma4:12b,4eb23ef187e2c5462566d6a1d3bbbc2f1346d0b4327cbb66d58fffbcc9b2b05c,20260801,16384,0.67,0.0,0.0,0.33,0,100,4.71,1
185,front,gemma4:12b,4eb23ef187e2c5462566d6a1d3bbbc2f1346d0b4327cbb66d58fffbcc9b2b05c,20260801,16384,0.85,0.65,0.0,0.4,0,692,7.29,1
185,second,gemma4:12b,4eb23ef187e2c5462566d6a1d3bbbc2f1346d0b4327cbb66d58fffbcc9b2b05c,20260801,16384,0.33,0.0,0.0,0.5,0,326,5.38,1
185,third,gemma4:12b,4eb23ef187e2c5462566d6a1d3bbbc2f1346d0b4327cbb66d58fffbcc9b2b05c,20260801,16384,0.5,0.0,0.0,0.0,0,131,4.74,1
186,front,gemma4:12b,4eb23ef187e2c5462566d6a1d3bbbc2f1346d0b4327cbb66d58fffbcc9b2b05c,20260801,16384,0.85,0.9,0.0,0.4,0,875,6.67,1
186,second,gemma4:12b,4eb23ef187e2c5462566d6a1d3bbbc2f1346d0b4327cbb66d58fffbcc9b2b05c,20260801,16384,0.75,0.0,0.0,0.5,0,298,5.3,1
186,third,gemma4:12b,4eb23ef187e2c5462566d6a1d3bbbc2f1346d0b4327cbb66d58fffbcc9b2b05c,20260801,16384,1.0,0.0,0.0,0.0,0,116,4.71,1
187,front,gemma4:12b,4eb23ef187e2c5462566d6a1d3bbbc2f1346d0b4327cbb66d58fffbcc9b2b05c,20260801,16384,1.0,0.0,0.0,0.0,0,865,6.46,1
187,second,gemma4:12b,4eb23ef187e2c5462566d6a1d3bbbc2f1346d0b4327cbb66d58fffbcc9b2b05c,20260801,16384,0.5,0.0,0.0,0.0,0,279,5.35,1
187,third,gemma4:12b,4eb23ef187e2c5462566d6a1d3bbbc2f1346d0b4327cbb66d58fffbcc9b2b05c,20260801,16384,1.0,0.0,0.0,0.0,0,80,4.69,1
188,front,gemma4:12b,4eb23ef187e2c5462566d6a1d3bbbc2f1346d0b4327cbb66d58fffbcc9b2b05c,20260801,16384,0.85,0.9,0.0,0.0,0,796,6.61,1
188,second,gemma4:12b,4eb23ef187e2c5462566d6a1d3bbbc2f1346d0b4327cbb66d58fffbcc9b2b05c,20260801,16384,0.5,0.0,0.0,0.5,0,267,4.72,1
188,third,gemma4:12b,4eb23ef187e2c5462566d6a1d3bbbc2f1346d0b4327cbb66d58fffbcc9b2b05c,20260801,16384,0.5,0.0,0.0,0.0,0,104,4.72,1
189,front,gemma4:12b,4eb23ef187e2c5462566d6a1d3bbbc2f1346d0b4327cbb66d58fffbcc9b2b05c,20260801,16384,1.0,1.0,0.0,0.5,0,802,6.67,1
189,second,gemma4:12b,4eb23ef187e2c5462566d6a1d3bbbc2f1346d0b4327cbb66d58fffbcc9b2b05c,20260801,16384,0.75,0.0,0.0,0.5,0,305,5.37,1
189,third,gemma4:12b,4eb23ef187e2c5462566d6a1d3bbbc2f1346d0b4327cbb66d58fffbcc9b2b05c,20260801,16384,1.0,0.0,0.0,0.5,0,108,4.74,1
190,front,gemma4:12b,4eb23ef187e2c5462566d6a1d3bbbc2f1346d0b4327cbb66d58fffbcc9b2b05c,20260801,16384,1.0,1.0,0.0,0.0,0,614,5.49,1
190,second,gemma4:12b,4eb23ef187e2c5462566d6a1d3bbbc2f1346d0b4327cbb66d58fffbcc9b2b05c,20260801,16384,0.75,0.0,0.0,0.0,0,305,5.31,1
190,third,gemma4:12b,4eb23ef187e2c5462566d6a1d3bbbc2f1346d0b4327cbb66d58fffbcc9b2b05c,20260801,16384,1.0,0.0,0.0,0.0,0,131,4.75,1
191,front,gemma4:12b,4eb23ef187e2c5462566d6a1d3bbbc2f1346d0b4327cbb66d58fffbcc9b2b05c,20260801,16384,1.0,0.0,0.0,0.0,0,746,7.3,1
191,second,gemma4:12b,4eb23ef187e2c5462566d6a1d3bbbc2f1346d0b4327cbb66d58fffbcc9b2b05c,20260801,16384,0.85,0.0,0.0,0.0,0,332,5.38,1
191,third,gemma4:12b,4eb23ef187e2c5462566d6a1d3bbbc2f1346d0b4327cbb66d58fffbcc9b2b05c,20260801,16384,1.0,0.0,0.0,0.0,0,123,4.72,1
192,front,gemma4:12b,4eb23ef187e2c5462566d6a1d3bbbc2f1346d0b4327cbb66d58fffbcc9b2b05c,20260801,16384,1.0,0.5,0.0,0.5,0,551,5.6,1
192,second,gemma4:12b,4eb23ef187e2c5462566d6a1d3bbbc2f1346d0b4327cbb66d58fffbcc9b2b05c,20260801,16384,0.75,0.25,0.0,0.5,0,322,5.33,1
192,third,gemma4:12b,4eb23ef187e2c5462566d6a1d3bbbc2f1346d0b4327cbb66d58fffbcc9b2b05c,20260801,16384,0.75,0.25,0.0,0.5,0,129,4.73,1
193,front,gemma4:12b,4eb23ef187e2c5462566d6a1d3bbbc2f1346d0b4327cbb66d58fffbcc9b2b05c,20260801,16384,0.85,0.95,0.0,0.6,0,858,6.68,1
193,second,gemma4:12b,4eb23ef187e2c5462566d6a1d3bbbc2f1346d0b4327cbb66d58fffbcc9b2b05c,20260801,16384,0.33,0.0,0.0,0.5,0,339,5.34,1
193,third,gemma4:12b,4eb23ef187e2c5462566d6a1d3bbbc2f1346d0b4327cbb66d58fffbcc9b2b05c,20260801,16384,0.5,0.0,0.0,1.0,0,85,4.71,1
194,front,gemma4:12b,4eb23ef187e2c5462566d6a1d3bbbc2f1346d0b4327cbb66d58fffbcc9b2b05c,20260801,16384,1.0,1.0,0.0,0.0,0,342,5.29,1
194,second,gemma4:12b,4eb23ef187e2c5462566d6a1d3bbbc2f1346d0b4327cbb66d58fffbcc9b2b05c,20260801,16384,0.75,0.0,0.0,0.0,0,298,5.32,1
194,third,gemma4:12b,4eb23ef187e2c5462566d6a1d3bbbc2f1346d0b4327cbb66d58fffbcc9b2b05c,20260801,16384,1.0,0.0,0.0,0.0,0,125,4.74,1
195,front,gemma4:12b,4eb23ef187e2c5462566d6a1d3bbbc2f1346d0b4327cbb66d58fffbcc9b2b05c,20260801,16384,1.0,1.0,0.0,0.5,0,825,6.47,1
195,second,gemma4:12b,4eb23ef187e2c5462566d6a1d3bbbc2f1346d0b4327cbb66d58fffbcc9b2b05c,20260801,16384,0.5,0.0,0.0,0.5,0,282,5.29,1
195,third,gemma4:12b,4eb23ef187e2c5462566d6a1d3bbbc2f1346d0b4327cbb66d58fffbcc9b2b05c,20260801,16384,0.67,0.0,0.0,0.5,0,126,4.72,1
196,front,gemma4:12b,4eb23ef187e2c5462566d6a1d3bbbc2f1346d0b4327cbb66d58fffbcc9b2b05c,20260801,16384,0.85,0.65,0.0,0.4,0,598,6.58,1
196,second,gemma4:12b,4eb23ef187e2c5462566d6a1d3bbbc2f1346d0b4327cbb66d58fffbcc9b2b05c,20260801,16384,0.75,0.5,0.0,0.5,0,361,5.21,1
196,third,gemma4:12b,4eb23ef187e2c5462566d6a1d3bbbc2f1346d0b4327cbb66d58fffbcc9b2b05c,20260801,16384,0.5,0.25,0.0,0.5,0,167,4.73,1
197,front,gemma4:12b,4eb23ef187e2c5462566d6a1d3bbbc2f1346d0b4327cbb66d58fffbcc9b2b05c,20260801,16384,1.0,1.0,0.0,0.0,0,797,6.69,1
197,second,gemma4:12b,4eb23ef187e2c5462566d6a1d3bbbc2f1346d0b4327cbb66d58fffbcc9b2b05c,20260801,16384,0.5,0.0,0.0,0.5,0,295,5.27,1
197,third,gemma4:12b,4eb23ef187e2c5462566d6a1d3bbbc2f1346d0b4327cbb66d58fffbcc9b2b05c,20260801,16384,0.67,0.0,0.0,0.5,0,107,4.71,1
198,front,gemma4:12b,4eb23ef187e2c5462566d6a1d3bbbc2f1346d0b4327cbb66d58fffbcc9b2b05c,20260801,16384,0.85,0.95,0.0,0.6,0,944,7.07,1
198,second,gemma4:12b,4eb23ef187e2c5462566d6a1d3bbbc2f1346d0b4327cbb66d58fffbcc9b2b05c,20260801,16384,0.75,0.5,0.0,0.5,0,317,5.35,1
198,third,gemma4:12b,4eb23ef187e2c5462566d6a1d3bbbc2f1346d0b4327cbb66d58fffbcc9b2b05c,20260801,16384,0.67,1.0,0.0,0.33,0,132,4.71,1
199,front,gemma4:12b,4eb23ef187e2c5462566d6a1d3bbbc2f1346d0b4327cbb66d58fffbcc9b2b05c,20260801,16384,0.85,0.15,0.0,0.4,0,768,5.9,1
199,second,gemma4:12b,4eb23ef187e2c5462566d6a1d3bbbc2f1346d0b4327cbb66d58fffbcc9b2b05c,20260801,16384,0.67,0.0,0.0,0.33,0,355,5.37,1
199,third,gemma4:12b,4eb23ef187e2c5462566d6a1d3bbbc2f1346d0b4327cbb66d58fffbcc9b2b05c,20260801,16384,0.75,0.0,0.0,0.25,0,122,4.72,1
200,front,gemma4:12b,4eb23ef187e2c5462566d6a1d3bbbc2f1346d0b4327cbb66d58fffbcc9b2b05c,20260801,16384,1.0,1.0,0.0,0.5,0,1062,7.46,1
200,second,gemma4:12b,4eb23ef187e2c5462566d6a1d3bbbc2f1346d0b4327cbb66d58fffbcc9b2b05c,20260801,16384,0.5,0.0,0.0,0.0,0,339,5.36,1
200,third,gemma4:12b,4eb23ef187e2c5462566d6a1d3bbbc2f1346d0b4327cbb66d58fffbcc9b2b05c,20260801,16384,0.5,0.0,0.0,0.0,0,99,4.72,1
201,front,gemma4:12b,4eb23ef187e2c5462566d6a1d3bbbc2f1346d0b4327cbb66d58fffbcc9b2b05c,20260801,16384,0.75,0.4,0.0,0.0,0,802,7.29,1
201,second,gemma4:12b,4eb23ef187e2c5462566d6a1d3bbbc2f1346d0b4327cbb66d58fffbcc9b2b05c,20260801,16384,0.33,0.0,0.0,0.0,0,244,4.69,1
201,third,gemma4:12b,4eb23ef187e2c5462566d6a1d3bbbc2f1346d0b4327cbb66d58fffbcc9b2b05c,20260801,16384,0.5,0.0,0.0,0.0,0,126,4.74,1
202,front,gemma4:12b,4eb23ef187e2c5462566d6a1d3bbbc2f1346d0b4327cbb66d58fffbcc9b2b05c,20260801,16384,0.95,1.0,0.0,0.6,0,1172,7.68,1
202,second,gemma4:12b,4eb23ef187e2c5462566d6a1d3bbbc2f1346d0b4327cbb66d58fffbcc9b2b05c,20260801,16384,0.75,0.0,0.0,0.5,0,341,5.34,1
202,third,gemma4:12b,4eb23ef187e2c5462566d6a1d3bbbc2f1346d0b4327cbb66d58fffbcc9b2b05c,20260801,16384,0.75,0.0,0.0,0.5,0,111,4.73,1
203,front,gemma4:12b,4eb23ef187e2c5462566d6a1d3bbbc2f1346d0b4327cbb66d58fffbcc9b2b05c,20260801,16384,0.75,0.25,0.0,0.5,0,1037,6.69,1
203,second,gemma4:12b,4eb23ef187e2c5462566d6a1d3bbbc2f1346d0b4327cbb66d58fffbcc9b2b05c,20260801,16384,0.65,0.0,0.0,0.3,0,453,5.19,1
203,third,gemma4:12b,4eb23ef187e2c5462566d6a1d3bbbc2f1346d0b4327cbb66d58fffbcc9b2b05c,20260801,16384,0.4,0.0,0.0,0.0,0,180,4.72,1
204,front,gemma4:12b,4eb23ef187e2c5462566d6a1d3bbbc2f1346d0b4327cbb66d58fffbcc9b2b05c,20260801,16384,1.0,1.0,0.0,0.5,0,772,6.18,1
204,second,gemma4:12b,4eb23ef187e2c5462566d6a1d3bbbc2f1346d0b4327cbb66d58fffbcc9b2b05c,20260801,16384,0.67,0.0,0.0,0.5,0,312,5.31,1
204,third,gemma4:12b,4eb23ef187e2c5462566d6a1d3bbbc2f1346d0b4327cbb66d58fffbcc9b2b05c,20260801,16384,0.75,0.0,0.0,0.0,0,118,4.74,1
205,front,gemma4:12b,4eb23ef187e2c5462566d6a1d3bbbc2f1346d0b4327cbb66d58fffbcc9b2b05c,20260801,16384,0.9,1.0,0.0,0.5,0,952,7.07,1
205,second,gemma4:12b,4eb23ef187e2c5462566d6a1d3bbbc2f1346d0b4327cbb66d58fffbcc9b2b05c,20260801,16384,0.5,0.25,0.0,0.0,0,242,4.72,1
205,third,gemma4:12b,4eb23ef187e2c5462566d6a1d3bbbc2f1346d0b4327cbb66d58fffbcc9b2b05c,20260801,16384,0.33,0.33,0.0,0.0,0,119,4.74,1
206,front,gemma4:12b,4eb23ef187e2c5462566d6a1d3bbbc2f1346d0b4327cbb66d58fffbcc9b2b05c,20260801,16384,0.75,1.0,0.0,0.6,0,717,7.32,1
206,second,gemma4:12b,4eb23ef187e2c5462566d6a1d3bbbc2f1346d0b4327cbb66d58fffbcc9b2b05c,20260801,16384,0.5,0.0,0.0,0.5,0,297,5.3,1
206,third,gemma4:12b,4eb23ef187e2c5462566d6a1d3bbbc2f1346d0b4327cbb66d58fffbcc9b2b05c,20260801,16384,0.5,0.0,0.33,0.0,0,163,4.73,1
207,front,gemma4:12b,4eb23ef187e2c5462566d6a1d3bbbc2f1346d0b4327cbb66d58fffbcc9b2b05c,20260801,16384,0.85,0.75,0.0,0.4,0,721,7.3,1
207,second,gemma4:12b,4eb23ef187e2c5462566d6a1d3bbbc2f1346d0b4327cbb66d58fffbcc9b2b05c,20260801,16384,0.75,0.0,0.0,0.5,0,280,5.27,1
207,third,gemma4:12b,4eb23ef187e2c5462566d6a1d3bbbc2f1346d0b4327cbb66d58fffbcc9b2b05c,20260801,16384,0.75,0.0,0.0,0.0,0,159,4.74,1
208,front,gemma4:12b,4eb23ef187e2c5462566d6a1d3bbbc2f1346d0b4327cbb66d58fffbcc9b2b05c,20260801,16384,0.75,0.33,0.25,0.5,0,526,6.59,1
208,second,gemma4:12b,4eb23ef187e2c5462566d6a1d3bbbc2f1346d0b4327cbb66d58fffbcc9b2b05c,20260801,16384,0.75,0.0,0.25,0.5,0,381,5.15,1
208,third,gemma4:12b,4eb23ef187e2c5462566d6a1d3bbbc2f1346d0b4327cbb66d58fffbcc9b2b05c,20260801,16384,0.75,0.0,0.0,0.25,0,200,4.69,1
209,front,gemma4:12b,4eb23ef187e2c5462566d6a1d3bbbc2f1346d0b4327cbb66d58fffbcc9b2b05c,20260801,16384,0.0,0.0,0.0,1.0,0,73,4.71,1
209,second,gemma4:12b,4eb23ef187e2c5462566d6a1d3bbbc2f1346d0b4327cbb66d58fffbcc9b2b05c,20260801,16384,0.0,0.0,0.5,0.0,0,231,4.69,1
209,third,gemma4:12b,4eb23ef187e2c5462566d6a1d3bbbc2f1346d0b4327cbb66d58fffbcc9b2b05c,20260801,16384,0.0,0.0,0.0,1.0,0,61,4.32,1
210,front,gemma4:12b,4eb23ef187e2c5462566d6a1d3bbbc2f1346d0b4327cbb66d58fffbcc9b2b05c,20260801,16384,0.85,0.67,0.0,0.33,0,562,6.58,1
210,second,gemma4:12b,4eb23ef187e2c5462566d6a1d3bbbc2f1346d0b4327cbb66d58fffbcc9b2b05c,20260801,16384,0.67,0.0,0.0,0.33,0,311,5.31,1
210,third,gemma4:12b,4eb23ef187e2c5462566d6a1d3bbbc2f1346d0b4327cbb66d58fffbcc9b2b05c,20260801,16384,0.67,0.0,0.0,0.33,0,102,4.71,1
211,front,gemma4:12b,4eb23ef187e2c5462566d6a1d3bbbc2f1346d0b4327cbb66d58fffbcc9b2b05c,20260801,16384,0.85,0.75,0.15,0.2,0,635,6.12,1
211,second,gemma4:12b,4eb23ef187e2c5462566d6a1d3bbbc2f1346d0b4327cbb66d58fffbcc9b2b05c,20260801,16384,0.67,0.33,0.15,0.4,0,349,5.33,1
211,third,gemma4:12b,4eb23ef187e2c5462566d6a1d3bbbc2f1346d0b4327cbb66d58fffbcc9b2b05c,20260801,16384,0.75,0.0,0.0,0.0,0,98,4.71,1
212,front,gemma4:12b,4eb23ef187e2c5462566d6a1d3bbbc2f1346d0b4327cbb66d58fffbcc9b2b05c,20260801,16384,0.85,0.0,0.0,0.3,0,514,5.78,1
212,second,gemma4:12b,4eb23ef187e2c5462566d6a1d3bbbc2f1346d0b4327cbb66d58fffbcc9b2b05c,20260801,16384,0.75,0.0,0.25,0.5,0,289,5.29,1
212,third,gemma4:12b,4eb23ef187e2c5462566d6a1d3bbbc2f1346d0b4327cbb66d58fffbcc9b2b05c,20260801,16384,0.75,0.0,0.0,0.0,0,129,4.74,1
213,front,gemma4:12b,4eb23ef187e2c5462566d6a1d3bbbc2f1346d0b4327cbb66d58fffbcc9b2b05c,20260801,16384,0.75,0.0,0.0,0.5,0,589,6.59,1
213,second,gemma4:12b,4eb23ef187e2c5462566d6a1d3bbbc2f1346d0b4327cbb66d58fffbcc9b2b05c,20260801,16384,0.4,0.0,0.3,0.6,0,491,5.97,1
213,third,gemma4:12b,4eb23ef187e2c5462566d6a1d3bbbc2f1346d0b4327cbb66d58fffbcc9b2b05c,20260801,16384,0.5,0.0,0.0,0.0,0,184,4.7,1
214,front,gemma4:12b,4eb23ef187e2c5462566d6a1d3bbbc2f1346d0b4327cbb66d58fffbcc9b2b05c,20260801,16384,1.0,0.0,0.0,0.0,0,442,5.74,1
214,second,gemma4:12b,4eb23ef187e2c5462566d6a1d3bbbc2f1346d0b4327cbb66d58fffbcc9b2b05c,20260801,16384,1.0,0.0,0.0,0.0,0,300,5.27,1
214,third,gemma4:12b,4eb23ef187e2c5462566d6a1d3bbbc2f1346d0b4327cbb66d58fffbcc9b2b05c,20260801,16384,1.0,0.0,0.0,0.0,0,152,4.73,1
215,front,gemma4:12b,4eb23ef187e2c5462566d6a1d3bbbc2f1346d0b4327cbb66d58fffbcc9b2b05c,20260801,16384,0.75,0.5,0.25,0.5,0,420,5.99,1
215,second,gemma4:12b,4eb23ef187e2c5462566d6a1d3bbbc2f1346d0b4327cbb66d58fffbcc9b2b05c,20260801,16384,0.75,0.0,0.0,0.0,0,250,4.69,1
215,third,gemma4:12b,4eb23ef187e2c5462566d6a1d3bbbc2f1346d0b4327cbb66d58fffbcc9b2b05c,20260801,16384,0.75,0.0,0.25,0.5,0,154,4.72,1
216,front,gemma4:12b,4eb23ef187e2c5462566d6a1d3bbbc2f1346d0b4327cbb66d58fffbcc9b2b05c,20260801,16384,0.67,0.0,0.0,0.33,0,646,5.51,1
216,second,gemma4:12b,4eb23ef187e2c5462566d6a1d3bbbc2f1346d0b4327cbb66d58fffbcc9b2b05c,20260801,16384,0.33,0.0,0.33,0.67,0,265,4.67,1
216,third,gemma4:12b,4eb23ef187e2c5462566d6a1d3bbbc2f1346d0b4327cbb66d58fffbcc9b2b05c,20260801,16384,0.33,0.0,0.0,0.5,0,153,4.74,1
217,front,gemma4:12b,4eb23ef187e2c5462566d6a1d3bbbc2f1346d0b4327cbb66d58fffbcc9b2b05c,20260801,16384,0.0,0.0,0.0,0.0,0,62,4.33,1
217,second,gemma4:12b,4eb23ef187e2c5462566d6a1d3bbbc2f1346d0b4327cbb66d58fffbcc9b2b05c,20260801,16384,0.0,0.0,0.0,0.0,0,159,4.72,1
217,third,gemma4:12b,4eb23ef187e2c5462566d6a1d3bbbc2f1346d0b4327cbb66d58fffbcc9b2b05c,20260801,16384,0.0,0.0,0.0,1.0,0,63,4.32,1
218,front,gemma4:12b,4eb23ef187e2c5462566d6a1d3bbbc2f1346d0b4327cbb66d58fffbcc9b2b05c,20260801,16384,0.0,0.0,0.0,1.0,0,65,4.69,1
218,second,gemma4:12b,4eb23ef187e2c5462566d6a1d3bbbc2f1346d0b4327cbb66d58fffbcc9b2b05c,20260801,16384,0.0,0.0,0.0,1.0,0,213,5.26,1
218,third,gemma4:12b,4eb23ef187e2c5462566d6a1d3bbbc2f1346d0b4327cbb66d58fffbcc9b2b05c,20260801,16384,0.33,0.0,0.0,0.0,0,84,4.72,1
219,front,gemma4:12b,4eb23ef187e2c5462566d6a1d3bbbc2f1346d0b4327cbb66d58fffbcc9b2b05c,20260801,16384,0.0,0.0,1.0,1.0,0,57,4.32,1
219,second,gemma4:12b,4eb23ef187e2c5462566d6a1d3bbbc2f1346d0b4327cbb66d58fffbcc9b2b05c,20260801,16384,0.0,0.0,0.0,1.0,0,144,4.71,1
219,third,gemma4:12b,4eb23ef187e2c5462566d6a1d3bbbc2f1346d0b4327cbb66d58fffbcc9b2b05c,20260801,16384,0.0,0.0,0.0,1.0,0,60,4.71,1
220,front,gemma4:12b,4eb23ef187e2c5462566d6a1d3bbbc2f1346d0b4327cbb66d58fffbcc9b2b05c,20260801,16384,1.0,0.0,0.0,0.0,0,808,6.74,1
220,second,gemma4:12b,4eb23ef187e2c5462566d6a1d3bbbc2f1346d0b4327cbb66d58fffbcc9b2b05c,20260801,16384,1.0,0.0,0.0,1.0,0,253,5.3,1
220,third,gemma4:12b,4eb23ef187e2c5462566d6a1d3bbbc2f1346d0b4327cbb66d58fffbcc9b2b05c,20260801,16384,1.0,0.0,0.0,1.0,0,105,4.74,1
221,front,gemma4:12b,4eb23ef187e2c5462566d6a1d3bbbc2f1346d0b4327cbb66d58fffbcc9b2b05c,20260801,16384,1.0,0.0,0.0,0.0,0,985,6.68,1
221,second,gemma4:12b,4eb23ef187e2c5462566d6a1d3bbbc2f1346d0b4327cbb66d58fffbcc9b2b05c,20260801,16384,0.0,0.0,0.5,1.0,0,274,5.32,1
221,third,gemma4:12b,4eb23ef187e2c5462566d6a1d3bbbc2f1346d0b4327cbb66d58fffbcc9b2b05c,20260801,16384,0.0,0.0,0.0,0.5,0,103,4.72,1
222,front,gemma4:12b,4eb23ef187e2c5462566d6a1d3bbbc2f1346d0b4327cbb66d58fffbcc9b2b05c,20260801,16384,1.0,0.8,0.1,0.0,0,850,6.49,1
222,second,gemma4:12b,4eb23ef187e2c5462566d6a1d3bbbc2f1346d0b4327cbb66d58fffbcc9b2b05c,20260801,16384,0.0,0.0,0.5,1.0,0,251,5.27,1
222,third,gemma4:12b,4eb23ef187e2c5462566d6a1d3bbbc2f1346d0b4327cbb66d58fffbcc9b2b05c,20260801,16384,0.0,0.0,0.0,1.0,0,71,4.7,1
223,front,gemma4:12b,4eb23ef187e2c5462566d6a1d3bbbc2f1346d0b4327cbb66d58fffbcc9b2b05c,20260801,16384,0.0,0.0,0.0,0.0,0,69,4.33,1
223,second,gemma4:12b,4eb23ef187e2c5462566d6a1d3bbbc2f1346d0b4327cbb66d58fffbcc9b2b05c,20260801,16384,0.0,0.0,0.0,0.0,0,188,4.7,1
223,third,gemma4:12b,4eb23ef187e2c5462566d6a1d3bbbc2f1346d0b4327cbb66d58fffbcc9b2b05c,20260801,16384,0.0,0.0,0.0,0.0,0,64,4.7,1
224,front,gemma4:12b,4eb23ef187e2c5462566d6a1d3bbbc2f1346d0b4327cbb66d58fffbcc9b2b05c,20260801,16384,1.0,1.0,0.0,0.0,0,964,6.68,1
224,second,gemma4:12b,4eb23ef187e2c5462566d6a1d3bbbc2f1346d0b4327cbb66d58fffbcc9b2b05c,20260801,16384,0.0,0.0,0.33,1.0,0,404,5.21,1
224,third,gemma4:12b,4eb23ef187e2c5462566d6a1d3bbbc2f1346d0b4327cbb66d58fffbcc9b2b05c,20260801,16384,0.0,0.0,0.0,1.0,0,65,4.34,1
225,front,gemma4:12b,4eb23ef187e2c5462566d6a1d3bbbc2f1346d0b4327cbb66d58fffbcc9b2b05c,20260801,16384,0.0,0.0,0.0,0.0,0,64,4.69,1
225,second,gemma4:12b,4eb23ef187e2c5462566d6a1d3bbbc2f1346d0b4327cbb66d58fffbcc9b2b05c,20260801,16384,0.0,0.0,0.0,0.0,0,138,4.72,1
225,third,gemma4:12b,4eb23ef187e2c5462566d6a1d3bbbc2f1346d0b4327cbb66d58fffbcc9b2b05c,20260801,16384,0.0,0.0,0.0,0.0,0,64,4.69,1
226,front,gemma4:12b,4eb23ef187e2c5462566d6a1d3bbbc2f1346d0b4327cbb66d58fffbcc9b2b05c,20260801,16384,0.0,0.0,0.0,1.0,0,73,4.69,1
226,second,gemma4:12b,4eb23ef187e2c5462566d6a1d3bbbc2f1346d0b4327cbb66d58fffbcc9b2b05c,20260801,16384,0.0,0.0,0.33,1.0,0,163,4.7,1
226,third,gemma4:12b,4eb23ef187e2c5462566d6a1d3bbbc2f1346d0b4327cbb66d58fffbcc9b2b05c,20260801,16384,0.0,0.0,0.0,1.0,0,67,4.68,1
227,front,gemma4:12b,4eb23ef187e2c5462566d6a1d3bbbc2f1346d0b4327cbb66d58fffbcc9b2b05c,20260801,16384,1.0,0.5,0.25,0.5,0,959,6.71,1
227,second,gemma4:12b,4eb23ef187e2c5462566d6a1d3bbbc2f1346d0b4327cbb66d58fffbcc9b2b05c,20260801,16384,0.0,0.0,0.33,1.0,0,329,5.25,1
227,third,gemma4:12b,4eb23ef187e2c5462566d6a1d3bbbc2f1346d0b4327cbb66d58fffbcc9b2b05c,20260801,16384,0.0,0.0,0.0,1.0,0,97,4.47,1
228,front,gemma4:12b,4eb23ef187e2c5462566d6a1d3bbbc2f1346d0b4327cbb66d58fffbcc9b2b05c,20260801,16384,1.0,1.0,0.0,0.0,0,757,5.95,1
228,second,gemma4:12b,4eb23ef187e2c5462566d6a1d3bbbc2f1346d0b4327cbb66d58fffbcc9b2b05c,20260801,16384,0.5,0.25,0.0,1.0,0,279,5.31,1
228,third,gemma4:12b,4eb23ef187e2c5462566d6a1d3bbbc2f1346d0b4327cbb66d58fffbcc9b2b05c,20260801,16384,1.0,0.0,0.0,0.0,0,118,4.76,1
229,front,gemma4:12b,4eb23ef187e2c5462566d6a1d3bbbc2f1346d0b4327cbb66d58fffbcc9b2b05c,20260801,16384,1.0,0.4,0.0,0.0,0,745,5.97,1
229,second,gemma4:12b,4eb23ef187e2c5462566d6a1d3bbbc2f1346d0b4327cbb66d58fffbcc9b2b05c,20260801,16384,1.0,0.0,0.0,0.0,0,354,5.21,1
229,third,gemma4:12b,4eb23ef187e2c5462566d6a1d3bbbc2f1346d0b4327cbb66d58fffbcc9b2b05c,20260801,16384,1.0,0.0,0.0,1.0,0,159,4.71,1
230,front,gemma4:12b,4eb23ef187e2c5462566d6a1d3bbbc2f1346d0b4327cbb66d58fffbcc9b2b05c,20260801,16384,1.0,1.0,0.0,0.0,0,1119,6.72,1
230,second,gemma4:12b,4eb23ef187e2c5462566d6a1d3bbbc2f1346d0b4327cbb66d58fffbcc9b2b05c,20260801,16384,0.0,0.0,0.0,1.0,0,452,6.0,1
230,third,gemma4:12b,4eb23ef187e2c5462566d6a1d3bbbc2f1346d0b4327cbb66d58fffbcc9b2b05c,20260801,16384,0.0,0.0,0.0,1.0,0,89,4.71,1
231,front,gemma4:12b,4eb23ef187e2c5462566d6a1d3bbbc2f1346d0b4327cbb66d58fffbcc9b2b05c,20260801,16384,0.85,0.65,0.0,0.4,0,618,6.58,1
231,second,gemma4:12b,4eb23ef187e2c5462566d6a1d3bbbc2f1346d0b4327cbb66d58fffbcc9b2b05c,20260801,16384,1.0,0.0,0.0,0.0,0,249,5.25,1
231,third,gemma4:12b,4eb23ef187e2c5462566d6a1d3bbbc2f1346d0b4327cbb66d58fffbcc9b2b05c,20260801,16384,1.0,0.0,0.0,0.0,0,72,4.7,1
232,front,gemma4:12b,4eb23ef187e2c5462566d6a1d3bbbc2f1346d0b4327cbb66d58fffbcc9b2b05c,20260801,16384,1.0,0.0,0.0,0.0,0,862,6.78,1
232,second,gemma4:12b,4eb23ef187e2c5462566d6a1d3bbbc2f1346d0b4327cbb66d58fffbcc9b2b05c,20260801,16384,0.0,0.0,0.0,1.0,0,354,5.17,1
232,third,gemma4:12b,4eb23ef187e2c5462566d6a1d3bbbc2f1346d0b4327cbb66d58fffbcc9b2b05c,20260801,16384,0.0,0.0,0.0,1.0,0,110,4.75,1
233,front,gemma4:12b,4eb23ef187e2c5462566d6a1d3bbbc2f1346d0b4327cbb66d58fffbcc9b2b05c,20260801,16384,1.0,0.83,0.0,0.0,0,837,6.22,1
233,second,gemma4:12b,4eb23ef187e2c5462566d6a1d3bbbc2f1346d0b4327cbb66d58fffbcc9b2b05c,20260801,16384,1.0,0.0,0.0,0.0,0,366,5.17,1
233,third,gemma4:12b,4eb23ef187e2c5462566d6a1d3bbbc2f1346d0b4327cbb66d58fffbcc9b2b05c,20260801,16384,1.0,0.0,0.0,1.0,0,70,4.06,1
234,front,gemma4:12b,4eb23ef187e2c5462566d6a1d3bbbc2f1346d0b4327cbb66d58fffbcc9b2b05c,20260801,16384,0.0,0.0,0.0,1.0,0,69,4.69,1
234,second,gemma4:12b,4eb23ef187e2c5462566d6a1d3bbbc2f1346d0b4327cbb66d58fffbcc9b2b05c,20260801,16384,0.0,0.0,0.0,1.0,0,217,5.25,1
234,third,gemma4:12b,4eb23ef187e2c5462566d6a1d3bbbc2f1346d0b4327cbb66d58fffbcc9b2b05c,20260801,16384,0.33,0.0,0.0,0.0,0,88,4.72,1
235,front,gemma4:12b,4eb23ef187e2c5462566d6a1d3bbbc2f1346d0b4327cbb66d58fffbcc9b2b05c,20260801,16384,1.0,0.85,0.0,1.0,0,608,7.3,1
235,second,gemma4:12b,4eb23ef187e2c5462566d6a1d3bbbc2f1346d0b4327cbb66d58fffbcc9b2b05c,20260801,16384,1.0,0.0,0.0,1.0,0,287,5.05,1
235,third,gemma4:12b,4eb23ef187e2c5462566d6a1d3bbbc2f1346d0b4327cbb66d58fffbcc9b2b05c,20260801,16384,0.67,0.33,0.0,1.0,0,135,4.72,1
236,front,gemma4:12b,4eb23ef187e2c5462566d6a1d3bbbc2f1346d0b4327cbb66d58fffbcc9b2b05c,20260801,16384,1.0,0.6,0.0,0.0,0,734,7.15,1
236,second,gemma4:12b,4eb23ef187e2c5462566d6a1d3bbbc2f1346d0b4327cbb66d58fffbcc9b2b05c,20260801,16384,1.0,0.0,0.0,1.0,0,258,5.29,1
236,third,gemma4:12b,4eb23ef187e2c5462566d6a1d3bbbc2f1346d0b4327cbb66d58fffbcc9b2b05c,20260801,16384,1.0,0.0,0.0,1.0,0,110,4.73,1
237,front,gemma4:12b,4eb23ef187e2c5462566d6a1d3bbbc2f1346d0b4327cbb66d58fffbcc9b2b05c,20260801,16384,1.0,0.0,0.0,0.0,0,766,5.61,1
237,second,gemma4:12b,4eb23ef187e2c5462566d6a1d3bbbc2f1346d0b4327cbb66d58fffbcc9b2b05c,20260801,16384,0.33,0.0,0.25,0.5,0,381,5.18,1
237,third,gemma4:12b,4eb23ef187e2c5462566d6a1d3bbbc2f1346d0b4327cbb66d58fffbcc9b2b05c,20260801,16384,0.0,0.0,0.0,0.5,0,100,4.72,1
238,front,gemma4:12b,4eb23ef187e2c5462566d6a1d3bbbc2f1346d0b4327cbb66d58fffbcc9b2b05c,20260801,16384,1.0,1.0,0.0,0.0,0,871,6.62,1
238,second,gemma4:12b,4eb23ef187e2c5462566d6a1d3bbbc2f1346d0b4327cbb66d58fffbcc9b2b05c,20260801,16384,0.5,0.0,0.0,0.0,0,386,5.19,1
238,third,gemma4:12b,4eb23ef187e2c5462566d6a1d3bbbc2f1346d0b4327cbb66d58fffbcc9b2b05c,20260801,16384,0.5,0.0,0.5,0.5,0,156,4.72,1
239,front,gemma4:12b,4eb23ef187e2c5462566d6a1d3bbbc2f1346d0b4327cbb66d58fffbcc9b2b05c,20260801,16384,1.0,0.0,0.0,0.0,0,99,4.72,1
239,second,gemma4:12b,4eb23ef187e2c5462566d6a1d3bbbc2f1346d0b4327cbb66d58fffbcc9b2b05c,20260801,16384,0.0,0.0,0.0,1.0,0,186,4.69,1
239,third,gemma4:12b,4eb23ef187e2c5462566d6a1d3bbbc2f1346d0b4327cbb66d58fffbcc9b2b05c,20260801,16384,1.0,0.0,0.0,1.0,0,92,4.74,1
240,front,gemma4:12b,4eb23ef187e2c5462566d6a1d3bbbc2f1346d0b4327cbb66d58fffbcc9b2b05c,20260801,16384,1.0,1.0,0.0,0.0,0,788,6.75,1
240,second,gemma4:12b,4eb23ef187e2c5462566d6a1d3bbbc2f1346d0b4327cbb66d58fffbcc9b2b05c,20260801,16384,1.0,0.0,0.0,1.0,0,467,5.92,1
240,third,gemma4:12b,4eb23ef187e2c5462566d6a1d3bbbc2f1346d0b4327cbb66d58fffbcc9b2b05c,20260801,16384,1.0,0.0,0.0,1.0,0,69,4.07,1
241,front,gemma4:12b,4eb23ef187e2c5462566d6a1d3bbbc2f1346d0b4327cbb66d58fffbcc9b2b05c,20260801,16384,1.0,1.0,0.0,0.0,0,680,5.88,1
241,second,gemma4:12b,4eb23ef187e2c5462566d6a1d3bbbc2f1346d0b4327cbb66d58fffbcc9b2b05c,20260801,16384,0.75,0.25,0.0,1.0,0,488,5.81,1
241,third,gemma4:12b,4eb23ef187e2c5462566d6a1d3bbbc2f1346d0b4327cbb66d58fffbcc9b2b05c,20260801,16384,1.0,0.5,0.0,1.0,0,106,4.73,1
242,front,gemma4:12b,4eb23ef187e2c5462566d6a1d3bbbc2f1346d0b4327cbb66d58fffbcc9b2b05c,20260801,16384,1.0,1.0,0.0,0.0,0,910,6.64,1
242,second,gemma4:12b,4eb23ef187e2c5462566d6a1d3bbbc2f1346d0b4327cbb66d58fffbcc9b2b05c,20260801,16384,1.0,0.0,0.0,1.0,0,368,5.24,1
242,third,gemma4:12b,4eb23ef187e2c5462566d6a1d3bbbc2f1346d0b4327cbb66d58fffbcc9b2b05c,20260801,16384,1.0,0.0,0.0,1.0,0,115,4.73,1
243,front,gemma4:12b,4eb23ef187e2c5462566d6a1d3bbbc2f1346d0b4327cbb66d58fffbcc9b2b05c,20260801,16384,1.0,1.0,0.0,0.0,0,582,6.44,1
243,second,gemma4:12b,4eb23ef187e2c5462566d6a1d3bbbc2f1346d0b4327cbb66d58fffbcc9b2b05c,20260801,16384,0.75,0.4,0.0,0.5,0,377,5.17,1
243,third,gemma4:12b,4eb23ef187e2c5462566d6a1d3bbbc2f1346d0b4327cbb66d58fffbcc9b2b05c,20260801,16384,1.0,0.0,0.0,0.0,0,141,4.72,1
244,front,gemma4:12b,4eb23ef187e2c5462566d6a1d3bbbc2f1346d0b4327cbb66d58fffbcc9b2b05c,20260801,16384,1.0,1.0,0.0,0.0,0,542,5.67,1
244,second,gemma4:12b,4eb23ef187e2c5462566d6a1d3bbbc2f1346d0b4327cbb66d58fffbcc9b2b05c,20260801,16384,1.0,0.0,0.0,0.0,0,231,4.67,1
244,third,gemma4:12b,4eb23ef187e2c5462566d6a1d3bbbc2f1346d0b4327cbb66d58fffbcc9b2b05c,20260801,16384,1.0,0.0,0.0,1.0,0,71,4.05,1
245,front,gemma4:12b,4eb23ef187e2c5462566d6a1d3bbbc2f1346d0b4327cbb66d58fffbcc9b2b05c,20260801,16384,1.0,0.8,0.0,0.0,0,710,7.3,1
245,second,gemma4:12b,4eb23ef187e2c5462566d6a1d3bbbc2f1346d0b4327cbb66d58fffbcc9b2b05c,20260801,16384,0.4,0.0,0.0,1.0,0,352,5.16,1
245,third,gemma4:12b,4eb23ef187e2c5462566d6a1d3bbbc2f1346d0b4327cbb66d58fffbcc9b2b05c,20260801,16384,1.0,0.0,0.0,1.0,0,131,4.74,1
246,front,gemma4:12b,4eb23ef187e2c5462566d6a1d3bbbc2f1346d0b4327cbb66d58fffbcc9b2b05c,20260801,16384,1.0,0.4,0.0,0.0,0,830,6.28,1
246,second,gemma4:12b,4eb23ef187e2c5462566d6a1d3bbbc2f1346d0b4327cbb66d58fffbcc9b2b05c,20260801,16384,0.25,0.0,0.0,0.0,0,256,5.28,1
246,third,gemma4:12b,4eb23ef187e2c5462566d6a1d3bbbc2f1346d0b4327cbb66d58fffbcc9b2b05c,20260801,16384,0.0,0.0,0.0,1.0,0,89,4.72,1
247,front,gemma4:12b,4eb23ef187e2c5462566d6a1d3bbbc2f1346d0b4327cbb66d58fffbcc9b2b05c,20260801,16384,1.0,0.8,0.0,0.0,0,661,5.88,1
247,second,gemma4:12b,4eb23ef187e2c5462566d6a1d3bbbc2f1346d0b4327cbb66d58fffbcc9b2b05c,20260801,16384,0.5,0.0,0.0,0.0,0,303,5.31,1
247,third,gemma4:12b,4eb23ef187e2c5462566d6a1d3bbbc2f1346d0b4327cbb66d58fffbcc9b2b05c,20260801,16384,1.0,0.0,0.0,0.0,0,116,4.74,1
248,front,gemma4:12b,4eb23ef187e2c5462566d6a1d3bbbc2f1346d0b4327cbb66d58fffbcc9b2b05c,20260801,16384,1.0,1.0,0.0,0.0,0,867,6.74,1
248,second,gemma4:12b,4eb23ef187e2c5462566d6a1d3bbbc2f1346d0b4327cbb66d58fffbcc9b2b05c,20260801,16384,1.0,0.0,0.0,0.0,0,358,5.23,1
248,third,gemma4:12b,4eb23ef187e2c5462566d6a1d3bbbc2f1346d0b4327cbb66d58fffbcc9b2b05c,20260801,16384,0.5,0.0,0.0,1.0,0,114,4.74,1
249,front,gemma4:12b,4eb23ef187e2c5462566d6a1d3bbbc2f1346d0b4327cbb66d58fffbcc9b2b05c,20260801,16384,0.85,0.4,0.0,1.0,0,337,5.16,1
249,second,gemma4:12b,4eb23ef187e2c5462566d6a1d3bbbc2f1346d0b4327cbb66d58fffbcc9b2b05c,20260801,16384,1.0,0.75,0.0,0.0,0,276,5.33,1
249,third,gemma4:12b,4eb23ef187e2c5462566d6a1d3bbbc2f1346d0b4327cbb66d58fffbcc9b2b05c,20260801,16384,0.67,0.5,0.33,0.67,0,139,4.72,1
250,front,gemma4:12b,4eb23ef187e2c5462566d6a1d3bbbc2f1346d0b4327cbb66d58fffbcc9b2b05c,20260801,16384,0.0,0.0,0.0,1.0,0,67,4.72,1
250,second,gemma4:12b,4eb23ef187e2c5462566d6a1d3bbbc2f1346d0b4327cbb66d58fffbcc9b2b05c,20260801,16384,0.0,0.0,0.0,1.0,0,180,4.7,1
250,third,gemma4:12b,4eb23ef187e2c5462566d6a1d3bbbc2f1346d0b4327cbb66d58fffbcc9b2b05c,20260801,16384,0.0,0.0,0.0,0.0,0,78,4.7,1
251,front,gemma4:12b,4eb23ef187e2c5462566d6a1d3bbbc2f1346d0b4327cbb66d58fffbcc9b2b05c,20260801,16384,0.0,0.0,0.0,1.0,0,85,4.73,1
251,second,gemma4:12b,4eb23ef187e2c5462566d6a1d3bbbc2f1346d0b4327cbb66d58fffbcc9b2b05c,20260801,16384,0.0,0.0,0.0,1.0,0,187,4.68,1
251,third,gemma4:12b,4eb23ef187e2c5462566d6a1d3bbbc2f1346d0b4327cbb66d58fffbcc9b2b05c,20260801,16384,1.0,0.0,0.0,1.0,0,78,4.72,1
252,front,gemma4:12b,4eb23ef187e2c5462566d6a1d3bbbc2f1346d0b4327cbb66d58fffbcc9b2b05c,20260801,16384,0.75,0.33,0.0,1.0,0,298,5.3,1
252,second,gemma4:12b,4eb23ef187e2c5462566d6a1d3bbbc2f1346d0b4327cbb66d58fffbcc9b2b05c,20260801,16384,0.5,0.0,0.0,1.0,0,255,5.25,1
252,third,gemma4:12b,4eb23ef187e2c5462566d6a1d3bbbc2f1346d0b4327cbb66d58fffbcc9b2b05c,20260801,16384,1.0,0.0,0.0,1.0,0,105,4.74,1
253,front,gemma4:12b,4eb23ef187e2c5462566d6a1d3bbbc2f1346d0b4327cbb66d58fffbcc9b2b05c,20260801,16384,0.0,0.0,0.0,1.0,0,78,4.71,1
253,second,gemma4:12b,4eb23ef187e2c5462566d6a1d3bbbc2f1346d0b4327cbb66d58fffbcc9b2b05c,20260801,16384,0.0,0.0,0.0,1.0,0,235,5.28,1
253,third,gemma4:12b,4eb23ef187e2c5462566d6a1d3bbbc2f1346d0b4327cbb66d58fffbcc9b2b05c,20260801,16384,0.0,0.0,0.0,1.0,0,61,4.7,1
254,front,gemma4:12b,4eb23ef187e2c5462566d6a1d3bbbc2f1346d0b4327cbb66d58fffbcc9b2b05c,20260801,16384,0.0,0.0,0.0,1.0,0,79,4.71,1
254,second,gemma4:12b,4eb23ef187e2c5462566d6a1d3bbbc2f1346d0b4327cbb66d58fffbcc9b2b05c,20260801,16384,0.0,0.0,0.0,1.0,0,178,4.71,1
254,third,gemma4:12b,4eb23ef187e2c5462566d6a1d3bbbc2f1346d0b4327cbb66d58fffbcc9b2b05c,20260801,16384,0.0,0.0,0.0,1.0,0,78,4.72,1
255,front,gemma4:12b,4eb23ef187e2c5462566d6a1d3bbbc2f1346d0b4327cbb66d58fffbcc9b2b05c,20260801,16384,0.0,0.0,0.0,0.0,0,54,4.32,1
255,second,gemma4:12b,4eb23ef187e2c5462566d6a1d3bbbc2f1346d0b4327cbb66d58fffbcc9b2b05c,20260801,16384,0.0,0.0,0.0,0.0,0,105,4.73,1
255,third,gemma4:12b,4eb23ef187e2c5462566d6a1d3bbbc2f1346d0b4327cbb66d58fffbcc9b2b05c,20260801,16384,0.0,0.0,0.0,0.0,0,62,4.33,1
256,front,gemma4:12b,4eb23ef187e2c5462566d6a1d3bbbc2f1346d0b4327cbb66d58fffbcc9b2b05c,20260801,16384,0.0,0.0,0.0,1.0,0,69,4.69,1
256,second,gemma4:12b,4eb23ef187e2c5462566d6a1d3bbbc2f1346d0b4327cbb66d58fffbcc9b2b05c,20260801,16384,0.0,0.0,0.33,1.0,0,167,4.71,1
256,third,gemma4:12b,4eb23ef187e2c5462566d6a1d3bbbc2f1346d0b4327cbb66d58fffbcc9b2b05c,20260801,16384,0.0,0.0,0.0,1.0,0,64,4.31,1
257,front,gemma4:12b,4eb23ef187e2c5462566d6a1d3bbbc2f1346d0b4327cbb66d58fffbcc9b2b05c,20260801,16384,0.0,0.0,0.0,0.0,0,67,4.7,1
257,second,gemma4:12b,4eb23ef187e2c5462566d6a1d3bbbc2f1346d0b4327cbb66d58fffbcc9b2b05c,20260801,16384,0.0,0.0,0.0,0.0,0,229,4.67,1
257,third,gemma4:12b,4eb23ef187e2c5462566d6a1d3bbbc2f1346d0b4327cbb66d58fffbcc9b2b05c,20260801,16384,0.0,0.0,0.0,0.0,0,78,4.72,1
258,front,gemma4:12b,4eb23ef187e2c5462566d6a1d3bbbc2f1346d0b4327cbb66d58fffbcc9b2b05c,20260801,16384,0.0,0.0,0.0,1.0,0,78,4.7,1
258,second,gemma4:12b,4eb23ef187e2c5462566d6a1d3bbbc2f1346d0b4327cbb66d58fffbcc9b2b05c,20260801,16384,1.0,0.0,0.0,1.0,0,190,4.69,1
258,third,gemma4:12b,4eb23ef187e2c5462566d6a1d3bbbc2f1346d0b4327cbb66d58fffbcc9b2b05c,20260801,16384,1.0,0.0,0.0,1.0,0,76,4.44,1
259,front,gemma4:12b,4eb23ef187e2c5462566d6a1d3bbbc2f1346d0b4327cbb66d58fffbcc9b2b05c,20260801,16384,0.0,0.0,0.0,1.0,0,71,4.7,1
259,second,gemma4:12b,4eb23ef187e2c5462566d6a1d3bbbc2f1346d0b4327cbb66d58fffbcc9b2b05c,20260801,16384,0.0,0.0,0.0,0.0,0,174,4.72,1
259,third,gemma4:12b,4eb23ef187e2c5462566d6a1d3bbbc2f1346d0b4327cbb66d58fffbcc9b2b05c,20260801,16384,0.0,0.0,0.0,0.0,0,79,4.71,1
260,front,gemma4:12b,4eb23ef187e2c5462566d6a1d3bbbc2f1346d0b4327cbb66d58fffbcc9b2b05c,20260801,16384,1.0,0.5,0.0,0.0,0,751,6.87,1
260,second,gemma4:12b,4eb23ef187e2c5462566d6a1d3bbbc2f1346d0b4327cbb66d58fffbcc9b2b05c,20260801,16384,0.33,0.0,0.0,0.5,0,382,5.16,1
260,third,gemma4:12b,4eb23ef187e2c5462566d6a1d3bbbc2f1346d0b4327cbb66d58fffbcc9b2b05c,20260801,16384,0.33,0.0,0.0,0.5,0,142,4.72,1
261,front,gemma4:12b,4eb23ef187e2c5462566d6a1d3bbbc2f1346d0b4327cbb66d58fffbcc9b2b05c,20260801,16384,0.0,0.0,0.5,1.0,0,773,7.02,1
261,second,gemma4:12b,4eb23ef187e2c5462566d6a1d3bbbc2f1346d0b4327cbb66d58fffbcc9b2b05c,20260801,16384,0.0,0.0,0.5,1.0,0,274,5.29,1
261,third,gemma4:12b,4eb23ef187e2c5462566d6a1d3bbbc2f1346d0b4327cbb66d58fffbcc9b2b05c,20260801,16384,0.0,0.0,0.5,1.0,0,94,4.72,1
262,front,gemma4:12b,4eb23ef187e2c5462566d6a1d3bbbc2f1346d0b4327cbb66d58fffbcc9b2b05c,20260801,16384,1.0,0.67,0.0,0.0,0,765,6.25,1
262,second,gemma4:12b,4eb23ef187e2c5462566d6a1d3bbbc2f1346d0b4327cbb66d58fffbcc9b2b05c,20260801,16384,1.0,0.0,0.0,0.0,0,327,5.05,1
262,third,gemma4:12b,4eb23ef187e2c5462566d6a1d3bbbc2f1346d0b4327cbb66d58fffbcc9b2b05c,20260801,16384,0.0,0.0,0.5,1.0,0,108,4.51,1
263,front,gemma4:12b,4eb23ef187e2c5462566d6a1d3bbbc2f1346d0b4327cbb66d58fffbcc9b2b05c,20260801,16384,1.0,0.0,0.0,0.0,0,251,5.32,1
263,second,gemma4:12b,4eb23ef187e2c5462566d6a1d3bbbc2f1346d0b4327cbb66d58fffbcc9b2b05c,20260801,16384,1.0,0.0,0.0,0.0,0,245,5.24,1
263,third,gemma4:12b,4eb23ef187e2c5462566d6a1d3bbbc2f1346d0b4327cbb66d58fffbcc9b2b05c,20260801,16384,0.33,0.0,0.0,0.0,0,153,4.72,1
264,front,gemma4:12b,4eb23ef187e2c5462566d6a1d3bbbc2f1346d0b4327cbb66d58fffbcc9b2b05c,20260801,16384,1.0,0.6,0.0,0.0,0,685,6.52,1
264,second,gemma4:12b,4eb23ef187e2c5462566d6a1d3bbbc2f1346d0b4327cbb66d58fffbcc9b2b05c,20260801,16384,1.0,0.0,0.0,0.0,0,275,5.07,1
264,third,gemma4:12b,4eb23ef187e2c5462566d6a1d3bbbc2f1346d0b4327cbb66d58fffbcc9b2b05c,20260801,16384,1.0,0.0,0.0,1.0,0,150,4.72,1
265,front,gemma4:12b,4eb23ef187e2c5462566d6a1d3bbbc2f1346d0b4327cbb66d58fffbcc9b2b05c,20260801,16384,0.0,0.0,0.0,1.0,0,55,4.39,1
265,second,gemma4:12b,4eb23ef187e2c5462566d6a1d3bbbc2f1346d0b4327cbb66d58fffbcc9b2b05c,20260801,16384,0.0,0.0,0.0,0.0,0,152,4.77,1
265,third,gemma4:12b,4eb23ef187e2c5462566d6a1d3bbbc2f1346d0b4327cbb66d58fffbcc9b2b05c,20260801,16384,0.0,0.0,0.0,1.0,0,56,4.35,1
266,front,gemma4:12b,4eb23ef187e2c5462566d6a1d3bbbc2f1346d0b4327cbb66d58fffbcc9b2b05c,20260801,16384,0.0,0.0,0.0,1.0,0,58,4.71,1
266,second,gemma4:12b,4eb23ef187e2c5462566d6a1d3bbbc2f1346d0b4327cbb66d58fffbcc9b2b05c,20260801,16384,0.0,0.0,0.0,1.0,0,206,4.7,1
266,third,gemma4:12b,4eb23ef187e2c5462566d6a1d3bbbc2f1346d0b4327cbb66d58fffbcc9b2b05c,20260801,16384,0.0,0.0,0.0,0.0,0,77,4.72,1
267,front,gemma4:12b,4eb23ef187e2c5462566d6a1d3bbbc2f1346d0b4327cbb66d58fffbcc9b2b05c,20260801,16384,0.0,0.0,1.0,1.0,0,50,4.31,1
267,second,gemma4:12b,4eb23ef187e2c5462566d6a1d3bbbc2f1346d0b4327cbb66d58fffbcc9b2b05c,20260801,16384,0.0,0.0,0.33,1.0,0,137,4.7,1
267,third,gemma4:12b,4eb23ef187e2c5462566d6a1d3bbbc2f1346d0b4327cbb66d58fffbcc9b2b05c,20260801,16384,0.0,0.0,0.0,1.0,0,53,4.7,1
268,front,gemma4:12b,4eb23ef187e2c5462566d6a1d3bbbc2f1346d0b4327cbb66d58fffbcc9b2b05c,20260801,16384,0.0,0.0,0.0,1.0,0,60,4.69,1
268,second,gemma4:12b,4eb23ef187e2c5462566d6a1d3bbbc2f1346d0b4327cbb66d58fffbcc9b2b05c,20260801,16384,0.0,0.0,0.0,1.0,0,141,4.71,1
268,third,gemma4:12b,4eb23ef187e2c5462566d6a1d3bbbc2f1346d0b4327cbb66d58fffbcc9b2b05c,20260801,16384,0.0,0.0,0.0,1.0,0,59,4.31,1
269,front,gemma4:12b,4eb23ef187e2c5462566d6a1d3bbbc2f1346d0b4327cbb66d58fffbcc9b2b05c,20260801,16384,1.0,0.0,0.0,0.0,0,978,6.65,1
269,second,gemma4:12b,4eb23ef187e2c5462566d6a1d3bbbc2f1346d0b4327cbb66d58fffbcc9b2b05c,20260801,16384,0.0,0.0,0.33,1.0,0,267,5.31,1
269,third,gemma4:12b,4eb23ef187e2c5462566d6a1d3bbbc2f1346d0b4327cbb66d58fffbcc9b2b05c,20260801,16384,0.0,0.0,0.0,0.5,0,96,4.71,1
270,front,gemma4:12b,4eb23ef187e2c5462566d6a1d3bbbc2f1346d0b4327cbb66d58fffbcc9b2b05c,20260801,16384,1.0,0.5,0.0,0.0,0,843,6.54,1
270,second,gemma4:12b,4eb23ef187e2c5462566d6a1d3bbbc2f1346d0b4327cbb66d58fffbcc9b2b05c,20260801,16384,0.0,0.0,0.33,1.0,0,244,5.25,1
270,third,gemma4:12b,4eb23ef187e2c5462566d6a1d3bbbc2f1346d0b4327cbb66d58fffbcc9b2b05c,20260801,16384,0.0,0.0,0.0,1.0,0,64,4.7,1
271,front,gemma4:12b,4eb23ef187e2c5462566d6a1d3bbbc2f1346d0b4327cbb66d58fffbcc9b2b05c,20260801,16384,0.0,0.0,0.0,0.0,0,62,4.31,1
271,second,gemma4:12b,4eb23ef187e2c5462566d6a1d3bbbc2f1346d0b4327cbb66d58fffbcc9b2b05c,20260801,16384,0.0,0.0,0.0,0.0,0,181,4.71,1
271,third,gemma4:12b,4eb23ef187e2c5462566d6a1d3bbbc2f1346d0b4327cbb66d58fffbcc9b2b05c,20260801,16384,0.0,0.0,0.0,0.0,0,57,4.31,1
272,front,gemma4:12b,4eb23ef187e2c5462566d6a1d3bbbc2f1346d0b4327cbb66d58fffbcc9b2b05c,20260801,16384,1.0,1.0,0.0,0.0,0,957,6.65,1
272,second,gemma4:12b,4eb23ef187e2c5462566d6a1d3bbbc2f1346d0b4327cbb66d58fffbcc9b2b05c,20260801,16384,0.0,0.0,0.0,1.0,0,397,5.24,1
272,third,gemma4:12b,4eb23ef187e2c5462566d6a1d3bbbc2f1346d0b4327cbb66d58fffbcc9b2b05c,20260801,16384,0.0,0.0,0.0,1.0,0,58,4.32,1
273,front,gemma4:12b,4eb23ef187e2c5462566d6a1d3bbbc2f1346d0b4327cbb66d58fffbcc9b2b05c,20260801,16384,0.0,0.0,0.0,0.0,0,57,4.32,1
273,second,gemma4:12b,4eb23ef187e2c5462566d6a1d3bbbc2f1346d0b4327cbb66d58fffbcc9b2b05c,20260801,16384,0.0,0.0,0.0,0.0,0,131,4.74,1
273,third,gemma4:12b,4eb23ef187e2c5462566d6a1d3bbbc2f1346d0b4327cbb66d58fffbcc9b2b05c,20260801,16384,0.0,0.0,0.0,0.0,0,57,4.32,1
274,front,gemma4:12b,4eb23ef187e2c5462566d6a1d3bbbc2f1346d0b4327cbb66d58fffbcc9b2b05c,20260801,16384,0.0,0.0,0.0,1.0,0,66,4.33,1
274,second,gemma4:12b,4eb23ef187e2c5462566d6a1d3bbbc2f1346d0b4327cbb66d58fffbcc9b2b05c,20260801,16384,0.0,0.0,0.33,1.0,0,156,4.71,1
274,third,gemma4:12b,4eb23ef187e2c5462566d6a1d3bbbc2f1346d0b4327cbb66d58fffbcc9b2b05c,20260801,16384,0.0,0.0,0.0,1.0,0,60,4.31,1
275,front,gemma4:12b,4eb23ef187e2c5462566d6a1d3bbbc2f1346d0b4327cbb66d58fffbcc9b2b05c,20260801,16384,0.0,0.33,0.11,0.5,0,952,6.75,1
275,second,gemma4:12b,4eb23ef187e2c5462566d6a1d3bbbc2f1346d0b4327cbb66d58fffbcc9b2b05c,20260801,16384,0.33,0.0,0.33,1.0,0,322,5.31,1
275,third,gemma4:12b,4eb23ef187e2c5462566d6a1d3bbbc2f1346d0b4327cbb66d58fffbcc9b2b05c,20260801,16384,0.5,0.0,0.0,1.0,0,90,4.72,1
276,front,gemma4:12b,4eb23ef187e2c5462566d6a1d3bbbc2f1346d0b4327cbb66d58fffbcc9b2b05c,20260801,16384,1.0,1.0,0.0,0.0,0,750,5.93,1
276,second,gemma4:12b,4eb23ef187e2c5462566d6a1d3bbbc2f1346d0b4327cbb66d58fffbcc9b2b05c,20260801,16384,0.5,0.0,0.0,1.0,0,272,5.28,1
276,third,gemma4:12b,4eb23ef187e2c5462566d6a1d3bbbc2f1346d0b4327cbb66d58fffbcc9b2b05c,20260801,16384,1.0,0.0,0.0,0.0,0,111,4.7,1
277,front,gemma4:12b,4eb23ef187e2c5462566d6a1d3bbbc2f1346d0b4327cbb66d58fffbcc9b2b05c,20260801,16384,0.0,0.0,0.0,1.0,0,72,4.32,1
277,second,gemma4:12b,4eb23ef187e2c5462566d6a1d3bbbc2f1346d0b4327cbb66d58fffbcc9b2b05c,20260801,16384,0.0,0.0,0.0,1.0,0,204,4.68,1
277,third,gemma4:12b,4eb23ef187e2c5462566d6a1d3bbbc2f1346d0b4327cbb66d58fffbcc9b2b05c,20260801,16384,1.0,0.0,0.0,1.0,0,83,4.44,1
278,front,gemma4:12b,4eb23ef187e2c5462566d6a1d3bbbc2f1346d0b4327cbb66d58fffbcc9b2b05c,20260801,16384,1.0,1.0,0.0,0.0,0,1112,6.7,1
278,second,gemma4:12b,4eb23ef187e2c5462566d6a1d3bbbc2f1346d0b4327cbb66d58fffbcc9b2b05c,20260801,16384,0.0,0.0,0.33,1.0,0,445,6.04,1
278,third,gemma4:12b,4eb23ef187e2c5462566d6a1d3bbbc2f1346d0b4327cbb66d58fffbcc9b2b05c,20260801,16384,0.0,0.0,0.0,1.0,0,82,4.73,1
279,front,gemma4:12b,4eb23ef187e2c5462566d6a1d3bbbc2f1346d0b4327cbb66d58fffbcc9b2b05c,20260801,16384,0.0,0.0,0.0,0.0,0,69,4.31,1
279,second,gemma4:12b,4eb23ef187e2c5462566d6a1d3bbbc2f1346d0b4327cbb66d58fffbcc9b2b05c,20260801,16384,0.0,0.0,0.5,0.0,0,224,4.67,1
279,third,gemma4:12b,4eb23ef187e2c5462566d6a1d3bbbc2f1346d0b4327cbb66d58fffbcc9b2b05c,20260801,16384,0.0,0.0,0.0,0.0,0,60,4.32,1
280,front,gemma4:12b,4eb23ef187e2c5462566d6a1d3bbbc2f1346d0b4327cbb66d58fffbcc9b2b05c,20260801,16384,1.0,0.0,0.0,0.0,0,855,6.9,1
280,second,gemma4:12b,4eb23ef187e2c5462566d6a1d3bbbc2f1346d0b4327cbb66d58fffbcc9b2b05c,20260801,16384,0.0,0.0,0.0,1.0,0,347,5.19,1
280,third,gemma4:12b,4eb23ef187e2c5462566d6a1d3bbbc2f1346d0b4327cbb66d58fffbcc9b2b05c,20260801,16384,0.0,0.0,0.0,1.0,0,103,4.74,1
281,front,gemma4:12b,4eb23ef187e2c5462566d6a1d3bbbc2f1346d0b4327cbb66d58fffbcc9b2b05c,20260801,16384,0.85,0.6,0.0,1.0,0,333,5.14,1
281,second,gemma4:12b,4eb23ef187e2c5462566d6a1d3bbbc2f1346d0b4327cbb66d58fffbcc9b2b05c,20260801,16384,1.0,1.0,0.0,0.0,0,272,5.31,1
281,third,gemma4:12b,4eb23ef187e2c5462566d6a1d3bbbc2f1346d0b4327cbb66d58fffbcc9b2b05c,20260801,16384,1.0,0.5,0.33,0.67,0,135,4.6,1
282,front,gemma4:12b,4eb23ef187e2c5462566d6a1d3bbbc2f1346d0b4327cbb66d58fffbcc9b2b05c,20260801,16384,0.0,0.0,0.0,1.0,0,60,4.69,1
282,second,gemma4:12b,4eb23ef187e2c5462566d6a1d3bbbc2f1346d0b4327cbb66d58fffbcc9b2b05c,20260801,16384,0.0,0.0,0.0,1.0,0,208,4.68,1
282,third,gemma4:12b,4eb23ef187e2c5462566d6a1d3bbbc2f1346d0b4327cbb66d58fffbcc9b2b05c,20260801,16384,0.0,0.0,0.0,0.0,0,79,4.71,1
283,front,gemma4:12b,4eb23ef187e2c5462566d6a1d3bbbc2f1346d0b4327cbb66d58fffbcc9b2b05c,20260801,16384,0.0,0.0,1.0,1.0,0,53,4.32,1
283,second,gemma4:12b,4eb23ef187e2c5462566d6a1d3bbbc2f1346d0b4327cbb66d58fffbcc9b2b05c,20260801,16384,0.0,0.0,0.0,1.0,0,140,4.72,1
283,third,gemma4:12b,4eb23ef187e2c5462566d6a1d3bbbc2f1346d0b4327cbb66d58fffbcc9b2b05c,20260801,16384,0.0,0.0,0.0,1.0,0,56,4.69,1
284,front,gemma4:12b,4eb23ef187e2c5462566d6a1d3bbbc2f1346d0b4327cbb66d58fffbcc9b2b05c,20260801,16384,0.0,0.0,0.0,1.0,0,63,4.69,1
284,second,gemma4:12b,4eb23ef187e2c5462566d6a1d3bbbc2f1346d0b4327cbb66d58fffbcc9b2b05c,20260801,16384,0.0,0.0,0.0,1.0,0,143,4.72,1
284,third,gemma4:12b,4eb23ef187e2c5462566d6a1d3bbbc2f1346d0b4327cbb66d58fffbcc9b2b05c,20260801,16384,0.0,0.0,0.0,1.0,0,61,4.31,1
285,front,gemma4:12b,4eb23ef187e2c5462566d6a1d3bbbc2f1346d0b4327cbb66d58fffbcc9b2b05c,20260801,16384,0.0,0.0,0.0,1.0,0,74,4.71,1
285,second,gemma4:12b,4eb23ef187e2c5462566d6a1d3bbbc2f1346d0b4327cbb66d58fffbcc9b2b05c,20260801,16384,0.0,0.0,0.0,1.0,0,231,5.27,1
285,third,gemma4:12b,4eb23ef187e2c5462566d6a1d3bbbc2f1346d0b4327cbb66d58fffbcc9b2b05c,20260801,16384,0.0,0.0,0.0,1.0,0,57,4.32,1
286,front,gemma4:12b,4eb23ef187e2c5462566d6a1d3bbbc2f1346d0b4327cbb66d58fffbcc9b2b05c,20260801,16384,0.0,0.0,0.0,1.0,0,75,4.72,1
286,second,gemma4:12b,4eb23ef187e2c5462566d6a1d3bbbc2f1346d0b4327cbb66d58fffbcc9b2b05c,20260801,16384,0.0,0.0,0.5,1.0,0,174,4.7,1
286,third,gemma4:12b,4eb23ef187e2c5462566d6a1d3bbbc2f1346d0b4327cbb66d58fffbcc9b2b05c,20260801,16384,0.0,0.0,0.0,1.0,0,74,4.7,1
287,front,gemma4:12b,4eb23ef187e2c5462566d6a1d3bbbc2f1346d0b4327cbb66d58fffbcc9b2b05c,20260801,16384,0.0,0.0,0.0,0.0,0,65,4.31,1
287,second,gemma4:12b,4eb23ef187e2c5462566d6a1d3bbbc2f1346d0b4327cbb66d58fffbcc9b2b05c,20260801,16384,0.0,0.0,0.0,0.0,0,184,4.7,1
287,third,gemma4:12b,4eb23ef187e2c5462566d6a1d3bbbc2f1346d0b4327cbb66d58fffbcc9b2b05c,20260801,16384,0.0,0.0,0.0,0.0,0,60,4.32,1
288,front,gemma4:12b,4eb23ef187e2c5462566d6a1d3bbbc2f1346d0b4327cbb66d58fffbcc9b2b05c,20260801,16384,0.0,0.0,0.0,1.0,0,65,4.3,1
288,second,gemma4:12b,4eb23ef187e2c5462566d6a1d3bbbc2f1346d0b4327cbb66d58fffbcc9b2b05c,20260801,16384,0.0,0.0,0.33,1.0,0,163,4.71,1
288,third,gemma4:12b,4eb23ef187e2c5462566d6a1d3bbbc2f1346d0b4327cbb66d58fffbcc9b2b05c,20260801,16384,0.0,0.0,0.0,1.0,0,60,4.32,1
289,front,gemma4:12b,4eb23ef187e2c5462566d6a1d3bbbc2f1346d0b4327cbb66d58fffbcc9b2b05c,20260801,16384,0.0,0.0,0.0,0.0,0,63,4.43,1
289,second,gemma4:12b,4eb23ef187e2c5462566d6a1d3bbbc2f1346d0b4327cbb66d58fffbcc9b2b05c,20260801,16384,0.0,0.0,0.0,0.0,0,225,4.68,1
289,third,gemma4:12b,4eb23ef187e2c5462566d6a1d3bbbc2f1346d0b4327cbb66d58fffbcc9b2b05c,20260801,16384,0.0,0.0,0.0,0.0,0,74,4.71,1
290,front,gemma4:12b,4eb23ef187e2c5462566d6a1d3bbbc2f1346d0b4327cbb66d58fffbcc9b2b05c,20260801,16384,0.0,0.0,0.0,1.0,0,74,4.7,1
290,second,gemma4:12b,4eb23ef187e2c5462566d6a1d3bbbc2f1346d0b4327cbb66d58fffbcc9b2b05c,20260801,16384,1.0,0.0,0.0,1.0,0,186,4.7,1
290,third,gemma4:12b,4eb23ef187e2c5462566d6a1d3bbbc2f1346d0b4327cbb66d58fffbcc9b2b05c,20260801,16384,1.0,0.0,0.0,1.0,0,72,4.08,1
291,front,gemma4:12b,4eb23ef187e2c5462566d6a1d3bbbc2f1346d0b4327cbb66d58fffbcc9b2b05c,20260801,16384,0.0,0.0,0.0,0.0,0,67,4.31,1
291,second,gemma4:12b,4eb23ef187e2c5462566d6a1d3bbbc2f1346d0b4327cbb66d58fffbcc9b2b05c,20260801,16384,0.0,0.0,0.0,0.0,0,170,4.72,1
291,third,gemma4:12b,4eb23ef187e2c5462566d6a1d3bbbc2f1346d0b4327cbb66d58fffbcc9b2b05c,20260801,16384,0.0,0.0,0.0,0.0,0,75,4.7,1
292,front,gemma4:12b,4eb23ef187e2c5462566d6a1d3bbbc2f1346d0b4327cbb66d58fffbcc9b2b05c,20260801,16384,1.0,0.4,0.0,0.0,0,747,7.02,1
292,second,gemma4:12b,4eb23ef187e2c5462566d6a1d3bbbc2f1346d0b4327cbb66d58fffbcc9b2b05c,20260801,16384,0.4,0.0,0.0,0.5,0,378,5.17,1
292,third,gemma4:12b,4eb23ef187e2c5462566d6a1d3bbbc2f1346d0b4327cbb66d58fffbcc9b2b05c,20260801,16384,0.33,0.0,0.0,0.5,0,138,4.72,1
293,front,gemma4:12b,4eb23ef187e2c5462566d6a1d3bbbc2f1346d0b4327cbb66d58fffbcc9b2b05c,20260801,16384,0.0,0.0,0.0,1.0,0,75,4.31,1
293,second,gemma4:12b,4eb23ef187e2c5462566d6a1d3bbbc2f1346d0b4327cbb66d58fffbcc9b2b05c,20260801,16384,0.0,0.0,0.0,1.0,0,206,4.7,1
293,third,gemma4:12b,4eb23ef187e2c5462566d6a1d3bbbc2f1346d0b4327cbb66d58fffbcc9b2b05c,20260801,16384,1.0,0.0,0.0,1.0,0,86,4.45,1
294,front,gemma4:12b,4eb23ef187e2c5462566d6a1d3bbbc2f1346d0b4327cbb66d58fffbcc9b2b05c,20260801,16384,1.0,0.8,0.0,0.0,0,761,6.23,1
294,second,gemma4:12b,4eb23ef187e2c5462566d6a1d3bbbc2f1346d0b4327cbb66d58fffbcc9b2b05c,20260801,16384,1.0,0.0,0.0,0.0,0,323,5.08,1
294,third,gemma4:12b,4eb23ef187e2c5462566d6a1d3bbbc2f1346d0b4327cbb66d58fffbcc9b2b05c,20260801,16384,0.0,0.0,0.5,1.0,0,104,4.73,1
295,front,gemma4:12b,4eb23ef187e2c5462566d6a1d3bbbc2f1346d0b4327cbb66d58fffbcc9b2b05c,20260801,16384,0.0,0.0,0.0,0.0,0,67,4.3,1
295,second,gemma4:12b,4eb23ef187e2c5462566d6a1d3bbbc2f1346d0b4327cbb66d58fffbcc9b2b05c,20260801,16384,0.0,0.0,0.0,0.0,0,182,4.71,1
295,third,gemma4:12b,4eb23ef187e2c5462566d6a1d3bbbc2f1346d0b4327cbb66d58fffbcc9b2b05c,20260801,16384,0.0,0.0,0.0,0.0,0,100,4.71,1
296,front,gemma4:12b,4eb23ef187e2c5462566d6a1d3bbbc2f1346d0b4327cbb66d58fffbcc9b2b05c,20260801,16384,1.0,0.0,0.0,0.0,0,858,6.87,1
296,second,gemma4:12b,4eb23ef187e2c5462566d6a1d3bbbc2f1346d0b4327cbb66d58fffbcc9b2b05c,20260801,16384,0.0,0.0,0.0,0.0,0,349,5.22,1
296,third,gemma4:12b,4eb23ef187e2c5462566d6a1d3bbbc2f1346d0b4327cbb66d58fffbcc9b2b05c,20260801,16384,0.0,0.0,0.0,1.0,0,105,4.73,1
297,front,gemma4:12b,4eb23ef187e2c5462566d6a1d3bbbc2f1346d0b4327cbb66d58fffbcc9b2b05c,20260801,16384,0.0,0.0,0.0,0.0,0,55,4.31,1
297,second,gemma4:12b,4eb23ef187e2c5462566d6a1d3bbbc2f1346d0b4327cbb66d58fffbcc9b2b05c,20260801,16384,0.0,0.0,0.0,0.0,0,151,4.72,1
297,third,gemma4:12b,4eb23ef187e2c5462566d6a1d3bbbc2f1346d0b4327cbb66d58fffbcc9b2b05c,20260801,16384,0.0,0.0,0.0,1.0,0,56,4.32,1
298,front,gemma4:12b,4eb23ef187e2c5462566d6a1d3bbbc2f1346d0b4327cbb66d58fffbcc9b2b05c,20260801,16384,0.0,0.0,0.0,1.0,0,58,4.69,1
298,second,gemma4:12b,4eb23ef187e2c5462566d6a1d3bbbc2f1346d0b4327cbb66d58fffbcc9b2b05c,20260801,16384,0.0,0.0,0.0,1.0,0,206,4.69,1
298,third,gemma4:12b,4eb23ef187e2c5462566d6a1d3bbbc2f1346d0b4327cbb66d58fffbcc9b2b05c,20260801,16384,0.0,0.0,0.0,0.0,0,76,4.7,1
299,front,gemma4:12b,4eb23ef187e2c5462566d6a1d3bbbc2f1346d0b4327cbb66d58fffbcc9b2b05c,20260801,16384,0.0,0.0,1.0,1.0,0,50,4.31,1
299,second,gemma4:12b,4eb23ef187e2c5462566d6a1d3bbbc2f1346d0b4327cbb66d58fffbcc9b2b05c,20260801,16384,0.0,0.0,0.33,1.0,0,137,4.71,1
299,third,gemma4:12b,4eb23ef187e2c5462566d6a1d3bbbc2f1346d0b4327cbb66d58fffbcc9b2b05c,20260801,16384,0.0,0.0,0.0,1.0,0,53,4.7,1
300,front,gemma4:12b,4eb23ef187e2c5462566d6a1d3bbbc2f1346d0b4327cbb66d58fffbcc9b2b05c,20260801,16384,0.0,0.0,0.0,1.0,0,60,4.7,1
300,second,gemma4:12b,4eb23ef187e2c5462566d6a1d3bbbc2f1346d0b4327cbb66d58fffbcc9b2b05c,20260801,16384,0.0,0.0,0.0,1.0,0,141,4.72,1
300,third,gemma4:12b,4eb23ef187e2c5462566d6a1d3bbbc2f1346d0b4327cbb66d58fffbcc9b2b05c,20260801,16384,1.0,0.0,0.0,1.0,0,58,4.07,1
301,front,gemma4:12b,4eb23ef187e2c5462566d6a1d3bbbc2f1346d0b4327cbb66d58fffbcc9b2b05c,20260801,16384,1.0,0.0,0.0,0.0,0,978,6.66,1
301,second,gemma4:12b,4eb23ef187e2c5462566d6a1d3bbbc2f1346d0b4327cbb66d58fffbcc9b2b05c,20260801,16384,0.0,0.0,0.33,1.0,0,267,5.32,1
301,third,gemma4:12b,4eb23ef187e2c5462566d6a1d3bbbc2f1346d0b4327cbb66d58fffbcc9b2b05c,20260801,16384,0.0,0.0,0.0,1.0,0,96,4.72,1
302,front,gemma4:12b,4eb23ef187e2c5462566d6a1d3bbbc2f1346d0b4327cbb66d58fffbcc9b2b05c,20260801,16384,1.0,1.0,0.0,0.0,0,843,6.51,1
302,second,gemma4:12b,4eb23ef187e2c5462566d6a1d3bbbc2f1346d0b4327cbb66d58fffbcc9b2b05c,20260801,16384,0.0,0.0,0.5,1.0,0,244,5.3,1
302,third,gemma4:12b,4eb23ef187e2c5462566d6a1d3bbbc2f1346d0b4327cbb66d58fffbcc9b2b05c,20260801,16384,0.0,0.0,0.0,1.0,0,63,4.7,1
303,front,gemma4:12b,4eb23ef187e2c5462566d6a1d3bbbc2f1346d0b4327cbb66d58fffbcc9b2b05c,20260801,16384,0.0,0.0,0.0,0.0,0,62,4.3,1
303,second,gemma4:12b,4eb23ef187e2c5462566d6a1d3bbbc2f1346d0b4327cbb66d58fffbcc9b2b05c,20260801,16384,0.0,0.0,0.0,1.0,0,181,4.72,1
303,third,gemma4:12b,4eb23ef187e2c5462566d6a1d3bbbc2f1346d0b4327cbb66d58fffbcc9b2b05c,20260801,16384,0.0,0.0,0.0,0.0,0,57,4.33,1
304,front,gemma4:12b,4eb23ef187e2c5462566d6a1d3bbbc2f1346d0b4327cbb66d58fffbcc9b2b05c,20260801,16384,1.0,1.0,0.0,0.0,0,957,6.66,1
304,second,gemma4:12b,4eb23ef187e2c5462566d6a1d3bbbc2f1346d0b4327cbb66d58fffbcc9b2b05c,20260801,16384,0.0,0.0,0.33,1.0,0,397,5.21,1
304,third,gemma4:12b,4eb23ef187e2c5462566d6a1d3bbbc2f1346d0b4327cbb66d58fffbcc9b2b05c,20260801,16384,0.0,0.0,0.0,1.0,0,58,4.32,1
305,front,gemma4:12b,4eb23ef187e2c5462566d6a1d3bbbc2f1346d0b4327cbb66d58fffbcc9b2b05c,20260801,16384,0.0,0.0,0.0,0.0,0,56,4.31,1
305,second,gemma4:12b,4eb23ef187e2c5462566d6a1d3bbbc2f1346d0b4327cbb66d58fffbcc9b2b05c,20260801,16384,0.0,0.0,0.0,0.0,0,131,4.72,1
305,third,gemma4:12b,4eb23ef187e2c5462566d6a1d3bbbc2f1346d0b4327cbb66d58fffbcc9b2b05c,20260801,16384,0.0,0.0,0.0,0.0,0,57,4.32,1
306,front,gemma4:12b,4eb23ef187e2c5462566d6a1d3bbbc2f1346d0b4327cbb66d58fffbcc9b2b05c,20260801,16384,0.0,0.0,0.0,1.0,0,66,4.32,1
306,second,gemma4:12b,4eb23ef187e2c5462566d6a1d3bbbc2f1346d0b4327cbb66d58fffbcc9b2b05c,20260801,16384,0.0,0.0,0.33,1.0,0,155,4.71,1
306,third,gemma4:12b,4eb23ef187e2c5462566d6a1d3bbbc2f1346d0b4327cbb66d58fffbcc9b2b05c,20260801,16384,0.0,0.0,0.0,1.0,0,60,4.33,1
307,front,gemma4:12b,4eb23ef187e2c5462566d6a1d3bbbc2f1346d0b4327cbb66d58fffbcc9b2b05c,20260801,16384,1.0,0.5,0.2,0.5,0,952,6.66,1
307,second,gemma4:12b,4eb23ef187e2c5462566d6a1d3bbbc2f1346d0b4327cbb66d58fffbcc9b2b05c,20260801,16384,0.0,0.0,0.33,1.0,0,322,5.83,1
307,third,gemma4:12b,4eb23ef187e2c5462566d6a1d3bbbc2f1346d0b4327cbb66d58fffbcc9b2b05c,20260801,16384,1.0,0.0,0.0,1.0,0,90,4.47,1
308,front,gemma4:12b,4eb23ef187e2c5462566d6a1d3bbbc2f1346d0b4327cbb66d58fffbcc9b2b05c,20260801,16384,1.0,0.8,0.0,0.0,0,749,6.02,1
308,second,gemma4:12b,4eb23ef187e2c5462566d6a1d3bbbc2f1346d0b4327cbb66d58fffbcc9b2b05c,20260801,16384,0.5,0.0,0.0,1.0,0,272,5.33,1
308,third,gemma4:12b,4eb23ef187e2c5462566d6a1d3bbbc2f1346d0b4327cbb66d58fffbcc9b2b05c,20260801,16384,1.0,0.0,0.0,0.0,0,110,4.76,1
309,front,gemma4:12b,4eb23ef187e2c5462566d6a1d3bbbc2f1346d0b4327cbb66d58fffbcc9b2b05c,20260801,16384,0.0,0.0,0.0,1.0,0,72,4.31,1
309,second,gemma4:12b,4eb23ef187e2c5462566d6a1d3bbbc2f1346d0b4327cbb66d58fffbcc9b2b05c,20260801,16384,0.0,0.0,0.0,1.0,0,203,4.68,1
309,third,gemma4:12b,4eb23ef187e2c5462566d6a1d3bbbc2f1346d0b4327cbb66d58fffbcc9b2b05c,20260801,16384,1.0,0.0,0.0,1.0,0,83,4.45,1
