promptid,stage,judge,digest,seed,num_ctx,FCD,FGR,FDF,ECS,clamped,approx_tokens,latency_s,attempts
0,front,qwen3:8b,500a1f067a9f782620b40bee6f7b0c89e17ae61f686b92c24933e4ca4b2b8b41,20260801,16384,0.75,0.85,0.1,0.5,0,825,6.97,1
0,second,qwen3:8b,500a1f067a9f782620b40bee6f7b0c89e17ae61f686b92c24933e4ca4b2b8b41,20260801,16384,0.67,0.5,0.0,0.5,0,283,2.4,1
0,third,qwen3:8b,500a1f067a9f782620b40bee6f7b0c89e17ae61f686b92c24933e4ca4b2b8b41,20260801,16384,0.75,0.25,0.0,0.5,0,126,2.23,1
1,front,qwen3:8b,500a1f067a9f782620b40bee6f7b0c89e17ae61f686b92c24933e4ca4b2b8b41,20260801,16384,0.75,0.67,0.0,0.5,0,598,2.94,1
1,second,qwen3:8b,500a1f067a9f782620b40bee6f7b0c89e17ae61f686b92c24933e4ca4b2b8b41,20260801,16384,0.75,0.67,0.0,0.5,0,362,2.44,1
1,third,qwen3:8b,500a1f067a9f782620b40bee6f7b0c89e17ae61f686b92c24933e4ca4b2b8b41,20260801,16384,0.75,0.5,0.0,0.5,0,167,2.18,1
2,front,qwen3:8b,500a1f067a9f782620b40bee6f7b0c89e17ae61f686b92c24933e4ca4b2b8b41,20260801,16384,0.75,0.83,0.0,0.5,0,859,3.55,1
2,second,qwen3:8b,500a1f067a9f782620b40bee6f7b0c89e17ae61f686b92c24933e4ca4b2b8b41,20260801,16384,0.75,0.5,0.0,0.5,0,286,2.42,1
2,third,qwen3:8b,500a1f067a9f782620b40bee6f7b0c89e17ae61f686b92c24933e4ca4b2b8b41,20260801,16384,0.75,0.5,0.0,0.5,0,137,2.21,1
3,front,qwen3:8b,500a1f067a9f782620b40bee6f7b0c89e17ae61f686b92c24933e4ca4b2b8b41,20260801,16384,0.75,0.85,0.1,0.5,0,945,3.88,1
3,second,qwen3:8b,500a1f067a9f782620b40bee6f7b0c89e17ae61f686b92c24933e4ca4b2b8b41,20260801,16384,0.75,0.75,0.0,0.5,0,317,2.36,1
3,third,qwen3:8b,500a1f067a9f782620b40bee6f7b0c89e17ae61f686b92c24933e4ca4b2b8b41,20260801,16384,0.67,0.75,0.0,0.5,0,132,2.12,1
4,front,qwen3:8b,500a1f067a9f782620b40bee6f7b0c89e17ae61f686b92c24933e4ca4b2b8b41,20260801,16384,0.75,0.5,0.0,0.5,0,768,3.41,1
4,second,qwen3:8b,500a1f067a9f782620b40bee6f7b0c89e17ae61f686b92c24933e4ca4b2b8b41,20260801,16384,0.67,0.33,0.0,0.5,0,355,2.43,1
4,third,qwen3:8b,500a1f067a9f782620b40bee6f7b0c89e17ae61f686b92c24933e4ca4b2b8b41,20260801,16384,0.75,0.25,0.0,0.5,0,122,2.2,1
5,front,qwen3:8b,500a1f067a9f782620b40bee6f7b0c89e17ae61f686b92c24933e4ca4b2b8b41,20260801,16384,0.75,0.6,0.0,0.5,0,796,3.31,1
5,second,qwen3:8b,500a1f067a9f782620b40bee6f7b0c89e17ae61f686b92c24933e4ca4b2b8b41,20260801,16384,0.67,0.5,0.0,0.5,0,291,2.41,1
5,third,qwen3:8b,500a1f067a9f782620b40bee6f7b0c89e17ae61f686b92c24933e4ca4b2b8b41,20260801,16384,0.5,0.5,0.0,0.5,0,110,2.02,1
6,front,qwen3:8b,500a1f067a9f782620b40bee6f7b0c89e17ae61f686b92c24933e4ca4b2b8b41,20260801,16384,0.75,0.75,0.0,0.5,0,949,3.83,1
6,second,qwen3:8b,500a1f067a9f782620b40bee6f7b0c89e17ae61f686b92c24933e4ca4b2b8b41,20260801,16384,0.67,0.33,0.0,0.5,0,358,2.48,1
6,third,qwen3:8b,500a1f067a9f782620b40bee6f7b0c89e17ae61f686b92c24933e4ca4b2b8b41,20260801,16384,0.75,0.5,0.0,0.5,0,154,2.22,1
7,front,qwen3:8b,500a1f067a9f782620b40bee6f7b0c89e17ae61f686b92c24933e4ca4b2b8b41,20260801,16384,0.85,0.75,0.0,0.5,0,1172,4.54,1
7,second,qwen3:8b,500a1f067a9f782620b40bee6f7b0c89e17ae61f686b92c24933e4ca4b2b8b41,20260801,16384,0.75,0.25,0.0,0.5,0,341,2.48,1
7,third,qwen3:8b,500a1f067a9f782620b40bee6f7b0c89e17ae61f686b92c24933e4ca4b2b8b41,20260801,16384,0.75,0.25,0.0,0.5,0,112,2.21,1
8,front,qwen3:8b,500a1f067a9f782620b40bee6f7b0c89e17ae61f686b92c24933e4ca4b2b8b41,20260801,16384,0.67,0.33,0.0,0.5,0,757,2.93,1
8,second,qwen3:8b,500a1f067a9f782620b40bee6f7b0c89e17ae61f686b92c24933e4ca4b2b8b41,20260801,16384,0.67,0.33,0.0,0.5,0,403,2.48,1
8,third,qwen3:8b,500a1f067a9f782620b40bee6f7b0c89e17ae61f686b92c24933e4ca4b2b8b41,20260801,16384,0.67,0.33,0.0,0.5,0,173,2.24,1
9,front,qwen3:8b,500a1f067a9f782620b40bee6f7b0c89e17ae61f686b92c24933e4ca4b2b8b41,20260801,16384,0.75,0.67,0.0,0.5,0,775,3.66,1
9,second,qwen3:8b,500a1f067a9f782620b40bee6f7b0c89e17ae61f686b92c24933e4ca4b2b8b41,20260801,16384,0.67,0.75,0.25,0.5,0,297,2.47,1
9,third,qwen3:8b,500a1f067a9f782620b40bee6f7b0c89e17ae61f686b92c24933e4ca4b2b8b41,20260801,16384,0.75,0.5,0.0,0.5,0,133,2.24,1
10,front,qwen3:8b,500a1f067a9f782620b40bee6f7b0c89e17ae61f686b92c24933e4ca4b2b8b41,20260801,16384,0.85,0.75,0.1,0.5,0,953,4.49,1
10,second,qwen3:8b,500a1f067a9f782620b40bee6f7b0c89e17ae61f686b92c24933e4ca4b2b8b41,20260801,16384,0.75,0.5,0.0,0.5,0,242,2.45,1
10,third,qwen3:8b,500a1f067a9f782620b40bee6f7b0c89e17ae61f686b92c24933e4ca4b2b8b41,20260801,16384,0.5,0.5,0.0,0.0,0,120,2.07,1
11,front,qwen3:8b,500a1f067a9f782620b40bee6f7b0c89e17ae61f686b92c24933e4ca4b2b8b41,20260801,16384,0.75,0.75,0.0,0.5,0,718,3.35,1
11,second,qwen3:8b,500a1f067a9f782620b40bee6f7b0c89e17ae61f686b92c24933e4ca4b2b8b41,20260801,16384,0.67,0.5,0.0,0.5,0,297,2.45,1
11,third,qwen3:8b,500a1f067a9f782620b40bee6f7b0c89e17ae61f686b92c24933e4ca4b2b8b41,20260801,16384,0.67,0.33,0.0,0.5,0,163,2.24,1
12,front,qwen3:8b,500a1f067a9f782620b40bee6f7b0c89e17ae61f686b92c24933e4ca4b2b8b41,20260801,16384,0.75,0.85,0.0,0.5,0,843,3.89,1
12,second,qwen3:8b,500a1f067a9f782620b40bee6f7b0c89e17ae61f686b92c24933e4ca4b2b8b41,20260801,16384,0.67,0.75,0.0,0.5,0,458,2.69,1
12,third,qwen3:8b,500a1f067a9f782620b40bee6f7b0c89e17ae61f686b92c24933e4ca4b2b8b41,20260801,16384,0.75,0.25,0.0,0.5,0,195,2.26,1
13,front,qwen3:8b,500a1f067a9f782620b40bee6f7b0c89e17ae61f686b92c24933e4ca4b2b8b41,20260801,16384,0.75,0.67,0.0,0.5,0,526,2.94,1
13,second,qwen3:8b,500a1f067a9f782620b40bee6f7b0c89e17ae61f686b92c24933e4ca4b2b8b41,20260801,16384,0.67,0.5,0.0,0.5,0,382,2.63,1
13,third,qwen3:8b,500a1f067a9f782620b40bee6f7b0c89e17ae61f686b92c24933e4ca4b2b8b41,20260801,16384,0.75,0.5,0.0,0.5,0,200,2.4,1
14,front,qwen3:8b,500a1f067a9f782620b40bee6f7b0c89e17ae61f686b92c24933e4ca4b2b8b41,20260801,16384,0.0,0.0,0.0,0.5,0,73,2.22,1
14,second,qwen3:8b,500a1f067a9f782620b40bee6f7b0c89e17ae61f686b92c24933e4ca4b2b8b41,20260801,16384,0.25,0.25,0.5,0.5,0,231,2.42,1
14,third,qwen3:8b,500a1f067a9f782620b40bee6f7b0c89e17ae61f686b92c24933e4ca4b2b8b41,20260801,16384,0.5,0.0,0.0,1.0,0,62,2.04,1
15,front,qwen3:8b,500a1f067a9f782620b40bee6f7b0c89e17ae61f686b92c24933e4ca4b2b8b41,20260801,16384,0.75,0.75,0.25,0.75,0,658,2.94,1
15,second,qwen3:8b,500a1f067a9f782620b40bee6f7b0c89e17ae61f686b92c24933e4ca4b2b8b41,20260801,16384,0.4,0.3,0.0,0.5,0,366,2.46,1
15,third,qwen3:8b,500a1f067a9f782620b40bee6f7b0c89e17ae61f686b92c24933e4ca4b2b8b41,20260801,16384,0.75,0.25,0.0,0.5,0,123,2.23,1
16,front,qwen3:8b,500a1f067a9f782620b40bee6f7b0c89e17ae61f686b92c24933e4ca4b2b8b41,20260801,16384,0.75,0.75,0.25,0.75,0,350,2.65,1
16,second,qwen3:8b,500a1f067a9f782620b40bee6f7b0c89e17ae61f686b92c24933e4ca4b2b8b41,20260801,16384,0.67,0.5,0.0,0.5,0,326,2.45,1
16,third,qwen3:8b,500a1f067a9f782620b40bee6f7b0c89e17ae61f686b92c24933e4ca4b2b8b41,20260801,16384,0.75,0.5,0.0,0.5,0,139,2.24,1
17,front,qwen3:8b,500a1f067a9f782620b40bee6f7b0c89e17ae61f686b92c24933e4ca4b2b8b41,20260801,16384,0.75,0.25,0.0,0.5,0,610,2.94,1
17,second,qwen3:8b,500a1f067a9f782620b40bee6f7b0c89e17ae61f686b92c24933e4ca4b2b8b41,20260801,16384,0.67,0.33,0.0,0.5,0,414,2.62,1
17,third,qwen3:8b,500a1f067a9f782620b40bee6f7b0c89e17ae61f686b92c24933e4ca4b2b8b41,20260801,16384,0.75,0.25,0.0,0.5,0,150,2.27,1
18,front,qwen3:8b,500a1f067a9f782620b40bee6f7b0c89e17ae61f686b92c24933e4ca4b2b8b41,20260801,16384,0.75,0.75,0.25,0.5,0,751,3.26,1
18,second,qwen3:8b,500a1f067a9f782620b40bee6f7b0c89e17ae61f686b92c24933e4ca4b2b8b41,20260801,16384,0.67,0.75,0.0,0.5,0,368,2.63,1
18,third,qwen3:8b,500a1f067a9f782620b40bee6f7b0c89e17ae61f686b92c24933e4ca4b2b8b41,20260801,16384,0.83,0.5,0.0,0.5,0,136,2.25,1
19,front,qwen3:8b,500a1f067a9f782620b40bee6f7b0c89e17ae61f686b92c24933e4ca4b2b8b41,20260801,16384,0.83,0.25,0.0,0.0,0,296,2.62,1
19,second,qwen3:8b,500a1f067a9f782620b40bee6f7b0c89e17ae61f686b92c24933e4ca4b2b8b41,20260801,16384,1.0,0.5,0.0,0.5,0,249,2.44,1
19,third,qwen3:8b,500a1f067a9f782620b40bee6f7b0c89e17ae61f686b92c24933e4ca4b2b8b41,20260801,16384,0.75,0.25,0.0,0.0,0,148,2.24,1
20,front,qwen3:8b,500a1f067a9f782620b40bee6f7b0c89e17ae61f686b92c24933e4ca4b2b8b41,20260801,16384,0.75,0.67,0.25,0.75,0,421,2.65,1
20,second,qwen3:8b,500a1f067a9f782620b40bee6f7b0c89e17ae61f686b92c24933e4ca4b2b8b41,20260801,16384,0.75,0.25,0.0,0.5,0,250,2.4,1
20,third,qwen3:8b,500a1f067a9f782620b40bee6f7b0c89e17ae61f686b92c24933e4ca4b2b8b41,20260801,16384,0.75,0.25,0.0,0.5,0,154,2.23,1
21,front,qwen3:8b,500a1f067a9f782620b40bee6f7b0c89e17ae61f686b92c24933e4ca4b2b8b41,20260801,16384,0.75,0.75,0.25,0.75,0,619,2.93,1
21,second,qwen3:8b,500a1f067a9f782620b40bee6f7b0c89e17ae61f686b92c24933e4ca4b2b8b41,20260801,16384,0.33,0.25,0.0,0.5,0,279,2.43,1
21,third,qwen3:8b,500a1f067a9f782620b40bee6f7b0c89e17ae61f686b92c24933e4ca4b2b8b41,20260801,16384,0.67,0.33,0.0,0.5,0,168,2.23,1
22,front,qwen3:8b,500a1f067a9f782620b40bee6f7b0c89e17ae61f686b92c24933e4ca4b2b8b41,20260801,16384,0.75,0.5,0.25,0.75,0,507,2.65,1
22,second,qwen3:8b,500a1f067a9f782620b40bee6f7b0c89e17ae61f686b92c24933e4ca4b2b8b41,20260801,16384,0.75,0.5,0.0,0.75,0,356,2.45,1
22,third,qwen3:8b,500a1f067a9f782620b40bee6f7b0c89e17ae61f686b92c24933e4ca4b2b8b41,20260801,16384,0.75,0.5,0.0,0.75,0,196,2.25,1
23,front,qwen3:8b,500a1f067a9f782620b40bee6f7b0c89e17ae61f686b92c24933e4ca4b2b8b41,20260801,16384,0.75,0.5,0.25,0.75,0,294,2.45,1
23,second,qwen3:8b,500a1f067a9f782620b40bee6f7b0c89e17ae61f686b92c24933e4ca4b2b8b41,20260801,16384,0.75,0.5,0.25,1.0,0,256,2.4,1
23,third,qwen3:8b,500a1f067a9f782620b40bee6f7b0c89e17ae61f686b92c24933e4ca4b2b8b41,20260801,16384,0.75,0.5,0.0,0.5,0,146,2.22,1
24,front,qwen3:8b,500a1f067a9f782620b40bee6f7b0c89e17ae61f686b92c24933e4ca4b2b8b41,20260801,16384,0.67,0.75,0.25,0.75,0,713,3.33,1
24,second,qwen3:8b,500a1f067a9f782620b40bee6f7b0c89e17ae61f686b92c24933e4ca4b2b8b41,20260801,16384,0.33,0.25,0.0,0.5,0,293,2.43,1
24,third,qwen3:8b,500a1f067a9f782620b40bee6f7b0c89e17ae61f686b92c24933e4ca4b2b8b41,20260801,16384,0.5,0.25,0.25,0.5,0,158,2.13,1
25,front,qwen3:8b,500a1f067a9f782620b40bee6f7b0c89e17ae61f686b92c24933e4ca4b2b8b41,20260801,16384,0.75,0.85,0.25,0.5,0,838,3.88,1
25,second,qwen3:8b,500a1f067a9f782620b40bee6f7b0c89e17ae61f686b92c24933e4ca4b2b8b41,20260801,16384,0.67,0.75,0.0,0.5,0,453,2.67,1
25,third,qwen3:8b,500a1f067a9f782620b40bee6f7b0c89e17ae61f686b92c24933e4ca4b2b8b41,20260801,16384,0.75,0.25,0.0,0.5,0,190,2.25,1
26,front,qwen3:8b,500a1f067a9f782620b40bee6f7b0c89e17ae61f686b92c24933e4ca4b2b8b41,20260801,16384,0.75,0.75,0.0,0.5,0,822,3.59,1
26,second,qwen3:8b,500a1f067a9f782620b40bee6f7b0c89e17ae61f686b92c24933e4ca4b2b8b41,20260801,16384,0.67,0.5,0.0,0.5,0,280,2.47,1
26,third,qwen3:8b,500a1f067a9f782620b40bee6f7b0c89e17ae61f686b92c24933e4ca4b2b8b41,20260801,16384,0.75,0.25,0.0,0.5,0,123,2.22,1
27,front,qwen3:8b,500a1f067a9f782620b40bee6f7b0c89e17ae61f686b92c24933e4ca4b2b8b41,20260801,16384,0.75,0.75,0.0,0.5,0,595,2.93,1
27,second,qwen3:8b,500a1f067a9f782620b40bee6f7b0c89e17ae61f686b92c24933e4ca4b2b8b41,20260801,16384,0.75,0.5,0.0,0.5,0,359,2.45,1
27,third,qwen3:8b,500a1f067a9f782620b40bee6f7b0c89e17ae61f686b92c24933e4ca4b2b8b41,20260801,16384,0.75,0.5,0.0,0.5,0,164,2.24,1
28,front,qwen3:8b,500a1f067a9f782620b40bee6f7b0c89e17ae61f686b92c24933e4ca4b2b8b41,20260801,16384,0.75,0.85,0.0,0.5,0,856,3.57,1
28,second,qwen3:8b,500a1f067a9f782620b40bee6f7b0c89e17ae61f686b92c24933e4ca4b2b8b41,20260801,16384,0.75,0.5,0.0,0.5,0,283,2.44,1
28,third,qwen3:8b,500a1f067a9f782620b40bee6f7b0c89e17ae61f686b92c24933e4ca4b2b8b41,20260801,16384,0.75,0.5,0.0,0.5,0,134,2.22,1
29,front,qwen3:8b,500a1f067a9f782620b40bee6f7b0c89e17ae61f686b92c24933e4ca4b2b8b41,20260801,16384,0.75,0.85,0.0,0.5,0,942,3.89,1
29,second,qwen3:8b,500a1f067a9f782620b40bee6f7b0c89e17ae61f686b92c24933e4ca4b2b8b41,20260801,16384,0.75,0.75,0.0,0.5,0,314,2.46,1
29,third,qwen3:8b,500a1f067a9f782620b40bee6f7b0c89e17ae61f686b92c24933e4ca4b2b8b41,20260801,16384,0.75,0.75,0.0,0.5,0,129,2.23,1
30,front,qwen3:8b,500a1f067a9f782620b40bee6f7b0c89e17ae61f686b92c24933e4ca4b2b8b41,20260801,16384,0.75,0.5,0.0,0.5,0,765,3.29,1
30,second,qwen3:8b,500a1f067a9f782620b40bee6f7b0c89e17ae61f686b92c24933e4ca4b2b8b41,20260801,16384,0.67,0.33,0.0,0.5,0,352,2.44,1
30,third,qwen3:8b,500a1f067a9f782620b40bee6f7b0c89e17ae61f686b92c24933e4ca4b2b8b41,20260801,16384,0.75,0.25,0.0,0.5,0,119,2.2,1
31,front,qwen3:8b,500a1f067a9f782620b40bee6f7b0c89e17ae61f686b92c24933e4ca4b2b8b41,20260801,16384,0.75,0.67,0.0,0.5,0,793,3.31,1
31,second,qwen3:8b,500a1f067a9f782620b40bee6f7b0c89e17ae61f686b92c24933e4ca4b2b8b41,20260801,16384,0.67,0.5,0.0,0.5,0,288,2.43,1
31,third,qwen3:8b,500a1f067a9f782620b40bee6f7b0c89e17ae61f686b92c24933e4ca4b2b8b41,20260801,16384,0.5,0.5,0.0,0.5,0,107,2.03,1
32,front,qwen3:8b,500a1f067a9f782620b40bee6f7b0c89e17ae61f686b92c24933e4ca4b2b8b41,20260801,16384,0.75,0.75,0.0,0.5,0,946,3.84,1
32,second,qwen3:8b,500a1f067a9f782620b40bee6f7b0c89e17ae61f686b92c24933e4ca4b2b8b41,20260801,16384,0.67,0.33,0.0,0.5,0,355,2.49,1
32,third,qwen3:8b,500a1f067a9f782620b40bee6f7b0c89e17ae61f686b92c24933e4ca4b2b8b41,20260801,16384,0.67,0.33,0.0,0.5,0,151,2.22,1
33,front,qwen3:8b,500a1f067a9f782620b40bee6f7b0c89e17ae61f686b92c24933e4ca4b2b8b41,20260801,16384,0.75,0.85,0.0,0.25,0,1169,4.56,1
33,second,qwen3:8b,500a1f067a9f782620b40bee6f7b0c89e17ae61f686b92c24933e4ca4b2b8b41,20260801,16384,0.75,0.25,0.0,0.5,0,338,2.48,1
33,third,qwen3:8b,500a1f067a9f782620b40bee6f7b0c89e17ae61f686b92c24933e4ca4b2b8b41,20260801,16384,0.75,0.25,0.0,0.5,0,109,2.21,1
34,front,qwen3:8b,500a1f067a9f782620b40bee6f7b0c89e17ae61f686b92c24933e4ca4b2b8b41,20260801,16384,0.67,0.33,0.0,0.5,0,754,2.93,1
34,second,qwen3:8b,500a1f067a9f782620b40bee6f7b0c89e17ae61f686b92c24933e4ca4b2b8b41,20260801,16384,0.67,0.33,0.0,0.5,0,400,2.47,1
34,third,qwen3:8b,500a1f067a9f782620b40bee6f7b0c89e17ae61f686b92c24933e4ca4b2b8b41,20260801,16384,0.67,0.33,0.0,0.5,0,170,2.22,1
35,front,qwen3:8b,500a1f067a9f782620b40bee6f7b0c89e17ae61f686b92c24933e4ca4b2b8b41,20260801,16384,0.75,0.67,0.0,0.5,0,772,3.63,1
35,second,qwen3:8b,500a1f067a9f782620b40bee6f7b0c89e17ae61f686b92c24933e4ca4b2b8b41,20260801,16384,0.67,0.75,0.0,0.5,0,294,2.46,1
35,third,qwen3:8b,500a1f067a9f782620b40bee6f7b0c89e17ae61f686b92c24933e4ca4b2b8b41,20260801,16384,0.75,0.5,0.0,0.0,0,130,2.22,1
36,front,qwen3:8b,500a1f067a9f782620b40bee6f7b0c89e17ae61f686b92c24933e4ca4b2b8b41,20260801,16384,0.83,0.75,0.0,0.5,0,950,4.43,1
36,second,qwen3:8b,500a1f067a9f782620b40bee6f7b0c89e17ae61f686b92c24933e4ca4b2b8b41,20260801,16384,0.75,0.5,0.0,0.0,0,239,2.42,1
36,third,qwen3:8b,500a1f067a9f782620b40bee6f7b0c89e17ae61f686b92c24933e4ca4b2b8b41,20260801,16384,0.5,0.5,0.0,0.0,0,117,2.03,1
37,front,qwen3:8b,500a1f067a9f782620b40bee6f7b0c89e17ae61f686b92c24933e4ca4b2b8b41,20260801,16384,0.67,0.75,0.0,0.5,0,715,3.32,1
37,second,qwen3:8b,500a1f067a9f782620b40bee6f7b0c89e17ae61f686b92c24933e4ca4b2b8b41,20260801,16384,0.33,0.25,0.0,0.5,0,294,2.43,1
37,third,qwen3:8b,500a1f067a9f782620b40bee6f7b0c89e17ae61f686b92c24933e4ca4b2b8b41,20260801,16384,0.5,0.25,0.0,0.5,0,160,2.08,1
38,front,qwen3:8b,500a1f067a9f782620b40bee6f7b0c89e17ae61f686b92c24933e4ca4b2b8b41,20260801,16384,0.85,0.9,0.1,0.5,0,840,3.85,1
38,second,qwen3:8b,500a1f067a9f782620b40bee6f7b0c89e17ae61f686b92c24933e4ca4b2b8b41,20260801,16384,0.67,0.75,0.0,0.5,0,455,2.66,1
38,third,qwen3:8b,500a1f067a9f782620b40bee6f7b0c89e17ae61f686b92c24933e4ca4b2b8b41,20260801,16384,0.75,0.25,0.0,0.5,0,192,2.25,1
39,front,qwen3:8b,500a1f067a9f782620b40bee6f7b0c89e17ae61f686b92c24933e4ca4b2b8b41,20260801,16384,0.75,0.25,0.0,0.5,0,390,2.59,1
39,second,qwen3:8b,500a1f067a9f782620b40bee6f7b0c89e17ae61f686b92c24933e4ca4b2b8b41,20260801,16384,0.33,0.25,0.0,0.5,0,347,2.43,1
39,third,qwen3:8b,500a1f067a9f782620b40bee6f7b0c89e17ae61f686b92c24933e4ca4b2b8b41,20260801,16384,0.5,0.0,0.0,0.0,0,116,2.03,1
40,front,qwen3:8b,500a1f067a9f782620b40bee6f7b0c89e17ae61f686b92c24933e4ca4b2b8b41,20260801,16384,0.75,0.5,0.0,0.5,0,643,2.93,1
40,second,qwen3:8b,500a1f067a9f782620b40bee6f7b0c89e17ae61f686b92c24933e4ca4b2b8b41,20260801,16384,0.75,0.25,0.0,0.5,0,335,2.43,1
40,third,qwen3:8b,500a1f067a9f782620b40bee6f7b0c89e17ae61f686b92c24933e4ca4b2b8b41,20260801,16384,0.5,0.0,0.0,0.5,0,148,2.05,1
41,front,qwen3:8b,500a1f067a9f782620b40bee6f7b0c89e17ae61f686b92c24933e4ca4b2b8b41,20260801,16384,0.75,0.75,0.0,0.5,0,856,3.52,1
41,second,qwen3:8b,500a1f067a9f782620b40bee6f7b0c89e17ae61f686b92c24933e4ca4b2b8b41,20260801,16384,0.75,0.5,0.0,0.5,0,284,2.44,1
41,third,qwen3:8b,500a1f067a9f782620b40bee6f7b0c89e17ae61f686b92c24933e4ca4b2b8b41,20260801,16384,0.75,0.5,0.0,0.5,0,135,2.26,1
42,front,qwen3:8b,500a1f067a9f782620b40bee6f7b0c89e17ae61f686b92c24933e4ca4b2b8b41,20260801,16384,0.75,0.5,0.0,0.0,0,497,2.65,1
42,second,qwen3:8b,500a1f067a9f782620b40bee6f7b0c89e17ae61f686b92c24933e4ca4b2b8b41,20260801,16384,0.67,0.33,0.0,0.5,0,361,2.43,1
42,third,qwen3:8b,500a1f067a9f782620b40bee6f7b0c89e17ae61f686b92c24933e4ca4b2b8b41,20260801,16384,0.75,0.25,0.0,0.5,0,129,2.2,1
43,front,qwen3:8b,500a1f067a9f782620b40bee6f7b0c89e17ae61f686b92c24933e4ca4b2b8b41,20260801,16384,0.75,0.25,0.0,0.5,0,377,2.61,1
43,second,qwen3:8b,500a1f067a9f782620b40bee6f7b0c89e17ae61f686b92c24933e4ca4b2b8b41,20260801,16384,0.75,0.25,0.0,0.5,0,251,2.38,1
43,third,qwen3:8b,500a1f067a9f782620b40bee6f7b0c89e17ae61f686b92c24933e4ca4b2b8b41,20260801,16384,0.75,0.0,0.0,0.5,0,102,2.19,1
44,front,qwen3:8b,500a1f067a9f782620b40bee6f7b0c89e17ae61f686b92c24933e4ca4b2b8b41,20260801,16384,0.75,0.25,0.0,0.5,0,794,3.32,1
44,second,qwen3:8b,500a1f067a9f782620b40bee6f7b0c89e17ae61f686b92c24933e4ca4b2b8b41,20260801,16384,0.67,0.33,0.0,0.5,0,289,2.43,1
44,third,qwen3:8b,500a1f067a9f782620b40bee6f7b0c89e17ae61f686b92c24933e4ca4b2b8b41,20260801,16384,0.5,0.0,0.0,0.5,0,108,2.02,1
45,front,qwen3:8b,500a1f067a9f782620b40bee6f7b0c89e17ae61f686b92c24933e4ca4b2b8b41,20260801,16384,0.75,0.25,0.0,0.5,0,394,2.6,1
45,second,qwen3:8b,500a1f067a9f782620b40bee6f7b0c89e17ae61f686b92c24933e4ca4b2b8b41,20260801,16384,0.5,0.25,0.0,0.5,0,270,2.27,1
45,third,qwen3:8b,500a1f067a9f782620b40bee6f7b0c89e17ae61f686b92c24933e4ca4b2b8b41,20260801,16384,0.5,0.25,0.0,0.5,0,156,2.08,1
46,front,qwen3:8b,500a1f067a9f782620b40bee6f7b0c89e17ae61f686b92c24933e4ca4b2b8b41,20260801,16384,0.75,0.25,0.0,0.5,0,426,2.62,1
46,second,qwen3:8b,500a1f067a9f782620b40bee6f7b0c89e17ae61f686b92c24933e4ca4b2b8b41,20260801,16384,0.75,0.25,0.0,0.5,0,259,2.39,1
46,third,qwen3:8b,500a1f067a9f782620b40bee6f7b0c89e17ae61f686b92c24933e4ca4b2b8b41,20260801,16384,0.75,0.0,0.0,0.5,0,140,2.22,1
47,front,qwen3:8b,500a1f067a9f782620b40bee6f7b0c89e17ae61f686b92c24933e4ca4b2b8b41,20260801,16384,0.67,0.25,0.0,0.5,0,564,2.89,1
47,second,qwen3:8b,500a1f067a9f782620b40bee6f7b0c89e17ae61f686b92c24933e4ca4b2b8b41,20260801,16384,0.67,0.33,0.0,0.5,0,250,2.38,1
47,third,qwen3:8b,500a1f067a9f782620b40bee6f7b0c89e17ae61f686b92c24933e4ca4b2b8b41,20260801,16384,0.5,0.0,0.0,0.5,0,118,2.03,1
48,front,qwen3:8b,500a1f067a9f782620b40bee6f7b0c89e17ae61f686b92c24933e4ca4b2b8b41,20260801,16384,0.75,0.25,0.0,0.0,0,534,2.65,1
48,second,qwen3:8b,500a1f067a9f782620b40bee6f7b0c89e17ae61f686b92c24933e4ca4b2b8b41,20260801,16384,0.75,0.25,0.0,0.5,0,263,2.41,1
48,third,qwen3:8b,500a1f067a9f782620b40bee6f7b0c89e17ae61f686b92c24933e4ca4b2b8b41,20260801,16384,0.75,0.25,0.0,0.0,0,117,2.2,1
49,front,qwen3:8b,500a1f067a9f782620b40bee6f7b0c89e17ae61f686b92c24933e4ca4b2b8b41,20260801,16384,0.75,0.25,0.0,0.5,0,511,2.67,1
49,second,qwen3:8b,500a1f067a9f782620b40bee6f7b0c89e17ae61f686b92c24933e4ca4b2b8b41,20260801,16384,0.75,0.25,0.0,0.5,0,231,2.37,1
49,third,qwen3:8b,500a1f067a9f782620b40bee6f7b0c89e17ae61f686b92c24933e4ca4b2b8b41,20260801,16384,0.5,0.5,0.0,0.0,0,117,2.04,1
50,front,qwen3:8b,500a1f067a9f782620b40bee6f7b0c89e17ae61f686b92c24933e4ca4b2b8b41,20260801,16384,0.67,0.75,0.0,0.5,0,715,3.29,1
50,second,qwen3:8b,500a1f067a9f782620b40bee6f7b0c89e17ae61f686b92c24933e4ca4b2b8b41,20260801,16384,0.33,0.25,0.0,0.5,0,295,2.41,1
50,third,qwen3:8b,500a1f067a9f782620b40bee6f7b0c89e17ae61f686b92c24933e4ca4b2b8b41,20260801,16384,0.75,0.25,0.0,0.5,0,161,2.21,1
51,front,qwen3:8b,500a1f067a9f782620b40bee6f7b0c89e17ae61f686b92c24933e4ca4b2b8b41,20260801,16384,0.75,0.25,0.0,0.5,0,476,2.64,1
51,second,qwen3:8b,500a1f067a9f782620b40bee6f7b0c89e17ae61f686b92c24933e4ca4b2b8b41,20260801,16384,0.67,0.33,0.0,0.5,0,302,2.4,1
51,third,qwen3:8b,500a1f067a9f782620b40bee6f7b0c89e17ae61f686b92c24933e4ca4b2b8b41,20260801,16384,0.75,0.25,0.0,0.5,0,108,2.2,1
52,front,qwen3:8b,500a1f067a9f782620b40bee6f7b0c89e17ae61f686b92c24933e4ca4b2b8b41,20260801,16384,0.75,0.85,0.1,0.5,0,823,3.57,1
52,second,qwen3:8b,500a1f067a9f782620b40bee6f7b0c89e17ae61f686b92c24933e4ca4b2b8b41,20260801,16384,0.67,0.33,0.0,0.5,0,281,2.42,1
52,third,qwen3:8b,500a1f067a9f782620b40bee6f7b0c89e17ae61f686b92c24933e4ca4b2b8b41,20260801,16384,0.75,0.25,0.0,0.5,0,125,2.2,1
53,front,qwen3:8b,500a1f067a9f782620b40bee6f7b0c89e17ae61f686b92c24933e4ca4b2b8b41,20260801,16384,0.75,0.67,0.0,0.5,0,596,2.91,1
53,second,qwen3:8b,500a1f067a9f782620b40bee6f7b0c89e17ae61f686b92c24933e4ca4b2b8b41,20260801,16384,0.75,0.67,0.0,0.5,0,360,2.43,1
53,third,qwen3:8b,500a1f067a9f782620b40bee6f7b0c89e17ae61f686b92c24933e4ca4b2b8b41,20260801,16384,0.75,0.5,0.0,0.5,0,165,2.21,1
54,front,qwen3:8b,500a1f067a9f782620b40bee6f7b0c89e17ae61f686b92c24933e4ca4b2b8b41,20260801,16384,0.75,0.75,0.0,0.5,0,857,3.52,1
54,second,qwen3:8b,500a1f067a9f782620b40bee6f7b0c89e17ae61f686b92c24933e4ca4b2b8b41,20260801,16384,0.75,0.5,0.0,0.5,0,285,2.42,1
54,third,qwen3:8b,500a1f067a9f782620b40bee6f7b0c89e17ae61f686b92c24933e4ca4b2b8b41,20260801,16384,0.75,0.5,0.0,0.5,0,135,2.21,1
55,front,qwen3:8b,500a1f067a9f782620b40bee6f7b0c89e17ae61f686b92c24933e4ca4b2b8b41,20260801,16384,0.75,0.85,0.0,0.5,0,943,3.85,1
55,second,qwen3:8b,500a1f067a9f782620b40bee6f7b0c89e17ae61f686b92c24933e4ca4b2b8b41,20260801,16384,0.75,0.75,0.0,0.5,0,315,2.47,1
55,third,qwen3:8b,500a1f067a9f782620b40bee6f7b0c89e17ae61f686b92c24933e4ca4b2b8b41,20260801,16384,0.75,0.75,0.0,0.5,0,130,2.21,1
56,front,qwen3:8b,500a1f067a9f782620b40bee6f7b0c89e17ae61f686b92c24933e4ca4b2b8b41,20260801,16384,0.75,0.5,0.0,0.25,0,767,3.21,1
56,second,qwen3:8b,500a1f067a9f782620b40bee6f7b0c89e17ae61f686b92c24933e4ca4b2b8b41,20260801,16384,0.67,0.33,0.0,0.5,0,353,2.46,1
56,third,qwen3:8b,500a1f067a9f782620b40bee6f7b0c89e17ae61f686b92c24933e4ca4b2b8b41,20260801,16384,0.75,0.25,0.0,0.5,0,121,2.21,1
57,front,qwen3:8b,500a1f067a9f782620b40bee6f7b0c89e17ae61f686b92c24933e4ca4b2b8b41,20260801,16384,0.75,0.5,0.0,0.5,0,794,3.17,1
57,second,qwen3:8b,500a1f067a9f782620b40bee6f7b0c89e17ae61f686b92c24933e4ca4b2b8b41,20260801,16384,0.67,0.5,0.0,0.5,0,289,2.41,1
57,third,qwen3:8b,500a1f067a9f782620b40bee6f7b0c89e17ae61f686b92c24933e4ca4b2b8b41,20260801,16384,0.75,0.25,0.0,0.5,0,109,2.19,1
58,front,qwen3:8b,500a1f067a9f782620b40bee6f7b0c89e17ae61f686b92c24933e4ca4b2b8b41,20260801,16384,0.75,0.75,0.0,0.5,0,947,3.79,1
58,second,qwen3:8b,500a1f067a9f782620b40bee6f7b0c89e17ae61f686b92c24933e4ca4b2b8b41,20260801,16384,0.67,0.33,0.0,0.5,0,356,2.46,1
58,third,qwen3:8b,500a1f067a9f782620b40bee6f7b0c89e17ae61f686b92c24933e4ca4b2b8b41,20260801,16384,0.75,0.5,0.0,0.5,0,152,2.2,1
59,front,qwen3:8b,500a1f067a9f782620b40bee6f7b0c89e17ae61f686b92c24933e4ca4b2b8b41,20260801,16384,0.85,0.75,0.0,0.5,0,1170,4.5,1
59,second,qwen3:8b,500a1f067a9f782620b40bee6f7b0c89e17ae61f686b92c24933e4ca4b2b8b41,20260801,16384,0.75,0.25,0.0,0.5,0,339,2.47,1
59,third,qwen3:8b,500a1f067a9f782620b40bee6f7b0c89e17ae61f686b92c24933e4ca4b2b8b41,20260801,16384,0.75,0.25,0.0,0.5,0,110,2.19,1
60,front,qwen3:8b,500a1f067a9f782620b40bee6f7b0c89e17ae61f686b92c24933e4ca4b2b8b41,20260801,16384,0.67,0.33,0.0,0.5,0,755,2.89,1
60,second,qwen3:8b,500a1f067a9f782620b40bee6f7b0c89e17ae61f686b92c24933e4ca4b2b8b41,20260801,16384,0.67,0.33,0.0,0.5,0,401,2.45,1
60,third,qwen3:8b,500a1f067a9f782620b40bee6f7b0c89e17ae61f686b92c24933e4ca4b2b8b41,20260801,16384,0.67,0.33,0.0,0.5,0,171,2.21,1
61,front,qwen3:8b,500a1f067a9f782620b40bee6f7b0c89e17ae61f686b92c24933e4ca4b2b8b41,20260801,16384,0.75,0.67,0.0,0.5,0,773,3.6,1
61,second,qwen3:8b,500a1f067a9f782620b40bee6f7b0c89e17ae61f686b92c24933e4ca4b2b8b41,20260801,16384,0.75,0.67,0.0,0.5,0,296,2.45,1
61,third,qwen3:8b,500a1f067a9f782620b40bee6f7b0c89e17ae61f686b92c24933e4ca4b2b8b41,20260801,16384,0.75,0.5,0.0,0.0,0,131,2.22,1
62,front,qwen3:8b,500a1f067a9f782620b40bee6f7b0c89e17ae61f686b92c24933e4ca4b2b8b41,20260801,16384,0.75,0.83,0.0,0.5,0,951,4.44,1
62,second,qwen3:8b,500a1f067a9f782620b40bee6f7b0c89e17ae61f686b92c24933e4ca4b2b8b41,20260801,16384,0.75,0.5,0.0,0.0,0,240,2.41,1
62,third,qwen3:8b,500a1f067a9f782620b40bee6f7b0c89e17ae61f686b92c24933e4ca4b2b8b41,20260801,16384,0.67,0.5,0.0,0.0,0,118,2.19,1
63,front,qwen3:8b,500a1f067a9f782620b40bee6f7b0c89e17ae61f686b92c24933e4ca4b2b8b41,20260801,16384,0.75,0.75,0.0,0.5,0,716,3.29,1
63,second,qwen3:8b,500a1f067a9f782620b40bee6f7b0c89e17ae61f686b92c24933e4ca4b2b8b41,20260801,16384,0.67,0.5,0.0,0.5,0,296,2.42,1
63,third,qwen3:8b,500a1f067a9f782620b40bee6f7b0c89e17ae61f686b92c24933e4ca4b2b8b41,20260801,16384,0.75,0.25,0.0,0.5,0,161,2.21,1
64,front,qwen3:8b,500a1f067a9f782620b40bee6f7b0c89e17ae61f686b92c24933e4ca4b2b8b41,20260801,16384,0.85,0.9,0.1,0.3,0,841,3.81,1
64,second,qwen3:8b,500a1f067a9f782620b40bee6f7b0c89e17ae61f686b92c24933e4ca4b2b8b41,20260801,16384,0.67,0.75,0.0,0.5,0,456,2.68,1
64,third,qwen3:8b,500a1f067a9f782620b40bee6f7b0c89e17ae61f686b92c24933e4ca4b2b8b41,20260801,16384,0.75,0.25,0.0,0.5,0,193,2.24,1
65,front,qwen3:8b,500a1f067a9f782620b40bee6f7b0c89e17ae61f686b92c24933e4ca4b2b8b41,20260801,16384,0.75,0.85,0.1,0.5,0,824,3.56,1
65,second,qwen3:8b,500a1f067a9f782620b40bee6f7b0c89e17ae61f686b92c24933e4ca4b2b8b41,20260801,16384,0.67,0.5,0.0,0.5,0,281,2.44,1
65,third,qwen3:8b,500a1f067a9f782620b40bee6f7b0c89e17ae61f686b92c24933e4ca4b2b8b41,20260801,16384,0.75,0.25,0.0,0.5,0,125,2.2,1
66,front,qwen3:8b,500a1f067a9f782620b40bee6f7b0c89e17ae61f686b92c24933e4ca4b2b8b41,20260801,16384,0.67,0.5,0.0,0.5,0,597,2.91,1
66,second,qwen3:8b,500a1f067a9f782620b40bee6f7b0c89e17ae61f686b92c24933e4ca4b2b8b41,20260801,16384,0.67,0.5,0.0,0.5,0,360,2.42,1
66,third,qwen3:8b,500a1f067a9f782620b40bee6f7b0c89e17ae61f686b92c24933e4ca4b2b8b41,20260801,16384,0.75,0.5,0.0,0.5,0,166,2.2,1
67,front,qwen3:8b,500a1f067a9f782620b40bee6f7b0c89e17ae61f686b92c24933e4ca4b2b8b41,20260801,16384,0.75,0.85,0.1,0.5,0,796,3.46,1
67,second,qwen3:8b,500a1f067a9f782620b40bee6f7b0c89e17ae61f686b92c24933e4ca4b2b8b41,20260801,16384,0.67,0.5,0.0,0.5,0,294,2.42,1
67,third,qwen3:8b,500a1f067a9f782620b40bee6f7b0c89e17ae61f686b92c24933e4ca4b2b8b41,20260801,16384,0.5,0.5,0.0,0.5,0,106,2.03,1
68,front,qwen3:8b,500a1f067a9f782620b40bee6f7b0c89e17ae61f686b92c24933e4ca4b2b8b41,20260801,16384,0.75,0.75,0.0,0.5,0,723,3.27,1
68,second,qwen3:8b,500a1f067a9f782620b40bee6f7b0c89e17ae61f686b92c24933e4ca4b2b8b41,20260801,16384,0.67,0.5,0.0,0.5,0,254,2.42,1
68,third,qwen3:8b,500a1f067a9f782620b40bee6f7b0c89e17ae61f686b92c24933e4ca4b2b8b41,20260801,16384,0.67,0.5,0.0,0.5,0,126,2.2,1
69,front,qwen3:8b,500a1f067a9f782620b40bee6f7b0c89e17ae61f686b92c24933e4ca4b2b8b41,20260801,16384,0.75,0.25,0.0,0.5,0,505,2.65,1
69,second,qwen3:8b,500a1f067a9f782620b40bee6f7b0c89e17ae61f686b92c24933e4ca4b2b8b41,20260801,16384,0.67,0.33,0.0,0.5,0,323,2.41,1
69,third,qwen3:8b,500a1f067a9f782620b40bee6f7b0c89e17ae61f686b92c24933e4ca4b2b8b41,20260801,16384,0.67,0.33,0.0,0.0,0,161,2.23,1
70,front,qwen3:8b,500a1f067a9f782620b40bee6f7b0c89e17ae61f686b92c24933e4ca4b2b8b41,20260801,16384,0.85,0.8,0.1,0.5,0,827,3.89,1
70,second,qwen3:8b,500a1f067a9f782620b40bee6f7b0c89e17ae61f686b92c24933e4ca4b2b8b41,20260801,16384,0.67,0.5,0.0,0.5,0,375,2.44,1
70,third,qwen3:8b,500a1f067a9f782620b40bee6f7b0c89e17ae61f686b92c24933e4ca4b2b8b41,20260801,16384,0.67,0.33,0.0,0.5,0,150,2.2,1
71,front,qwen3:8b,500a1f067a9f782620b40bee6f7b0c89e17ae61f686b92c24933e4ca4b2b8b41,20260801,16384,0.75,0.67,0.0,0.5,0,945,3.47,1
71,second,qwen3:8b,500a1f067a9f782620b40bee6f7b0c89e17ae61f686b92c24933e4ca4b2b8b41,20260801,16384,0.67,0.33,0.0,0.5,0,313,2.47,1
71,third,qwen3:8b,500a1f067a9f782620b40bee6f7b0c89e17ae61f686b92c24933e4ca4b2b8b41,20260801,16384,0.5,0.0,0.0,0.5,0,83,2.01,1
72,front,qwen3:8b,500a1f067a9f782620b40bee6f7b0c89e17ae61f686b92c24933e4ca4b2b8b41,20260801,16384,0.75,0.67,0.0,0.5,0,603,2.89,1
72,second,qwen3:8b,500a1f067a9f782620b40bee6f7b0c89e17ae61f686b92c24933e4ca4b2b8b41,20260801,16384,0.67,0.33,0.0,0.5,0,304,2.41,1
72,third,qwen3:8b,500a1f067a9f782620b40bee6f7b0c89e17ae61f686b92c24933e4ca4b2b8b41,20260801,16384,0.75,0.25,0.0,0.5,0,103,2.22,1
73,front,qwen3:8b,500a1f067a9f782620b40bee6f7b0c89e17ae61f686b92c24933e4ca4b2b8b41,20260801,16384,0.75,0.67,0.0,0.5,0,562,2.94,1
73,second,qwen3:8b,500a1f067a9f782620b40bee6f7b0c89e17ae61f686b92c24933e4ca4b2b8b41,20260801,16384,0.67,0.5,0.0,0.5,0,303,2.47,1
73,third,qwen3:8b,500a1f067a9f782620b40bee6f7b0c89e17ae61f686b92c24933e4ca4b2b8b41,20260801,16384,0.5,0.5,0.0,0.5,0,112,2.05,1
74,front,qwen3:8b,500a1f067a9f782620b40bee6f7b0c89e17ae61f686b92c24933e4ca4b2b8b41,20260801,16384,0.85,0.8,0.1,0.5,0,771,3.61,1
74,second,qwen3:8b,500a1f067a9f782620b40bee6f7b0c89e17ae61f686b92c24933e4ca4b2b8b41,20260801,16384,0.75,0.5,0.0,0.5,0,311,2.43,1
74,third,qwen3:8b,500a1f067a9f782620b40bee6f7b0c89e17ae61f686b92c24933e4ca4b2b8b41,20260801,16384,0.75,0.25,0.0,0.5,0,117,2.2,1
75,front,qwen3:8b,500a1f067a9f782620b40bee6f7b0c89e17ae61f686b92c24933e4ca4b2b8b41,20260801,16384,0.85,0.75,0.1,0.5,0,951,4.48,1
75,second,qwen3:8b,500a1f067a9f782620b40bee6f7b0c89e17ae61f686b92c24933e4ca4b2b8b41,20260801,16384,0.75,0.5,0.0,0.5,0,241,2.31,1
75,third,qwen3:8b,500a1f067a9f782620b40bee6f7b0c89e17ae61f686b92c24933e4ca4b2b8b41,20260801,16384,0.5,0.5,0.0,0.0,0,118,2.04,1
76,front,qwen3:8b,500a1f067a9f782620b40bee6f7b0c89e17ae61f686b92c24933e4ca4b2b8b41,20260801,16384,0.75,0.75,0.0,0.5,0,716,3.26,1
76,second,qwen3:8b,500a1f067a9f782620b40bee6f7b0c89e17ae61f686b92c24933e4ca4b2b8b41,20260801,16384,0.4,0.3,0.2,0.5,0,296,2.37,1
76,third,qwen3:8b,500a1f067a9f782620b40bee6f7b0c89e17ae61f686b92c24933e4ca4b2b8b41,20260801,16384,0.5,0.25,0.0,0.5,0,162,2.03,1
77,front,qwen3:8b,500a1f067a9f782620b40bee6f7b0c89e17ae61f686b92c24933e4ca4b2b8b41,20260801,16384,0.75,0.83,0.0,0.5,0,720,3.25,1
77,second,qwen3:8b,500a1f067a9f782620b40bee6f7b0c89e17ae61f686b92c24933e4ca4b2b8b41,20260801,16384,0.75,0.5,0.0,0.5,0,279,2.36,1
77,third,qwen3:8b,500a1f067a9f782620b40bee6f7b0c89e17ae61f686b92c24933e4ca4b2b8b41,20260801,16384,0.75,0.25,0.0,0.5,0,158,2.16,1
78,front,qwen3:8b,500a1f067a9f782620b40bee6f7b0c89e17ae61f686b92c24933e4ca4b2b8b41,20260801,16384,0.75,0.67,0.0,0.5,0,525,2.86,1
78,second,qwen3:8b,500a1f067a9f782620b40bee6f7b0c89e17ae61f686b92c24933e4ca4b2b8b41,20260801,16384,0.67,0.5,0.0,0.5,0,380,2.56,1
78,third,qwen3:8b,500a1f067a9f782620b40bee6f7b0c89e17ae61f686b92c24933e4ca4b2b8b41,20260801,16384,0.75,0.5,0.0,0.5,0,199,2.31,1
79,front,qwen3:8b,500a1f067a9f782620b40bee6f7b0c89e17ae61f686b92c24933e4ca4b2b8b41,20260801,16384,0.0,0.0,0.0,0.5,0,72,2.14,1
79,second,qwen3:8b,500a1f067a9f782620b40bee6f7b0c89e17ae61f686b92c24933e4ca4b2b8b41,20260801,16384,0.25,0.25,0.5,0.5,0,230,2.32,1
79,third,qwen3:8b,500a1f067a9f782620b40bee6f7b0c89e17ae61f686b92c24933e4ca4b2b8b41,20260801,16384,0.5,0.0,0.0,0.5,0,60,1.97,1
80,front,qwen3:8b,500a1f067a9f782620b40bee6f7b0c89e17ae61f686b92c24933e4ca4b2b8b41,20260801,16384,0.75,0.67,0.0,0.5,0,561,2.88,1
80,second,qwen3:8b,500a1f067a9f782620b40bee6f7b0c89e17ae61f686b92c24933e4ca4b2b8b41,20260801,16384,0.67,0.33,0.0,0.5,0,310,2.39,1
80,third,qwen3:8b,500a1f067a9f782620b40bee6f7b0c89e17ae61f686b92c24933e4ca4b2b8b41,20260801,16384,0.5,0.5,0.0,0.5,0,101,2.0,1
81,front,qwen3:8b,500a1f067a9f782620b40bee6f7b0c89e17ae61f686b92c24933e4ca4b2b8b41,20260801,16384,0.85,0.75,0.15,0.5,0,612,3.2,1
81,second,qwen3:8b,500a1f067a9f782620b40bee6f7b0c89e17ae61f686b92c24933e4ca4b2b8b41,20260801,16384,0.67,0.33,0.0,0.5,0,249,2.38,1
81,third,qwen3:8b,500a1f067a9f782620b40bee6f7b0c89e17ae61f686b92c24933e4ca4b2b8b41,20260801,16384,0.75,0.5,0.0,0.5,0,122,2.15,1
82,front,qwen3:8b,500a1f067a9f782620b40bee6f7b0c89e17ae61f686b92c24933e4ca4b2b8b41,20260801,16384,0.75,0.5,0.0,0.5,0,513,2.82,1
82,second,qwen3:8b,500a1f067a9f782620b40bee6f7b0c89e17ae61f686b92c24933e4ca4b2b8b41,20260801,16384,0.33,0.25,0.0,0.5,0,288,2.35,1
82,third,qwen3:8b,500a1f067a9f782620b40bee6f7b0c89e17ae61f686b92c24933e4ca4b2b8b41,20260801,16384,0.75,0.25,0.0,0.5,0,128,2.15,1
83,front,qwen3:8b,500a1f067a9f782620b40bee6f7b0c89e17ae61f686b92c24933e4ca4b2b8b41,20260801,16384,0.75,0.5,0.25,0.75,0,556,2.86,1
83,second,qwen3:8b,500a1f067a9f782620b40bee6f7b0c89e17ae61f686b92c24933e4ca4b2b8b41,20260801,16384,0.4,0.3,0.2,0.7,0,317,2.36,1
83,third,qwen3:8b,500a1f067a9f782620b40bee6f7b0c89e17ae61f686b92c24933e4ca4b2b8b41,20260801,16384,0.5,0.5,0.0,0.5,0,121,1.98,1
84,front,qwen3:8b,500a1f067a9f782620b40bee6f7b0c89e17ae61f686b92c24933e4ca4b2b8b41,20260801,16384,0.67,0.5,0.25,0.75,0,627,3.19,1
84,second,qwen3:8b,500a1f067a9f782620b40bee6f7b0c89e17ae61f686b92c24933e4ca4b2b8b41,20260801,16384,0.67,0.5,0.0,0.5,0,318,2.41,1
84,third,qwen3:8b,500a1f067a9f782620b40bee6f7b0c89e17ae61f686b92c24933e4ca4b2b8b41,20260801,16384,0.75,0.25,0.0,0.5,0,126,2.16,1
85,front,qwen3:8b,500a1f067a9f782620b40bee6f7b0c89e17ae61f686b92c24933e4ca4b2b8b41,20260801,16384,0.83,0.5,0.0,0.5,0,597,2.86,1
85,second,qwen3:8b,500a1f067a9f782620b40bee6f7b0c89e17ae61f686b92c24933e4ca4b2b8b41,20260801,16384,0.75,0.25,0.0,0.5,0,296,2.37,1
85,third,qwen3:8b,500a1f067a9f782620b40bee6f7b0c89e17ae61f686b92c24933e4ca4b2b8b41,20260801,16384,0.75,0.25,0.0,0.5,0,109,2.26,1
86,front,qwen3:8b,500a1f067a9f782620b40bee6f7b0c89e17ae61f686b92c24933e4ca4b2b8b41,20260801,16384,0.67,0.75,0.25,0.75,0,781,3.29,1
86,second,qwen3:8b,500a1f067a9f782620b40bee6f7b0c89e17ae61f686b92c24933e4ca4b2b8b41,20260801,16384,0.67,0.75,0.33,0.5,0,574,2.95,1
86,third,qwen3:8b,500a1f067a9f782620b40bee6f7b0c89e17ae61f686b92c24933e4ca4b2b8b41,20260801,16384,0.5,0.25,0.0,0.5,0,180,2.11,1
87,front,qwen3:8b,500a1f067a9f782620b40bee6f7b0c89e17ae61f686b92c24933e4ca4b2b8b41,20260801,16384,1.0,0.5,0.0,1.0,0,427,2.63,1
87,second,qwen3:8b,500a1f067a9f782620b40bee6f7b0c89e17ae61f686b92c24933e4ca4b2b8b41,20260801,16384,0.83,0.25,0.0,0.5,0,242,2.4,1
87,third,qwen3:8b,500a1f067a9f782620b40bee6f7b0c89e17ae61f686b92c24933e4ca4b2b8b41,20260801,16384,0.75,0.25,0.0,0.0,0,97,2.24,1
88,front,qwen3:8b,500a1f067a9f782620b40bee6f7b0c89e17ae61f686b92c24933e4ca4b2b8b41,20260801,16384,0.75,0.67,0.0,0.5,0,479,2.63,1
88,second,qwen3:8b,500a1f067a9f782620b40bee6f7b0c89e17ae61f686b92c24933e4ca4b2b8b41,20260801,16384,0.75,0.25,0.0,0.5,0,252,2.39,1
88,third,qwen3:8b,500a1f067a9f782620b40bee6f7b0c89e17ae61f686b92c24933e4ca4b2b8b41,20260801,16384,0.75,0.25,0.0,0.0,0,106,2.21,1
89,front,qwen3:8b,500a1f067a9f782620b40bee6f7b0c89e17ae61f686b92c24933e4ca4b2b8b41,20260801,16384,0.75,0.75,0.25,0.5,0,568,2.95,1
89,second,qwen3:8b,500a1f067a9f782620b40bee6f7b0c89e17ae61f686b92c24933e4ca4b2b8b41,20260801,16384,0.67,0.5,0.0,0.5,0,273,2.41,1
89,third,qwen3:8b,500a1f067a9f782620b40bee6f7b0c89e17ae61f686b92c24933e4ca4b2b8b41,20260801,16384,0.67,0.33,0.0,0.5,0,111,2.19,1
90,front,qwen3:8b,500a1f067a9f782620b40bee6f7b0c89e17ae61f686b92c24933e4ca4b2b8b41,20260801,16384,0.0,0.0,0.0,0.0,0,59,2.19,1
90,second,qwen3:8b,500a1f067a9f782620b40bee6f7b0c89e17ae61f686b92c24933e4ca4b2b8b41,20260801,16384,0.0,0.0,0.0,0.5,0,169,2.22,1
90,third,qwen3:8b,500a1f067a9f782620b40bee6f7b0c89e17ae61f686b92c24933e4ca4b2b8b41,20260801,16384,0.0,0.0,0.0,0.0,0,106,2.2,1
91,front,qwen3:8b,500a1f067a9f782620b40bee6f7b0c89e17ae61f686b92c24933e4ca4b2b8b41,20260801,16384,0.75,0.83,0.0,0.5,0,454,2.63,1
91,second,qwen3:8b,500a1f067a9f782620b40bee6f7b0c89e17ae61f686b92c24933e4ca4b2b8b41,20260801,16384,0.33,0.5,0.0,0.5,0,305,2.4,1
91,third,qwen3:8b,500a1f067a9f782620b40bee6f7b0c89e17ae61f686b92c24933e4ca4b2b8b41,20260801,16384,0.33,0.17,0.0,0.5,0,137,2.2,1
92,front,qwen3:8b,500a1f067a9f782620b40bee6f7b0c89e17ae61f686b92c24933e4ca4b2b8b41,20260801,16384,0.75,0.67,0.0,0.5,0,688,3.22,1
92,second,qwen3:8b,500a1f067a9f782620b40bee6f7b0c89e17ae61f686b92c24933e4ca4b2b8b41,20260801,16384,0.4,0.3,0.0,0.5,0,382,2.63,1
92,third,qwen3:8b,500a1f067a9f782620b40bee6f7b0c89e17ae61f686b92c24933e4ca4b2b8b41,20260801,16384,0.33,0.17,0.0,0.0,0,123,2.21,1
93,front,qwen3:8b,500a1f067a9f782620b40bee6f7b0c89e17ae61f686b92c24933e4ca4b2b8b41,20260801,16384,0.75,0.85,0.1,0.5,0,830,3.55,1
93,second,qwen3:8b,500a1f067a9f782620b40bee6f7b0c89e17ae61f686b92c24933e4ca4b2b8b41,20260801,16384,0.67,0.5,0.0,0.5,0,313,2.43,1
93,third,qwen3:8b,500a1f067a9f782620b40bee6f7b0c89e17ae61f686b92c24933e4ca4b2b8b41,20260801,16384,0.5,0.5,0.0,0.5,0,92,2.01,1
94,front,qwen3:8b,500a1f067a9f782620b40bee6f7b0c89e17ae61f686b92c24933e4ca4b2b8b41,20260801,16384,0.75,0.75,0.0,0.5,0,720,3.3,1
94,second,qwen3:8b,500a1f067a9f782620b40bee6f7b0c89e17ae61f686b92c24933e4ca4b2b8b41,20260801,16384,0.67,0.5,0.0,0.5,0,251,2.42,1
94,third,qwen3:8b,500a1f067a9f782620b40bee6f7b0c89e17ae61f686b92c24933e4ca4b2b8b41,20260801,16384,0.67,0.5,0.0,0.0,0,123,2.23,1
95,front,qwen3:8b,500a1f067a9f782620b40bee6f7b0c89e17ae61f686b92c24933e4ca4b2b8b41,20260801,16384,0.75,0.25,0.0,0.0,0,502,2.64,1
95,second,qwen3:8b,500a1f067a9f782620b40bee6f7b0c89e17ae61f686b92c24933e4ca4b2b8b41,20260801,16384,0.67,0.33,0.0,0.5,0,320,2.52,1
95,third,qwen3:8b,500a1f067a9f782620b40bee6f7b0c89e17ae61f686b92c24933e4ca4b2b8b41,20260801,16384,0.75,0.25,0.0,0.0,0,158,2.25,1
96,front,qwen3:8b,500a1f067a9f782620b40bee6f7b0c89e17ae61f686b92c24933e4ca4b2b8b41,20260801,16384,0.85,0.9,0.0,0.5,0,824,3.88,1
96,second,qwen3:8b,500a1f067a9f782620b40bee6f7b0c89e17ae61f686b92c24933e4ca4b2b8b41,20260801,16384,0.67,0.5,0.0,0.5,0,372,2.45,1
96,third,qwen3:8b,500a1f067a9f782620b40bee6f7b0c89e17ae61f686b92c24933e4ca4b2b8b41,20260801,16384,0.75,0.5,0.0,0.5,0,147,2.22,1
97,front,qwen3:8b,500a1f067a9f782620b40bee6f7b0c89e17ae61f686b92c24933e4ca4b2b8b41,20260801,16384,0.75,0.67,0.0,0.5,0,942,3.56,1
97,second,qwen3:8b,500a1f067a9f782620b40bee6f7b0c89e17ae61f686b92c24933e4ca4b2b8b41,20260801,16384,0.33,0.25,0.0,0.5,0,310,2.5,1
97,third,qwen3:8b,500a1f067a9f782620b40bee6f7b0c89e17ae61f686b92c24933e4ca4b2b8b41,20260801,16384,0.5,0.0,0.0,0.5,0,80,2.02,1
98,front,qwen3:8b,500a1f067a9f782620b40bee6f7b0c89e17ae61f686b92c24933e4ca4b2b8b41,20260801,16384,0.75,0.67,0.0,0.5,0,600,2.9,1
98,second,qwen3:8b,500a1f067a9f782620b40bee6f7b0c89e17ae61f686b92c24933e4ca4b2b8b41,20260801,16384,0.75,0.5,0.0,0.5,0,301,2.46,1
98,third,qwen3:8b,500a1f067a9f782620b40bee6f7b0c89e17ae61f686b92c24933e4ca4b2b8b41,20260801,16384,0.75,0.25,0.0,0.5,0,100,2.23,1
99,front,qwen3:8b,500a1f067a9f782620b40bee6f7b0c89e17ae61f686b92c24933e4ca4b2b8b41,20260801,16384,0.85,0.75,0.1,0.3,0,1104,3.89,1
99,second,qwen3:8b,500a1f067a9f782620b40bee6f7b0c89e17ae61f686b92c24933e4ca4b2b8b41,20260801,16384,0.5,0.3,0.2,0.5,0,468,2.55,1
99,third,qwen3:8b,500a1f067a9f782620b40bee6f7b0c89e17ae61f686b92c24933e4ca4b2b8b41,20260801,16384,0.75,0.25,0.0,0.0,0,152,2.25,1
100,front,qwen3:8b,500a1f067a9f782620b40bee6f7b0c89e17ae61f686b92c24933e4ca4b2b8b41,20260801,16384,0.85,0.75,0.0,0.5,0,768,3.64,1
100,second,qwen3:8b,500a1f067a9f782620b40bee6f7b0c89e17ae61f686b92c24933e4ca4b2b8b41,20260801,16384,0.67,0.5,0.0,0.5,0,308,2.46,1
100,third,qwen3:8b,500a1f067a9f782620b40bee6f7b0c89e17ae61f686b92c24933e4ca4b2b8b41,20260801,16384,0.75,0.25,0.0,0.0,0,114,2.14,1
101,front,qwen3:8b,500a1f067a9f782620b40bee6f7b0c89e17ae61f686b92c24933e4ca4b2b8b41,20260801,16384,0.75,0.67,0.0,0.5,0,541,2.55,1
101,second,qwen3:8b,500a1f067a9f782620b40bee6f7b0c89e17ae61f686b92c24933e4ca4b2b8b41,20260801,16384,0.67,0.5,0.0,0.5,0,477,2.54,1
101,third,qwen3:8b,500a1f067a9f782620b40bee6f7b0c89e17ae61f686b92c24933e4ca4b2b8b41,20260801,16384,0.75,0.5,0.0,0.0,0,138,2.19,1
102,front,qwen3:8b,500a1f067a9f782620b40bee6f7b0c89e17ae61f686b92c24933e4ca4b2b8b41,20260801,16384,1.0,0.75,0.0,0.0,0,604,2.82,1
102,second,qwen3:8b,500a1f067a9f782620b40bee6f7b0c89e17ae61f686b92c24933e4ca4b2b8b41,20260801,16384,0.75,0.75,0.0,0.0,0,340,2.58,1
102,third,qwen3:8b,500a1f067a9f782620b40bee6f7b0c89e17ae61f686b92c24933e4ca4b2b8b41,20260801,16384,0.5,0.0,0.0,0.5,0,142,1.98,1
103,front,qwen3:8b,500a1f067a9f782620b40bee6f7b0c89e17ae61f686b92c24933e4ca4b2b8b41,20260801,16384,0.75,0.83,0.0,0.5,0,717,3.25,1
103,second,qwen3:8b,500a1f067a9f782620b40bee6f7b0c89e17ae61f686b92c24933e4ca4b2b8b41,20260801,16384,0.75,0.5,0.0,0.5,0,276,2.37,1
103,third,qwen3:8b,500a1f067a9f782620b40bee6f7b0c89e17ae61f686b92c24933e4ca4b2b8b41,20260801,16384,0.75,0.25,0.0,0.5,0,155,2.14,1
104,front,qwen3:8b,500a1f067a9f782620b40bee6f7b0c89e17ae61f686b92c24933e4ca4b2b8b41,20260801,16384,0.75,0.25,0.0,0.5,0,388,2.52,1
104,second,qwen3:8b,500a1f067a9f782620b40bee6f7b0c89e17ae61f686b92c24933e4ca4b2b8b41,20260801,16384,0.33,0.25,0.0,0.5,0,346,2.37,1
104,third,qwen3:8b,500a1f067a9f782620b40bee6f7b0c89e17ae61f686b92c24933e4ca4b2b8b41,20260801,16384,0.5,0.0,0.0,0.0,0,115,1.96,1
105,front,qwen3:8b,500a1f067a9f782620b40bee6f7b0c89e17ae61f686b92c24933e4ca4b2b8b41,20260801,16384,0.75,0.5,0.0,0.5,0,642,2.86,1
105,second,qwen3:8b,500a1f067a9f782620b40bee6f7b0c89e17ae61f686b92c24933e4ca4b2b8b41,20260801,16384,0.75,0.25,0.0,0.5,0,334,2.36,1
105,third,qwen3:8b,500a1f067a9f782620b40bee6f7b0c89e17ae61f686b92c24933e4ca4b2b8b41,20260801,16384,0.5,0.0,0.0,0.5,0,147,1.97,1
106,front,qwen3:8b,500a1f067a9f782620b40bee6f7b0c89e17ae61f686b92c24933e4ca4b2b8b41,20260801,16384,0.75,0.25,0.0,0.5,0,398,2.36,1
106,second,qwen3:8b,500a1f067a9f782620b40bee6f7b0c89e17ae61f686b92c24933e4ca4b2b8b41,20260801,16384,0.33,0.25,0.0,0.5,0,295,2.33,1
106,third,qwen3:8b,500a1f067a9f782620b40bee6f7b0c89e17ae61f686b92c24933e4ca4b2b8b41,20260801,16384,0.5,0.25,0.0,0.5,0,146,2.01,1
107,front,qwen3:8b,500a1f067a9f782620b40bee6f7b0c89e17ae61f686b92c24933e4ca4b2b8b41,20260801,16384,0.75,0.25,0.0,0.5,0,597,2.81,1
107,second,qwen3:8b,500a1f067a9f782620b40bee6f7b0c89e17ae61f686b92c24933e4ca4b2b8b41,20260801,16384,0.67,0.33,0.0,0.5,0,288,2.34,1
107,third,qwen3:8b,500a1f067a9f782620b40bee6f7b0c89e17ae61f686b92c24933e4ca4b2b8b41,20260801,16384,0.75,0.25,0.0,0.0,0,110,2.16,1
108,front,qwen3:8b,500a1f067a9f782620b40bee6f7b0c89e17ae61f686b92c24933e4ca4b2b8b41,20260801,16384,0.75,0.25,0.0,0.5,0,671,2.88,1
108,second,qwen3:8b,500a1f067a9f782620b40bee6f7b0c89e17ae61f686b92c24933e4ca4b2b8b41,20260801,16384,0.33,0.25,0.0,0.5,0,319,2.36,1
108,third,qwen3:8b,500a1f067a9f782620b40bee6f7b0c89e17ae61f686b92c24933e4ca4b2b8b41,20260801,16384,0.33,0.0,0.0,0.5,0,120,2.15,1
109,front,qwen3:8b,500a1f067a9f782620b40bee6f7b0c89e17ae61f686b92c24933e4ca4b2b8b41,20260801,16384,0.75,0.25,0.0,0.5,0,572,2.85,1
109,second,qwen3:8b,500a1f067a9f782620b40bee6f7b0c89e17ae61f686b92c24933e4ca4b2b8b41,20260801,16384,0.67,0.25,0.0,0.5,0,340,2.37,1
109,third,qwen3:8b,500a1f067a9f782620b40bee6f7b0c89e17ae61f686b92c24933e4ca4b2b8b41,20260801,16384,0.5,0.0,0.0,0.0,0,93,1.99,1
110,front,qwen3:8b,500a1f067a9f782620b40bee6f7b0c89e17ae61f686b92c24933e4ca4b2b8b41,20260801,16384,0.75,0.25,0.0,0.5,0,473,2.59,1
110,second,qwen3:8b,500a1f067a9f782620b40bee6f7b0c89e17ae61f686b92c24933e4ca4b2b8b41,20260801,16384,0.5,0.25,0.0,0.5,0,228,2.21,1
110,third,qwen3:8b,500a1f067a9f782620b40bee6f7b0c89e17ae61f686b92c24933e4ca4b2b8b41,20260801,16384,0.5,0.25,0.0,0.5,0,141,2.05,1
111,front,qwen3:8b,500a1f067a9f782620b40bee6f7b0c89e17ae61f686b92c24933e4ca4b2b8b41,20260801,16384,0.75,0.25,0.0,0.5,0,425,2.63,1
111,second,qwen3:8b,500a1f067a9f782620b40bee6f7b0c89e17ae61f686b92c24933e4ca4b2b8b41,20260801,16384,0.75,0.25,0.0,0.5,0,240,2.28,1
111,third,qwen3:8b,500a1f067a9f782620b40bee6f7b0c89e17ae61f686b92c24933e4ca4b2b8b41,20260801,16384,0.75,0.25,0.0,0.5,0,101,2.12,1
112,front,qwen3:8b,500a1f067a9f782620b40bee6f7b0c89e17ae61f686b92c24933e4ca4b2b8b41,20260801,16384,0.75,0.25,0.0,0.5,0,539,2.54,1
112,second,qwen3:8b,500a1f067a9f782620b40bee6f7b0c89e17ae61f686b92c24933e4ca4b2b8b41,20260801,16384,0.67,0.33,0.0,0.5,0,457,2.53,1
112,third,qwen3:8b,500a1f067a9f782620b40bee6f7b0c89e17ae61f686b92c24933e4ca4b2b8b41,20260801,16384,0.75,0.25,0.0,0.5,0,182,2.15,1
113,front,qwen3:8b,500a1f067a9f782620b40bee6f7b0c89e17ae61f686b92c24933e4ca4b2b8b41,20260801,16384,0.75,0.25,0.0,0.0,0,592,2.82,1
113,second,qwen3:8b,500a1f067a9f782620b40bee6f7b0c89e17ae61f686b92c24933e4ca4b2b8b41,20260801,16384,0.67,0.33,0.0,0.5,0,343,2.32,1
113,third,qwen3:8b,500a1f067a9f782620b40bee6f7b0c89e17ae61f686b92c24933e4ca4b2b8b41,20260801,16384,0.75,0.25,0.0,0.5,0,189,2.13,1
114,front,qwen3:8b,500a1f067a9f782620b40bee6f7b0c89e17ae61f686b92c24933e4ca4b2b8b41,20260801,16384,0.75,0.25,0.0,0.0,0,510,2.53,1
114,second,qwen3:8b,500a1f067a9f782620b40bee6f7b0c89e17ae61f686b92c24933e4ca4b2b8b41,20260801,16384,0.75,0.25,0.0,0.5,0,230,2.27,1
114,third,qwen3:8b,500a1f067a9f782620b40bee6f7b0c89e17ae61f686b92c24933e4ca4b2b8b41,20260801,16384,0.5,0.5,0.0,0.0,0,116,1.93,1
115,front,qwen3:8b,500a1f067a9f782620b40bee6f7b0c89e17ae61f686b92c24933e4ca4b2b8b41,20260801,16384,0.75,0.25,0.0,0.5,0,551,2.81,1
115,second,qwen3:8b,500a1f067a9f782620b40bee6f7b0c89e17ae61f686b92c24933e4ca4b2b8b41,20260801,16384,0.67,0.25,0.0,0.5,0,276,2.32,1
115,third,qwen3:8b,500a1f067a9f782620b40bee6f7b0c89e17ae61f686b92c24933e4ca4b2b8b41,20260801,16384,0.33,0.25,0.0,0.5,0,114,2.11,1
116,front,qwen3:8b,500a1f067a9f782620b40bee6f7b0c89e17ae61f686b92c24933e4ca4b2b8b41,20260801,16384,0.75,0.25,0.0,0.5,0,688,2.83,1
116,second,qwen3:8b,500a1f067a9f782620b40bee6f7b0c89e17ae61f686b92c24933e4ca4b2b8b41,20260801,16384,0.75,0.25,0.0,0.5,0,584,2.55,1
116,third,qwen3:8b,500a1f067a9f782620b40bee6f7b0c89e17ae61f686b92c24933e4ca4b2b8b41,20260801,16384,0.5,0.0,0.0,0.5,0,146,1.95,1
117,front,qwen3:8b,500a1f067a9f782620b40bee6f7b0c89e17ae61f686b92c24933e4ca4b2b8b41,20260801,16384,0.75,0.75,0.0,0.5,0,618,3.12,1
117,second,qwen3:8b,500a1f067a9f782620b40bee6f7b0c89e17ae61f686b92c24933e4ca4b2b8b41,20260801,16384,0.67,0.33,0.0,0.5,0,365,2.33,1
117,third,qwen3:8b,500a1f067a9f782620b40bee6f7b0c89e17ae61f686b92c24933e4ca4b2b8b41,20260801,16384,0.75,0.25,0.0,0.0,0,132,2.1,1
118,front,qwen3:8b,500a1f067a9f782620b40bee6f7b0c89e17ae61f686b92c24933e4ca4b2b8b41,20260801,16384,0.85,0.65,0.0,0.5,0,674,3.16,1
118,second,qwen3:8b,500a1f067a9f782620b40bee6f7b0c89e17ae61f686b92c24933e4ca4b2b8b41,20260801,16384,0.67,0.33,0.0,0.5,0,393,2.51,1
118,third,qwen3:8b,500a1f067a9f782620b40bee6f7b0c89e17ae61f686b92c24933e4ca4b2b8b41,20260801,16384,0.75,0.5,0.0,0.5,0,139,2.12,1
119,front,qwen3:8b,500a1f067a9f782620b40bee6f7b0c89e17ae61f686b92c24933e4ca4b2b8b41,20260801,16384,0.75,0.85,0.0,0.5,0,794,3.43,1
119,second,qwen3:8b,500a1f067a9f782620b40bee6f7b0c89e17ae61f686b92c24933e4ca4b2b8b41,20260801,16384,0.75,0.5,0.0,0.5,0,292,2.32,1
119,third,qwen3:8b,500a1f067a9f782620b40bee6f7b0c89e17ae61f686b92c24933e4ca4b2b8b41,20260801,16384,0.75,0.5,0.0,0.5,0,104,2.12,1
120,front,qwen3:8b,500a1f067a9f782620b40bee6f7b0c89e17ae61f686b92c24933e4ca4b2b8b41,20260801,16384,0.75,0.75,0.0,0.5,0,722,3.16,1
120,second,qwen3:8b,500a1f067a9f782620b40bee6f7b0c89e17ae61f686b92c24933e4ca4b2b8b41,20260801,16384,0.67,0.33,0.0,0.5,0,252,2.32,1
120,third,qwen3:8b,500a1f067a9f782620b40bee6f7b0c89e17ae61f686b92c24933e4ca4b2b8b41,20260801,16384,0.67,0.33,0.0,0.5,0,125,2.1,1
121,front,qwen3:8b,500a1f067a9f782620b40bee6f7b0c89e17ae61f686b92c24933e4ca4b2b8b41,20260801,16384,0.85,0.75,0.0,0.5,0,900,3.89,1
121,second,qwen3:8b,500a1f067a9f782620b40bee6f7b0c89e17ae61f686b92c24933e4ca4b2b8b41,20260801,16384,0.67,0.5,0.0,0.5,0,401,2.52,1
121,third,qwen3:8b,500a1f067a9f782620b40bee6f7b0c89e17ae61f686b92c24933e4ca4b2b8b41,20260801,16384,0.75,0.25,0.0,0.5,0,107,2.11,1
122,front,qwen3:8b,500a1f067a9f782620b40bee6f7b0c89e17ae61f686b92c24933e4ca4b2b8b41,20260801,16384,0.85,0.75,0.0,0.5,0,825,3.88,1
122,second,qwen3:8b,500a1f067a9f782620b40bee6f7b0c89e17ae61f686b92c24933e4ca4b2b8b41,20260801,16384,0.75,0.5,0.0,0.5,0,374,2.33,1
122,third,qwen3:8b,500a1f067a9f782620b40bee6f7b0c89e17ae61f686b92c24933e4ca4b2b8b41,20260801,16384,0.75,0.25,0.0,0.5,0,148,2.11,1
123,front,qwen3:8b,500a1f067a9f782620b40bee6f7b0c89e17ae61f686b92c24933e4ca4b2b8b41,20260801,16384,0.85,0.65,0.15,0.5,0,943,3.34,1
123,second,qwen3:8b,500a1f067a9f782620b40bee6f7b0c89e17ae61f686b92c24933e4ca4b2b8b41,20260801,16384,0.67,0.33,0.0,0.5,0,311,2.33,1
123,third,qwen3:8b,500a1f067a9f782620b40bee6f7b0c89e17ae61f686b92c24933e4ca4b2b8b41,20260801,16384,0.5,0.0,0.0,0.5,0,81,1.93,1
124,front,qwen3:8b,500a1f067a9f782620b40bee6f7b0c89e17ae61f686b92c24933e4ca4b2b8b41,20260801,16384,0.75,0.67,0.0,0.5,0,601,2.77,1
124,second,qwen3:8b,500a1f067a9f782620b40bee6f7b0c89e17ae61f686b92c24933e4ca4b2b8b41,20260801,16384,0.67,0.33,0.0,0.5,0,303,2.31,1
124,third,qwen3:8b,500a1f067a9f782620b40bee6f7b0c89e17ae61f686b92c24933e4ca4b2b8b41,20260801,16384,0.75,0.25,0.0,0.5,0,101,2.1,1
125,front,qwen3:8b,500a1f067a9f782620b40bee6f7b0c89e17ae61f686b92c24933e4ca4b2b8b41,20260801,16384,0.85,0.75,0.0,0.5,0,733,3.48,1
125,second,qwen3:8b,500a1f067a9f782620b40bee6f7b0c89e17ae61f686b92c24933e4ca4b2b8b41,20260801,16384,0.5,0.5,0.0,0.5,0,302,2.2,1
125,third,qwen3:8b,500a1f067a9f782620b40bee6f7b0c89e17ae61f686b92c24933e4ca4b2b8b41,20260801,16384,0.67,0.5,0.0,0.5,0,110,2.1,1
126,front,qwen3:8b,500a1f067a9f782620b40bee6f7b0c89e17ae61f686b92c24933e4ca4b2b8b41,20260801,16384,0.85,0.75,0.0,0.0,0,801,3.2,1
126,second,qwen3:8b,500a1f067a9f782620b40bee6f7b0c89e17ae61f686b92c24933e4ca4b2b8b41,20260801,16384,0.67,0.33,0.0,0.5,0,420,2.52,1
126,third,qwen3:8b,500a1f067a9f782620b40bee6f7b0c89e17ae61f686b92c24933e4ca4b2b8b41,20260801,16384,0.75,0.5,0.0,0.5,0,173,2.14,1
127,front,qwen3:8b,500a1f067a9f782620b40bee6f7b0c89e17ae61f686b92c24933e4ca4b2b8b41,20260801,16384,0.95,0.75,0.0,0.5,0,550,2.8,1
127,second,qwen3:8b,500a1f067a9f782620b40bee6f7b0c89e17ae61f686b92c24933e4ca4b2b8b41,20260801,16384,0.67,0.5,0.0,0.5,0,321,2.32,1
127,third,qwen3:8b,500a1f067a9f782620b40bee6f7b0c89e17ae61f686b92c24933e4ca4b2b8b41,20260801,16384,0.75,0.25,0.0,0.5,0,128,2.1,1
128,front,qwen3:8b,500a1f067a9f782620b40bee6f7b0c89e17ae61f686b92c24933e4ca4b2b8b41,20260801,16384,1.0,1.0,0.0,0.0,0,605,2.8,1
128,second,qwen3:8b,500a1f067a9f782620b40bee6f7b0c89e17ae61f686b92c24933e4ca4b2b8b41,20260801,16384,0.75,0.75,0.0,0.5,0,342,2.54,1
128,third,qwen3:8b,500a1f067a9f782620b40bee6f7b0c89e17ae61f686b92c24933e4ca4b2b8b41,20260801,16384,0.5,0.0,0.0,0.0,0,143,1.97,1
129,front,qwen3:8b,500a1f067a9f782620b40bee6f7b0c89e17ae61f686b92c24933e4ca4b2b8b41,20260801,16384,0.75,0.75,0.0,0.5,0,718,3.23,1
129,second,qwen3:8b,500a1f067a9f782620b40bee6f7b0c89e17ae61f686b92c24933e4ca4b2b8b41,20260801,16384,0.75,0.25,0.0,0.5,0,278,2.33,1
129,third,qwen3:8b,500a1f067a9f782620b40bee6f7b0c89e17ae61f686b92c24933e4ca4b2b8b41,20260801,16384,0.75,0.25,0.0,0.0,0,156,2.13,1
130,front,qwen3:8b,500a1f067a9f782620b40bee6f7b0c89e17ae61f686b92c24933e4ca4b2b8b41,20260801,16384,0.75,0.85,0.1,0.5,0,825,3.53,1
130,second,qwen3:8b,500a1f067a9f782620b40bee6f7b0c89e17ae61f686b92c24933e4ca4b2b8b41,20260801,16384,0.67,0.5,0.0,0.5,0,282,2.32,1
130,third,qwen3:8b,500a1f067a9f782620b40bee6f7b0c89e17ae61f686b92c24933e4ca4b2b8b41,20260801,16384,0.75,0.25,0.0,0.5,0,126,2.1,1
131,front,qwen3:8b,500a1f067a9f782620b40bee6f7b0c89e17ae61f686b92c24933e4ca4b2b8b41,20260801,16384,0.75,0.85,0.25,0.5,0,792,3.3,1
131,second,qwen3:8b,500a1f067a9f782620b40bee6f7b0c89e17ae61f686b92c24933e4ca4b2b8b41,20260801,16384,0.75,0.5,0.0,0.5,0,289,2.34,1
131,third,qwen3:8b,500a1f067a9f782620b40bee6f7b0c89e17ae61f686b92c24933e4ca4b2b8b41,20260801,16384,0.67,0.33,0.0,0.5,0,149,2.12,1
132,front,qwen3:8b,500a1f067a9f782620b40bee6f7b0c89e17ae61f686b92c24933e4ca4b2b8b41,20260801,16384,0.75,0.85,0.1,0.5,0,797,3.37,1
132,second,qwen3:8b,500a1f067a9f782620b40bee6f7b0c89e17ae61f686b92c24933e4ca4b2b8b41,20260801,16384,0.67,0.5,0.0,0.5,0,295,2.33,1
132,third,qwen3:8b,500a1f067a9f782620b40bee6f7b0c89e17ae61f686b92c24933e4ca4b2b8b41,20260801,16384,0.5,0.5,0.0,0.5,0,107,1.95,1
133,front,qwen3:8b,500a1f067a9f782620b40bee6f7b0c89e17ae61f686b92c24933e4ca4b2b8b41,20260801,16384,0.75,0.67,0.0,0.5,0,693,3.21,1
133,second,qwen3:8b,500a1f067a9f782620b40bee6f7b0c89e17ae61f686b92c24933e4ca4b2b8b41,20260801,16384,0.4,0.3,0.1,0.5,0,328,2.37,1
133,third,qwen3:8b,500a1f067a9f782620b40bee6f7b0c89e17ae61f686b92c24933e4ca4b2b8b41,20260801,16384,0.67,0.33,0.0,0.5,0,132,2.1,1
134,front,qwen3:8b,500a1f067a9f782620b40bee6f7b0c89e17ae61f686b92c24933e4ca4b2b8b41,20260801,16384,0.75,0.75,0.0,0.5,0,876,3.43,1
134,second,qwen3:8b,500a1f067a9f782620b40bee6f7b0c89e17ae61f686b92c24933e4ca4b2b8b41,20260801,16384,0.67,0.5,0.0,0.5,0,300,2.31,1
134,third,qwen3:8b,500a1f067a9f782620b40bee6f7b0c89e17ae61f686b92c24933e4ca4b2b8b41,20260801,16384,0.67,0.33,0.0,0.5,0,118,2.09,1
135,front,qwen3:8b,500a1f067a9f782620b40bee6f7b0c89e17ae61f686b92c24933e4ca4b2b8b41,20260801,16384,0.85,0.8,0.1,0.5,0,828,3.88,1
135,second,qwen3:8b,500a1f067a9f782620b40bee6f7b0c89e17ae61f686b92c24933e4ca4b2b8b41,20260801,16384,0.67,0.5,0.0,0.5,0,376,2.36,1
135,third,qwen3:8b,500a1f067a9f782620b40bee6f7b0c89e17ae61f686b92c24933e4ca4b2b8b41,20260801,16384,0.67,0.33,0.0,0.5,0,151,2.12,1
136,front,qwen3:8b,500a1f067a9f782620b40bee6f7b0c89e17ae61f686b92c24933e4ca4b2b8b41,20260801,16384,0.75,0.67,0.0,0.5,0,946,3.37,1
136,second,qwen3:8b,500a1f067a9f782620b40bee6f7b0c89e17ae61f686b92c24933e4ca4b2b8b41,20260801,16384,0.33,0.25,0.0,0.5,0,314,2.34,1
136,third,qwen3:8b,500a1f067a9f782620b40bee6f7b0c89e17ae61f686b92c24933e4ca4b2b8b41,20260801,16384,0.5,0.0,0.0,0.5,0,84,1.93,1
137,front,qwen3:8b,500a1f067a9f782620b40bee6f7b0c89e17ae61f686b92c24933e4ca4b2b8b41,20260801,16384,0.75,0.85,0.1,0.5,0,804,3.44,1
137,second,qwen3:8b,500a1f067a9f782620b40bee6f7b0c89e17ae61f686b92c24933e4ca4b2b8b41,20260801,16384,0.75,0.5,0.0,0.5,0,307,2.32,1
137,third,qwen3:8b,500a1f067a9f782620b40bee6f7b0c89e17ae61f686b92c24933e4ca4b2b8b41,20260801,16384,0.75,0.25,0.0,0.5,0,109,2.1,1
138,front,qwen3:8b,500a1f067a9f782620b40bee6f7b0c89e17ae61f686b92c24933e4ca4b2b8b41,20260801,16384,0.75,0.5,0.0,0.5,0,563,2.82,1
138,second,qwen3:8b,500a1f067a9f782620b40bee6f7b0c89e17ae61f686b92c24933e4ca4b2b8b41,20260801,16384,0.33,0.5,0.0,0.5,0,304,2.33,1
138,third,qwen3:8b,500a1f067a9f782620b40bee6f7b0c89e17ae61f686b92c24933e4ca4b2b8b41,20260801,16384,0.5,0.5,0.0,0.0,0,113,1.94,1
139,front,qwen3:8b,500a1f067a9f782620b40bee6f7b0c89e17ae61f686b92c24933e4ca4b2b8b41,20260801,16384,0.75,0.85,0.0,0.5,0,772,3.58,1
139,second,qwen3:8b,500a1f067a9f782620b40bee6f7b0c89e17ae61f686b92c24933e4ca4b2b8b41,20260801,16384,0.67,0.5,0.0,0.5,0,312,2.34,1
139,third,qwen3:8b,500a1f067a9f782620b40bee6f7b0c89e17ae61f686b92c24933e4ca4b2b8b41,20260801,16384,0.67,0.33,0.0,0.5,0,118,2.13,1
140,front,qwen3:8b,500a1f067a9f782620b40bee6f7b0c89e17ae61f686b92c24933e4ca4b2b8b41,20260801,16384,0.75,0.75,0.0,0.5,0,737,3.21,1
140,second,qwen3:8b,500a1f067a9f782620b40bee6f7b0c89e17ae61f686b92c24933e4ca4b2b8b41,20260801,16384,0.75,0.5,0.0,0.5,0,329,2.33,1
140,third,qwen3:8b,500a1f067a9f782620b40bee6f7b0c89e17ae61f686b92c24933e4ca4b2b8b41,20260801,16384,0.67,0.33,0.0,0.5,0,127,2.1,1
141,front,qwen3:8b,500a1f067a9f782620b40bee6f7b0c89e17ae61f686b92c24933e4ca4b2b8b41,20260801,16384,0.75,0.85,0.1,0.5,0,860,3.46,1
141,second,qwen3:8b,500a1f067a9f782620b40bee6f7b0c89e17ae61f686b92c24933e4ca4b2b8b41,20260801,16384,0.5,0.5,0.0,0.5,0,341,2.19,1
141,third,qwen3:8b,500a1f067a9f782620b40bee6f7b0c89e17ae61f686b92c24933e4ca4b2b8b41,20260801,16384,0.5,0.0,0.0,0.5,0,87,1.94,1
142,front,qwen3:8b,500a1f067a9f782620b40bee6f7b0c89e17ae61f686b92c24933e4ca4b2b8b41,20260801,16384,0.75,0.83,0.0,0.5,0,721,3.21,1
142,second,qwen3:8b,500a1f067a9f782620b40bee6f7b0c89e17ae61f686b92c24933e4ca4b2b8b41,20260801,16384,0.75,0.5,0.0,0.5,0,280,2.33,1
142,third,qwen3:8b,500a1f067a9f782620b40bee6f7b0c89e17ae61f686b92c24933e4ca4b2b8b41,20260801,16384,0.75,0.25,0.0,0.5,0,159,2.13,1
143,front,qwen3:8b,500a1f067a9f782620b40bee6f7b0c89e17ae61f686b92c24933e4ca4b2b8b41,20260801,16384,0.75,0.67,0.0,0.5,0,526,2.83,1
143,second,qwen3:8b,500a1f067a9f782620b40bee6f7b0c89e17ae61f686b92c24933e4ca4b2b8b41,20260801,16384,0.67,0.5,0.0,0.5,0,381,2.49,1
143,third,qwen3:8b,500a1f067a9f782620b40bee6f7b0c89e17ae61f686b92c24933e4ca4b2b8b41,20260801,16384,0.75,0.5,0.0,0.5,0,200,2.27,1
144,front,qwen3:8b,500a1f067a9f782620b40bee6f7b0c89e17ae61f686b92c24933e4ca4b2b8b41,20260801,16384,0.75,0.5,0.0,0.5,0,435,2.53,1
144,second,qwen3:8b,500a1f067a9f782620b40bee6f7b0c89e17ae61f686b92c24933e4ca4b2b8b41,20260801,16384,0.67,0.5,0.0,0.5,0,247,2.35,1
144,third,qwen3:8b,500a1f067a9f782620b40bee6f7b0c89e17ae61f686b92c24933e4ca4b2b8b41,20260801,16384,0.67,0.33,0.0,0.5,0,144,2.11,1
145,front,qwen3:8b,500a1f067a9f782620b40bee6f7b0c89e17ae61f686b92c24933e4ca4b2b8b41,20260801,16384,0.75,0.67,0.0,0.5,0,562,2.79,1
145,second,qwen3:8b,500a1f067a9f782620b40bee6f7b0c89e17ae61f686b92c24933e4ca4b2b8b41,20260801,16384,0.67,0.33,0.0,0.5,0,311,2.34,1
145,third,qwen3:8b,500a1f067a9f782620b40bee6f7b0c89e17ae61f686b92c24933e4ca4b2b8b41,20260801,16384,0.5,0.5,0.0,0.5,0,102,1.95,1
146,front,qwen3:8b,500a1f067a9f782620b40bee6f7b0c89e17ae61f686b92c24933e4ca4b2b8b41,20260801,16384,0.75,0.75,0.25,1.0,0,310,2.32,1
146,second,qwen3:8b,500a1f067a9f782620b40bee6f7b0c89e17ae61f686b92c24933e4ca4b2b8b41,20260801,16384,0.67,0.33,0.0,0.5,0,265,2.33,1
146,third,qwen3:8b,500a1f067a9f782620b40bee6f7b0c89e17ae61f686b92c24933e4ca4b2b8b41,20260801,16384,0.75,0.5,0.0,0.5,0,150,2.14,1
147,front,qwen3:8b,500a1f067a9f782620b40bee6f7b0c89e17ae61f686b92c24933e4ca4b2b8b41,20260801,16384,0.0,0.0,0.0,0.5,0,79,2.09,1
147,second,qwen3:8b,500a1f067a9f782620b40bee6f7b0c89e17ae61f686b92c24933e4ca4b2b8b41,20260801,16384,0.0,0.0,0.0,0.5,0,224,2.27,1
147,third,qwen3:8b,500a1f067a9f782620b40bee6f7b0c89e17ae61f686b92c24933e4ca4b2b8b41,20260801,16384,0.0,0.0,0.0,0.5,0,62,2.08,1
148,front,qwen3:8b,500a1f067a9f782620b40bee6f7b0c89e17ae61f686b92c24933e4ca4b2b8b41,20260801,16384,0.75,0.5,0.0,0.5,0,669,2.81,1
148,second,qwen3:8b,500a1f067a9f782620b40bee6f7b0c89e17ae61f686b92c24933e4ca4b2b8b41,20260801,16384,0.67,0.33,0.0,0.5,0,346,2.32,1
148,third,qwen3:8b,500a1f067a9f782620b40bee6f7b0c89e17ae61f686b92c24933e4ca4b2b8b41,20260801,16384,0.67,0.5,0.0,0.5,0,180,2.13,1
149,front,qwen3:8b,500a1f067a9f782620b40bee6f7b0c89e17ae61f686b92c24933e4ca4b2b8b41,20260801,16384,0.0,0.0,0.0,1.0,0,75,2.1,1
149,second,qwen3:8b,500a1f067a9f782620b40bee6f7b0c89e17ae61f686b92c24933e4ca4b2b8b41,20260801,16384,0.25,0.25,0.0,0.5,0,166,2.13,1
149,third,qwen3:8b,500a1f067a9f782620b40bee6f7b0c89e17ae61f686b92c24933e4ca4b2b8b41,20260801,16384,0.0,0.0,0.0,0.0,0,66,2.09,1
150,front,qwen3:8b,500a1f067a9f782620b40bee6f7b0c89e17ae61f686b92c24933e4ca4b2b8b41,20260801,16384,0.85,0.75,0.25,0.75,0,799,3.45,1
150,second,qwen3:8b,500a1f067a9f782620b40bee6f7b0c89e17ae61f686b92c24933e4ca4b2b8b41,20260801,16384,0.75,0.5,0.0,0.5,0,302,2.34,1
150,third,qwen3:8b,500a1f067a9f782620b40bee6f7b0c89e17ae61f686b92c24933e4ca4b2b8b41,20260801,16384,0.75,0.25,0.0,0.5,0,105,2.1,1
151,front,qwen3:8b,500a1f067a9f782620b40bee6f7b0c89e17ae61f686b92c24933e4ca4b2b8b41,20260801,16384,0.83,0.75,0.0,0.75,0,484,2.77,1
151,second,qwen3:8b,500a1f067a9f782620b40bee6f7b0c89e17ae61f686b92c24933e4ca4b2b8b41,20260801,16384,0.75,0.5,0.0,0.5,0,215,2.3,1
151,third,qwen3:8b,500a1f067a9f782620b40bee6f7b0c89e17ae61f686b92c24933e4ca4b2b8b41,20260801,16384,0.5,0.0,0.0,0.0,0,97,1.96,1
152,front,qwen3:8b,500a1f067a9f782620b40bee6f7b0c89e17ae61f686b92c24933e4ca4b2b8b41,20260801,16384,0.75,0.75,0.0,0.5,0,605,2.8,1
152,second,qwen3:8b,500a1f067a9f782620b40bee6f7b0c89e17ae61f686b92c24933e4ca4b2b8b41,20260801,16384,0.67,0.33,0.0,0.5,0,314,2.34,1
152,third,qwen3:8b,500a1f067a9f782620b40bee6f7b0c89e17ae61f686b92c24933e4ca4b2b8b41,20260801,16384,0.75,0.5,0.0,0.5,0,152,2.13,1
153,front,qwen3:8b,500a1f067a9f782620b40bee6f7b0c89e17ae61f686b92c24933e4ca4b2b8b41,20260801,16384,0.75,0.67,0.0,0.5,0,480,2.53,1
153,second,qwen3:8b,500a1f067a9f782620b40bee6f7b0c89e17ae61f686b92c24933e4ca4b2b8b41,20260801,16384,0.75,0.5,0.0,0.5,0,253,2.28,1
153,third,qwen3:8b,500a1f067a9f782620b40bee6f7b0c89e17ae61f686b92c24933e4ca4b2b8b41,20260801,16384,0.75,0.25,0.0,0.0,0,107,2.1,1
154,front,qwen3:8b,500a1f067a9f782620b40bee6f7b0c89e17ae61f686b92c24933e4ca4b2b8b41,20260801,16384,0.75,0.85,0.25,0.75,0,855,3.45,1
154,second,qwen3:8b,500a1f067a9f782620b40bee6f7b0c89e17ae61f686b92c24933e4ca4b2b8b41,20260801,16384,0.33,0.25,0.0,0.5,0,336,2.33,1
154,third,qwen3:8b,500a1f067a9f782620b40bee6f7b0c89e17ae61f686b92c24933e4ca4b2b8b41,20260801,16384,0.5,0.0,0.0,1.0,0,82,1.93,1
155,front,qwen3:8b,500a1f067a9f782620b40bee6f7b0c89e17ae61f686b92c24933e4ca4b2b8b41,20260801,16384,0.75,0.67,0.25,0.75,0,553,2.81,1
155,second,qwen3:8b,500a1f067a9f782620b40bee6f7b0c89e17ae61f686b92c24933e4ca4b2b8b41,20260801,16384,0.75,0.67,0.0,0.5,0,283,2.32,1
155,third,qwen3:8b,500a1f067a9f782620b40bee6f7b0c89e17ae61f686b92c24933e4ca4b2b8b41,20260801,16384,0.5,0.0,0.0,0.0,0,95,1.94,1
156,front,qwen3:8b,500a1f067a9f782620b40bee6f7b0c89e17ae61f686b92c24933e4ca4b2b8b41,20260801,16384,0.75,0.75,0.0,0.5,0,677,2.78,1
156,second,qwen3:8b,500a1f067a9f782620b40bee6f7b0c89e17ae61f686b92c24933e4ca4b2b8b41,20260801,16384,0.33,0.5,0.0,0.5,0,285,2.34,1
156,third,qwen3:8b,500a1f067a9f782620b40bee6f7b0c89e17ae61f686b92c24933e4ca4b2b8b41,20260801,16384,0.5,0.5,0.0,0.5,0,152,1.95,1
157,front,qwen3:8b,500a1f067a9f782620b40bee6f7b0c89e17ae61f686b92c24933e4ca4b2b8b41,20260801,16384,0.75,0.67,0.0,0.5,0,689,3.12,1
157,second,qwen3:8b,500a1f067a9f782620b40bee6f7b0c89e17ae61f686b92c24933e4ca4b2b8b41,20260801,16384,0.33,0.25,0.0,0.5,0,383,2.49,1
157,third,qwen3:8b,500a1f067a9f782620b40bee6f7b0c89e17ae61f686b92c24933e4ca4b2b8b41,20260801,16384,0.33,0.17,0.0,0.0,0,124,2.1,1
158,front,qwen3:8b,500a1f067a9f782620b40bee6f7b0c89e17ae61f686b92c24933e4ca4b2b8b41,20260801,16384,0.75,0.85,0.1,0.5,0,831,3.5,1
158,second,qwen3:8b,500a1f067a9f782620b40bee6f7b0c89e17ae61f686b92c24933e4ca4b2b8b41,20260801,16384,0.67,0.33,0.0,0.5,0,314,2.34,1
158,third,qwen3:8b,500a1f067a9f782620b40bee6f7b0c89e17ae61f686b92c24933e4ca4b2b8b41,20260801,16384,0.5,0.5,0.0,0.5,0,93,1.94,1
159,front,qwen3:8b,500a1f067a9f782620b40bee6f7b0c89e17ae61f686b92c24933e4ca4b2b8b41,20260801,16384,0.75,0.75,0.0,0.5,0,690,3.23,1
159,second,qwen3:8b,500a1f067a9f782620b40bee6f7b0c89e17ae61f686b92c24933e4ca4b2b8b41,20260801,16384,0.33,0.25,0.0,0.5,0,325,2.34,1
159,third,qwen3:8b,500a1f067a9f782620b40bee6f7b0c89e17ae61f686b92c24933e4ca4b2b8b41,20260801,16384,0.67,0.33,0.0,0.5,0,129,2.12,1
160,front,qwen3:8b,500a1f067a9f782620b40bee6f7b0c89e17ae61f686b92c24933e4ca4b2b8b41,20260801,16384,0.75,0.75,0.0,0.5,0,873,3.44,1
160,second,qwen3:8b,500a1f067a9f782620b40bee6f7b0c89e17ae61f686b92c24933e4ca4b2b8b41,20260801,16384,0.67,0.5,0.0,0.5,0,297,2.3,1
160,third,qwen3:8b,500a1f067a9f782620b40bee6f7b0c89e17ae61f686b92c24933e4ca4b2b8b41,20260801,16384,0.67,0.33,0.0,0.5,0,115,2.11,1
161,front,qwen3:8b,500a1f067a9f782620b40bee6f7b0c89e17ae61f686b92c24933e4ca4b2b8b41,20260801,16384,0.75,0.85,0.1,0.5,0,875,3.53,1
161,second,qwen3:8b,500a1f067a9f782620b40bee6f7b0c89e17ae61f686b92c24933e4ca4b2b8b41,20260801,16384,0.33,0.25,0.0,0.0,0,365,2.51,1
161,third,qwen3:8b,500a1f067a9f782620b40bee6f7b0c89e17ae61f686b92c24933e4ca4b2b8b41,20260801,16384,0.33,0.5,0.0,0.5,0,125,2.13,1
162,front,qwen3:8b,500a1f067a9f782620b40bee6f7b0c89e17ae61f686b92c24933e4ca4b2b8b41,20260801,16384,0.75,0.85,0.1,0.3,0,795,3.38,1
162,second,qwen3:8b,500a1f067a9f782620b40bee6f7b0c89e17ae61f686b92c24933e4ca4b2b8b41,20260801,16384,0.33,0.5,0.25,0.5,0,266,2.43,1
162,third,qwen3:8b,500a1f067a9f782620b40bee6f7b0c89e17ae61f686b92c24933e4ca4b2b8b41,20260801,16384,0.33,0.5,0.0,0.5,0,102,2.2,1
163,front,qwen3:8b,500a1f067a9f782620b40bee6f7b0c89e17ae61f686b92c24933e4ca4b2b8b41,20260801,16384,0.83,0.83,0.0,0.5,0,801,3.54,1
163,second,qwen3:8b,500a1f067a9f782620b40bee6f7b0c89e17ae61f686b92c24933e4ca4b2b8b41,20260801,16384,0.75,0.5,0.0,0.5,0,304,2.44,1
163,third,qwen3:8b,500a1f067a9f782620b40bee6f7b0c89e17ae61f686b92c24933e4ca4b2b8b41,20260801,16384,0.75,0.25,0.0,0.5,0,106,2.21,1
164,front,qwen3:8b,500a1f067a9f782620b40bee6f7b0c89e17ae61f686b92c24933e4ca4b2b8b41,20260801,16384,0.75,0.85,0.1,0.3,0,1105,3.92,1
164,second,qwen3:8b,500a1f067a9f782620b40bee6f7b0c89e17ae61f686b92c24933e4ca4b2b8b41,20260801,16384,0.5,0.3,0.2,0.5,0,469,2.53,1
164,third,qwen3:8b,500a1f067a9f782620b40bee6f7b0c89e17ae61f686b92c24933e4ca4b2b8b41,20260801,16384,0.75,0.25,0.0,0.0,0,153,2.25,1
165,front,qwen3:8b,500a1f067a9f782620b40bee6f7b0c89e17ae61f686b92c24933e4ca4b2b8b41,20260801,16384,0.85,0.8,0.1,0.5,0,861,3.59,1
165,second,qwen3:8b,500a1f067a9f782620b40bee6f7b0c89e17ae61f686b92c24933e4ca4b2b8b41,20260801,16384,0.33,0.5,0.0,0.5,0,419,2.69,1
165,third,qwen3:8b,500a1f067a9f782620b40bee6f7b0c89e17ae61f686b92c24933e4ca4b2b8b41,20260801,16384,0.75,0.5,0.0,0.5,0,148,2.25,1
166,front,qwen3:8b,500a1f067a9f782620b40bee6f7b0c89e17ae61f686b92c24933e4ca4b2b8b41,20260801,16384,0.75,0.67,0.0,0.5,0,542,2.7,1
166,second,qwen3:8b,500a1f067a9f782620b40bee6f7b0c89e17ae61f686b92c24933e4ca4b2b8b41,20260801,16384,0.67,0.5,0.0,0.5,0,478,2.7,1
166,third,qwen3:8b,500a1f067a9f782620b40bee6f7b0c89e17ae61f686b92c24933e4ca4b2b8b41,20260801,16384,0.75,0.5,0.0,0.0,0,139,2.26,1
167,front,qwen3:8b,500a1f067a9f782620b40bee6f7b0c89e17ae61f686b92c24933e4ca4b2b8b41,20260801,16384,0.75,0.85,0.1,0.5,0,857,3.57,1
167,second,qwen3:8b,500a1f067a9f782620b40bee6f7b0c89e17ae61f686b92c24933e4ca4b2b8b41,20260801,16384,0.33,0.5,0.0,0.5,0,338,2.39,1
167,third,qwen3:8b,500a1f067a9f782620b40bee6f7b0c89e17ae61f686b92c24933e4ca4b2b8b41,20260801,16384,0.5,0.0,0.0,0.5,0,84,1.96,1
168,front,qwen3:8b,500a1f067a9f782620b40bee6f7b0c89e17ae61f686b92c24933e4ca4b2b8b41,20260801,16384,0.75,0.5,0.0,0.0,0,332,2.37,1
168,second,qwen3:8b,500a1f067a9f782620b40bee6f7b0c89e17ae61f686b92c24933e4ca4b2b8b41,20260801,16384,0.33,0.25,0.0,0.5,0,349,2.36,1
168,third,qwen3:8b,500a1f067a9f782620b40bee6f7b0c89e17ae61f686b92c24933e4ca4b2b8b41,20260801,16384,0.5,0.25,0.0,0.0,0,127,2.03,1
169,front,qwen3:8b,500a1f067a9f782620b40bee6f7b0c89e17ae61f686b92c24933e4ca4b2b8b41,20260801,16384,0.75,0.25,0.0,0.5,0,443,2.56,1
169,second,qwen3:8b,500a1f067a9f782620b40bee6f7b0c89e17ae61f686b92c24933e4ca4b2b8b41,20260801,16384,0.4,0.3,0.0,0.25,0,307,2.34,1
169,third,qwen3:8b,500a1f067a9f782620b40bee6f7b0c89e17ae61f686b92c24933e4ca4b2b8b41,20260801,16384,0.5,0.0,0.0,0.5,0,141,2.0,1
170,front,qwen3:8b,500a1f067a9f782620b40bee6f7b0c89e17ae61f686b92c24933e4ca4b2b8b41,20260801,16384,0.75,0.5,0.0,0.5,0,452,2.6,1
170,second,qwen3:8b,500a1f067a9f782620b40bee6f7b0c89e17ae61f686b92c24933e4ca4b2b8b41,20260801,16384,0.33,0.25,0.0,0.5,0,322,2.45,1
170,third,qwen3:8b,500a1f067a9f782620b40bee6f7b0c89e17ae61f686b92c24933e4ca4b2b8b41,20260801,16384,0.75,0.25,0.0,0.5,0,155,2.12,1
171,front,qwen3:8b,500a1f067a9f782620b40bee6f7b0c89e17ae61f686b92c24933e4ca4b2b8b41,20260801,16384,0.75,0.25,0.0,0.5,0,399,2.34,1
171,second,qwen3:8b,500a1f067a9f782620b40bee6f7b0c89e17ae61f686b92c24933e4ca4b2b8b41,20260801,16384,0.33,0.25,0.0,0.5,0,296,2.31,1
171,third,qwen3:8b,500a1f067a9f782620b40bee6f7b0c89e17ae61f686b92c24933e4ca4b2b8b41,20260801,16384,0.5,0.25,0.0,0.5,0,147,1.99,1
172,front,qwen3:8b,500a1f067a9f782620b40bee6f7b0c89e17ae61f686b92c24933e4ca4b2b8b41,20260801,16384,0.75,0.25,0.0,0.5,0,514,2.53,1
172,second,qwen3:8b,500a1f067a9f782620b40bee6f7b0c89e17ae61f686b92c24933e4ca4b2b8b41,20260801,16384,0.33,0.25,0.5,0.5,0,325,2.33,1
172,third,qwen3:8b,500a1f067a9f782620b40bee6f7b0c89e17ae61f686b92c24933e4ca4b2b8b41,20260801,16384,0.75,0.25,0.0,0.0,0,105,2.11,1
173,front,qwen3:8b,500a1f067a9f782620b40bee6f7b0c89e17ae61f686b92c24933e4ca4b2b8b41,20260801,16384,0.75,0.25,0.0,0.5,0,523,2.54,1
173,second,qwen3:8b,500a1f067a9f782620b40bee6f7b0c89e17ae61f686b92c24933e4ca4b2b8b41,20260801,16384,0.67,0.33,0.0,0.5,0,282,2.3,1
173,third,qwen3:8b,500a1f067a9f782620b40bee6f7b0c89e17ae61f686b92c24933e4ca4b2b8b41,20260801,16384,0.5,0.25,0.0,0.5,0,169,1.99,1
174,front,qwen3:8b,500a1f067a9f782620b40bee6f7b0c89e17ae61f686b92c24933e4ca4b2b8b41,20260801,16384,0.75,0.25,0.0,0.5,0,805,3.2,1
174,second,qwen3:8b,500a1f067a9f782620b40bee6f7b0c89e17ae61f686b92c24933e4ca4b2b8b41,20260801,16384,0.33,0.25,0.0,0.5,0,415,2.5,1
174,third,qwen3:8b,500a1f067a9f782620b40bee6f7b0c89e17ae61f686b92c24933e4ca4b2b8b41,20260801,16384,0.5,0.0,0.0,0.5,0,145,1.95,1
175,front,qwen3:8b,500a1f067a9f782620b40bee6f7b0c89e17ae61f686b92c24933e4ca4b2b8b41,20260801,16384,0.75,0.25,0.0,0.0,0,578,2.8,1
175,second,qwen3:8b,500a1f067a9f782620b40bee6f7b0c89e17ae61f686b92c24933e4ca4b2b8b41,20260801,16384,0.67,0.33,0.0,0.5,0,257,2.31,1
175,third,qwen3:8b,500a1f067a9f782620b40bee6f7b0c89e17ae61f686b92c24933e4ca4b2b8b41,20260801,16384,0.5,0.0,0.0,0.0,0,137,1.96,1
176,front,qwen3:8b,500a1f067a9f782620b40bee6f7b0c89e17ae61f686b92c24933e4ca4b2b8b41,20260801,16384,0.83,0.25,0.0,0.5,0,452,2.54,1
176,second,qwen3:8b,500a1f067a9f782620b40bee6f7b0c89e17ae61f686b92c24933e4ca4b2b8b41,20260801,16384,0.75,0.25,0.0,0.5,0,312,2.33,1
176,third,qwen3:8b,500a1f067a9f782620b40bee6f7b0c89e17ae61f686b92c24933e4ca4b2b8b41,20260801,16384,0.75,0.25,0.0,0.5,0,117,2.1,1
177,front,qwen3:8b,500a1f067a9f782620b40bee6f7b0c89e17ae61f686b92c24933e4ca4b2b8b41,20260801,16384,0.75,0.25,0.0,0.0,0,642,2.8,1
177,second,qwen3:8b,500a1f067a9f782620b40bee6f7b0c89e17ae61f686b92c24933e4ca4b2b8b41,20260801,16384,0.67,0.33,0.0,0.5,0,392,2.32,1
177,third,qwen3:8b,500a1f067a9f782620b40bee6f7b0c89e17ae61f686b92c24933e4ca4b2b8b41,20260801,16384,0.75,0.25,0.0,0.5,0,168,2.12,1
178,front,qwen3:8b,500a1f067a9f782620b40bee6f7b0c89e17ae61f686b92c24933e4ca4b2b8b41,20260801,16384,0.85,0.25,0.0,0.0,0,452,2.52,1
178,second,qwen3:8b,500a1f067a9f782620b40bee6f7b0c89e17ae61f686b92c24933e4ca4b2b8b41,20260801,16384,0.75,0.25,0.0,0.5,0,239,2.31,1
178,third,qwen3:8b,500a1f067a9f782620b40bee6f7b0c89e17ae61f686b92c24933e4ca4b2b8b41,20260801,16384,0.75,0.25,0.0,0.5,0,114,2.11,1
179,front,qwen3:8b,500a1f067a9f782620b40bee6f7b0c89e17ae61f686b92c24933e4ca4b2b8b41,20260801,16384,0.75,0.25,0.0,0.0,0,485,2.54,1
179,second,qwen3:8b,500a1f067a9f782620b40bee6f7b0c89e17ae61f686b92c24933e4ca4b2b8b41,20260801,16384,0.75,0.25,0.0,0.5,0,259,2.29,1
179,third,qwen3:8b,500a1f067a9f782620b40bee6f7b0c89e17ae61f686b92c24933e4ca4b2b8b41,20260801,16384,0.75,0.25,0.0,0.5,0,116,2.1,1
180,front,qwen3:8b,500a1f067a9f782620b40bee6f7b0c89e17ae61f686b92c24933e4ca4b2b8b41,20260801,16384,0.75,0.75,0.0,0.5,0,857,3.48,1
180,second,qwen3:8b,500a1f067a9f782620b40bee6f7b0c89e17ae61f686b92c24933e4ca4b2b8b41,20260801,16384,0.33,0.25,0.0,0.5,0,339,2.36,1
180,third,qwen3:8b,500a1f067a9f782620b40bee6f7b0c89e17ae61f686b92c24933e4ca4b2b8b41,20260801,16384,0.5,0.0,0.0,0.5,0,84,1.93,1
181,front,qwen3:8b,500a1f067a9f782620b40bee6f7b0c89e17ae61f686b92c24933e4ca4b2b8b41,20260801,16384,0.75,0.25,0.0,0.5,0,689,2.82,1
181,second,qwen3:8b,500a1f067a9f782620b40bee6f7b0c89e17ae61f686b92c24933e4ca4b2b8b41,20260801,16384,0.75,0.25,0.0,0.5,0,585,2.54,1
181,third,qwen3:8b,500a1f067a9f782620b40bee6f7b0c89e17ae61f686b92c24933e4ca4b2b8b41,20260801,16384,0.5,0.0,0.0,0.0,0,147,1.99,1
182,front,qwen3:8b,500a1f067a9f782620b40bee6f7b0c89e17ae61f686b92c24933e4ca4b2b8b41,20260801,16384,0.75,0.75,0.0,0.5,0,619,3.12,1
182,second,qwen3:8b,500a1f067a9f782620b40bee6f7b0c89e17ae61f686b92c24933e4ca4b2b8b41,20260801,16384,0.4,0.3,0.0,0.25,0,366,2.34,1
182,third,qwen3:8b,500a1f067a9f782620b40bee6f7b0c89e17ae61f686b92c24933e4ca4b2b8b41,20260801,16384,0.75,0.25,0.0,0.0,0,133,2.11,1
183,front,qwen3:8b,500a1f067a9f782620b40bee6f7b0c89e17ae61f686b92c24933e4ca4b2b8b41,20260801,16384,0.85,0.65,0.0,0.5,0,675,3.17,1
183,second,qwen3:8b,500a1f067a9f782620b40bee6f7b0c89e17ae61f686b92c24933e4ca4b2b8b41,20260801,16384,0.67,0.33,0.0,0.5,0,394,2.49,1
183,third,qwen3:8b,500a1f067a9f782620b40bee6f7b0c89e17ae61f686b92c24933e4ca4b2b8b41,20260801,16384,0.75,0.5,0.0,0.5,0,140,2.13,1
184,front,qwen3:8b,500a1f067a9f782620b40bee6f7b0c89e17ae61f686b92c24933e4ca4b2b8b41,20260801,16384,0.85,0.65,0.15,0.35,0,660,3.19,1
184,second,qwen3:8b,500a1f067a9f782620b40bee6f7b0c89e17ae61f686b92c24933e4ca4b2b8b41,20260801,16384,0.67,0.33,0.0,0.5,0,299,2.3,1
184,third,qwen3:8b,500a1f067a9f782620b40bee6f7b0c89e17ae61f686b92c24933e4ca4b2b8b41,20260801,16384,0.75,0.25,0.0,0.5,0,100,2.09,1
185,front,qwen3:8b,500a1f067a9f782620b40bee6f7b0c89e17ae61f686b92c24933e4ca4b2b8b41,20260801,16384,0.75,0.67,0.0,0.5,0,692,3.22,1
185,second,qwen3:8b,500a1f067a9f782620b40bee6f7b0c89e17ae61f686b92c24933e4ca4b2b8b41,20260801,16384,0.33,0.25,0.0,0.5,0,326,2.36,1
185,third,qwen3:8b,500a1f067a9f782620b40bee6f7b0c89e17ae61f686b92c24933e4ca4b2b8b41,20260801,16384,0.75,0.25,0.0,0.5,0,131,2.11,1
186,front,qwen3:8b,500a1f067a9f782620b40bee6f7b0c89e17ae61f686b92c24933e4ca4b2b8b41,20260801,16384,0.75,0.75,0.0,0.5,0,875,3.46,1
186,second,qwen3:8b,500a1f067a9f782620b40bee6f7b0c89e17ae61f686b92c24933e4ca4b2b8b41,20260801,16384,0.67,0.5,0.0,0.5,0,298,2.32,1
186,third,qwen3:8b,500a1f067a9f782620b40bee6f7b0c89e17ae61f686b92c24933e4ca4b2b8b41,20260801,16384,0.75,0.25,0.0,0.5,0,116,2.13,1
187,front,qwen3:8b,500a1f067a9f782620b40bee6f7b0c89e17ae61f686b92c24933e4ca4b2b8b41,20260801,16384,0.85,0.4,0.0,0.5,0,865,3.53,1
187,second,qwen3:8b,500a1f067a9f782620b40bee6f7b0c89e17ae61f686b92c24933e4ca4b2b8b41,20260801,16384,0.33,0.17,0.0,0.5,0,279,2.31,1
187,third,qwen3:8b,500a1f067a9f782620b40bee6f7b0c89e17ae61f686b92c24933e4ca4b2b8b41,20260801,16384,0.75,0.25,0.0,0.5,0,80,2.09,1
188,front,qwen3:8b,500a1f067a9f782620b40bee6f7b0c89e17ae61f686b92c24933e4ca4b2b8b41,20260801,16384,0.75,0.75,0.0,0.0,0,796,3.12,1
188,second,qwen3:8b,500a1f067a9f782620b40bee6f7b0c89e17ae61f686b92c24933e4ca4b2b8b41,20260801,16384,0.5,0.3,0.0,0.5,0,267,2.15,1
188,third,qwen3:8b,500a1f067a9f782620b40bee6f7b0c89e17ae61f686b92c24933e4ca4b2b8b41,20260801,16384,0.5,0.5,0.0,0.0,0,104,1.95,1
189,front,qwen3:8b,500a1f067a9f782620b40bee6f7b0c89e17ae61f686b92c24933e4ca4b2b8b41,20260801,16384,0.85,0.75,0.0,0.5,0,802,3.47,1
189,second,qwen3:8b,500a1f067a9f782620b40bee6f7b0c89e17ae61f686b92c24933e4ca4b2b8b41,20260801,16384,0.75,0.5,0.0,0.5,0,305,2.33,1
189,third,qwen3:8b,500a1f067a9f782620b40bee6f7b0c89e17ae61f686b92c24933e4ca4b2b8b41,20260801,16384,0.75,0.25,0.0,0.5,0,108,2.1,1
190,front,qwen3:8b,500a1f067a9f782620b40bee6f7b0c89e17ae61f686b92c24933e4ca4b2b8b41,20260801,16384,0.83,0.75,0.0,0.5,0,614,2.81,1
190,second,qwen3:8b,500a1f067a9f782620b40bee6f7b0c89e17ae61f686b92c24933e4ca4b2b8b41,20260801,16384,0.75,0.5,0.0,0.5,0,305,2.3,1
190,third,qwen3:8b,500a1f067a9f782620b40bee6f7b0c89e17ae61f686b92c24933e4ca4b2b8b41,20260801,16384,0.75,0.25,0.0,0.0,0,131,2.1,1
191,front,qwen3:8b,500a1f067a9f782620b40bee6f7b0c89e17ae61f686b92c24933e4ca4b2b8b41,20260801,16384,0.85,0.35,0.0,0.5,0,746,3.21,1
191,second,qwen3:8b,500a1f067a9f782620b40bee6f7b0c89e17ae61f686b92c24933e4ca4b2b8b41,20260801,16384,0.67,0.33,0.0,0.5,0,332,2.32,1
191,third,qwen3:8b,500a1f067a9f782620b40bee6f7b0c89e17ae61f686b92c24933e4ca4b2b8b41,20260801,16384,0.75,0.25,0.0,0.5,0,123,2.12,1
192,front,qwen3:8b,500a1f067a9f782620b40bee6f7b0c89e17ae61f686b92c24933e4ca4b2b8b41,20260801,16384,0.83,0.67,0.0,0.5,0,551,2.8,1
192,second,qwen3:8b,500a1f067a9f782620b40bee6f7b0c89e17ae61f686b92c24933e4ca4b2b8b41,20260801,16384,0.67,0.5,0.0,0.5,0,322,2.31,1
192,third,qwen3:8b,500a1f067a9f782620b40bee6f7b0c89e17ae61f686b92c24933e4ca4b2b8b41,20260801,16384,0.75,0.25,0.0,0.5,0,129,2.11,1
193,front,qwen3:8b,500a1f067a9f782620b40bee6f7b0c89e17ae61f686b92c24933e4ca4b2b8b41,20260801,16384,0.75,0.85,0.0,0.5,0,858,3.48,1
193,second,qwen3:8b,500a1f067a9f782620b40bee6f7b0c89e17ae61f686b92c24933e4ca4b2b8b41,20260801,16384,0.67,0.33,0.0,0.5,0,339,2.33,1
193,third,qwen3:8b,500a1f067a9f782620b40bee6f7b0c89e17ae61f686b92c24933e4ca4b2b8b41,20260801,16384,0.5,0.0,0.0,0.5,0,85,1.93,1
194,front,qwen3:8b,500a1f067a9f782620b40bee6f7b0c89e17ae61f686b92c24933e4ca4b2b8b41,20260801,16384,0.83,0.75,0.0,0.5,0,342,2.48,1
194,second,qwen3:8b,500a1f067a9f782620b40bee6f7b0c89e17ae61f686b92c24933e4ca4b2b8b41,20260801,16384,0.75,0.5,0.0,0.5,0,298,2.34,1
194,third,qwen3:8b,500a1f067a9f782620b40bee6f7b0c89e17ae61f686b92c24933e4ca4b2b8b41,20260801,16384,0.5,0.0,0.0,0.0,0,125,2.1,1
195,front,qwen3:8b,500a1f067a9f782620b40bee6f7b0c89e17ae61f686b92c24933e4ca4b2b8b41,20260801,16384,0.75,0.85,0.1,0.5,0,825,3.56,1
195,second,qwen3:8b,500a1f067a9f782620b40bee6f7b0c89e17ae61f686b92c24933e4ca4b2b8b41,20260801,16384,0.67,0.5,0.0,0.5,0,282,2.35,1
195,third,qwen3:8b,500a1f067a9f782620b40bee6f7b0c89e17ae61f686b92c24933e4ca4b2b8b41,20260801,16384,0.75,0.25,0.0,0.5,0,126,2.16,1
196,front,qwen3:8b,500a1f067a9f782620b40bee6f7b0c89e17ae61f686b92c24933e4ca4b2b8b41,20260801,16384,0.75,0.67,0.0,0.5,0,598,2.93,1
196,second,qwen3:8b,500a1f067a9f782620b40bee6f7b0c89e17ae61f686b92c24933e4ca4b2b8b41,20260801,16384,0.67,0.5,0.0,0.5,0,361,2.44,1
196,third,qwen3:8b,500a1f067a9f782620b40bee6f7b0c89e17ae61f686b92c24933e4ca4b2b8b41,20260801,16384,0.75,0.5,0.0,0.5,0,167,2.21,1
197,front,qwen3:8b,500a1f067a9f782620b40bee6f7b0c89e17ae61f686b92c24933e4ca4b2b8b41,20260801,16384,0.75,0.85,0.1,0.5,0,797,3.53,1
197,second,qwen3:8b,500a1f067a9f782620b40bee6f7b0c89e17ae61f686b92c24933e4ca4b2b8b41,20260801,16384,0.67,0.5,0.0,0.5,0,295,2.35,1
197,third,qwen3:8b,500a1f067a9f782620b40bee6f7b0c89e17ae61f686b92c24933e4ca4b2b8b41,20260801,16384,0.5,0.5,0.0,0.5,0,107,1.95,1
198,front,qwen3:8b,500a1f067a9f782620b40bee6f7b0c89e17ae61f686b92c24933e4ca4b2b8b41,20260801,16384,0.75,0.85,0.1,0.5,0,944,3.77,1
198,second,qwen3:8b,500a1f067a9f782620b40bee6f7b0c89e17ae61f686b92c24933e4ca4b2b8b41,20260801,16384,0.75,0.75,0.0,0.5,0,317,2.44,1
198,third,qwen3:8b,500a1f067a9f782620b40bee6f7b0c89e17ae61f686b92c24933e4ca4b2b8b41,20260801,16384,0.67,0.75,0.0,0.5,0,132,2.2,1
199,front,qwen3:8b,500a1f067a9f782620b40bee6f7b0c89e17ae61f686b92c24933e4ca4b2b8b41,20260801,16384,0.75,0.5,0.0,0.5,0,768,3.29,1
199,second,qwen3:8b,500a1f067a9f782620b40bee6f7b0c89e17ae61f686b92c24933e4ca4b2b8b41,20260801,16384,0.67,0.33,0.0,0.5,0,355,2.42,1
199,third,qwen3:8b,500a1f067a9f782620b40bee6f7b0c89e17ae61f686b92c24933e4ca4b2b8b41,20260801,16384,0.75,0.25,0.0,0.5,0,122,2.13,1
200,front,qwen3:8b,500a1f067a9f782620b40bee6f7b0c89e17ae61f686b92c24933e4ca4b2b8b41,20260801,16384,0.75,0.85,0.0,0.5,0,1062,4.45,1
200,second,qwen3:8b,500a1f067a9f782620b40bee6f7b0c89e17ae61f686b92c24933e4ca4b2b8b41,20260801,16384,0.67,0.5,0.0,0.5,0,339,2.37,1
200,third,qwen3:8b,500a1f067a9f782620b40bee6f7b0c89e17ae61f686b92c24933e4ca4b2b8b41,20260801,16384,0.67,0.33,0.0,0.5,0,99,2.11,1
201,front,qwen3:8b,500a1f067a9f782620b40bee6f7b0c89e17ae61f686b92c24933e4ca4b2b8b41,20260801,16384,0.75,0.67,0.0,0.5,0,802,3.23,1
201,second,qwen3:8b,500a1f067a9f782620b40bee6f7b0c89e17ae61f686b92c24933e4ca4b2b8b41,20260801,16384,0.33,0.25,0.0,0.5,0,244,2.31,1
201,third,qwen3:8b,500a1f067a9f782620b40bee6f7b0c89e17ae61f686b92c24933e4ca4b2b8b41,20260801,16384,0.5,0.0,0.0,0.0,0,126,1.96,1
202,front,qwen3:8b,500a1f067a9f782620b40bee6f7b0c89e17ae61f686b92c24933e4ca4b2b8b41,20260801,16384,0.85,0.75,0.0,0.5,0,1172,4.52,1
202,second,qwen3:8b,500a1f067a9f782620b40bee6f7b0c89e17ae61f686b92c24933e4ca4b2b8b41,20260801,16384,0.75,0.25,0.0,0.5,0,341,2.38,1
202,third,qwen3:8b,500a1f067a9f782620b40bee6f7b0c89e17ae61f686b92c24933e4ca4b2b8b41,20260801,16384,0.75,0.25,0.0,0.5,0,111,2.13,1
203,front,qwen3:8b,500a1f067a9f782620b40bee6f7b0c89e17ae61f686b92c24933e4ca4b2b8b41,20260801,16384,0.67,0.75,0.0,0.5,0,1037,3.46,1
203,second,qwen3:8b,500a1f067a9f782620b40bee6f7b0c89e17ae61f686b92c24933e4ca4b2b8b41,20260801,16384,0.67,0.33,0.0,0.5,0,453,2.56,1
203,third,qwen3:8b,500a1f067a9f782620b40bee6f7b0c89e17ae61f686b92c24933e4ca4b2b8b41,20260801,16384,0.67,0.25,0.0,0.5,0,180,2.15,1
204,front,qwen3:8b,500a1f067a9f782620b40bee6f7b0c89e17ae61f686b92c24933e4ca4b2b8b41,20260801,16384,0.75,0.85,0.0,0.5,0,772,3.56,1
204,second,qwen3:8b,500a1f067a9f782620b40bee6f7b0c89e17ae61f686b92c24933e4ca4b2b8b41,20260801,16384,0.67,0.5,0.0,0.5,0,312,2.35,1
204,third,qwen3:8b,500a1f067a9f782620b40bee6f7b0c89e17ae61f686b92c24933e4ca4b2b8b41,20260801,16384,0.75,0.25,0.0,0.5,0,118,2.14,1
205,front,qwen3:8b,500a1f067a9f782620b40bee6f7b0c89e17ae61f686b92c24933e4ca4b2b8b41,20260801,16384,0.85,0.75,0.1,0.5,0,952,4.36,1
205,second,qwen3:8b,500a1f067a9f782620b40bee6f7b0c89e17ae61f686b92c24933e4ca4b2b8b41,20260801,16384,0.75,0.5,0.0,0.5,0,242,2.37,1
205,third,qwen3:8b,500a1f067a9f782620b40bee6f7b0c89e17ae61f686b92c24933e4ca4b2b8b41,20260801,16384,0.5,0.5,0.0,0.0,0,119,1.99,1
206,front,qwen3:8b,500a1f067a9f782620b40bee6f7b0c89e17ae61f686b92c24933e4ca4b2b8b41,20260801,16384,0.75,0.75,0.0,0.5,0,717,3.25,1
206,second,qwen3:8b,500a1f067a9f782620b40bee6f7b0c89e17ae61f686b92c24933e4ca4b2b8b41,20260801,16384,0.4,0.3,0.2,0.5,0,297,2.34,1
206,third,qwen3:8b,500a1f067a9f782620b40bee6f7b0c89e17ae61f686b92c24933e4ca4b2b8b41,20260801,16384,0.67,0.33,0.0,0.5,0,163,2.16,1
207,front,qwen3:8b,500a1f067a9f782620b40bee6f7b0c89e17ae61f686b92c24933e4ca4b2b8b41,20260801,16384,0.75,0.83,0.0,0.5,0,721,3.26,1
207,second,qwen3:8b,500a1f067a9f782620b40bee6f7b0c89e17ae61f686b92c24933e4ca4b2b8b41,20260801,16384,0.75,0.5,0.0,0.5,0,280,2.36,1
207,third,qwen3:8b,500a1f067a9f782620b40bee6f7b0c89e17ae61f686b92c24933e4ca4b2b8b41,20260801,16384,0.75,0.25,0.0,0.5,0,159,2.19,1
208,front,qwen3:8b,500a1f067a9f782620b40bee6f7b0c89e17ae61f686b92c24933e4ca4b2b8b41,20260801,16384,0.75,0.67,0.0,0.5,0,526,2.86,1
208,second,qwen3:8b,500a1f067a9f782620b40bee6f7b0c89e17ae61f686b92c24933e4ca4b2b8b41,20260801,16384,0.67,0.5,0.0,0.5,0,381,2.54,1
208,third,qwen3:8b,500a1f067a9f782620b40bee6f7b0c89e17ae61f686b92c24933e4ca4b2b8b41,20260801,16384,0.75,0.5,0.0,0.5,0,200,2.32,1
209,front,qwen3:8b,500a1f067a9f782620b40bee6f7b0c89e17ae61f686b92c24933e4ca4b2b8b41,20260801,16384,0.0,0.0,0.0,0.5,0,73,2.17,1
209,second,qwen3:8b,500a1f067a9f782620b40bee6f7b0c89e17ae61f686b92c24933e4ca4b2b8b41,20260801,16384,0.25,0.25,0.5,0.5,0,231,2.49,1
209,third,qwen3:8b,500a1f067a9f782620b40bee6f7b0c89e17ae61f686b92c24933e4ca4b2b8b41,20260801,16384,0.5,0.0,0.0,0.5,0,61,2.06,1
210,front,qwen3:8b,500a1f067a9f782620b40bee6f7b0c89e17ae61f686b92c24933e4ca4b2b8b41,20260801,16384,0.75,0.67,0.0,0.5,0,562,2.93,1
210,second,qwen3:8b,500a1f067a9f782620b40bee6f7b0c89e17ae61f686b92c24933e4ca4b2b8b41,20260801,16384,0.5,0.3,0.0,0.5,0,311,2.18,1
210,third,qwen3:8b,500a1f067a9f782620b40bee6f7b0c89e17ae61f686b92c24933e4ca4b2b8b41,20260801,16384,0.5,0.5,0.0,0.5,0,102,1.94,1
211,front,qwen3:8b,500a1f067a9f782620b40bee6f7b0c89e17ae61f686b92c24933e4ca4b2b8b41,20260801,16384,0.75,0.67,0.25,0.5,0,635,3.08,1
211,second,qwen3:8b,500a1f067a9f782620b40bee6f7b0c89e17ae61f686b92c24933e4ca4b2b8b41,20260801,16384,0.67,0.5,0.0,0.5,0,349,2.35,1
211,third,qwen3:8b,500a1f067a9f782620b40bee6f7b0c89e17ae61f686b92c24933e4ca4b2b8b41,20260801,16384,0.75,0.25,0.0,0.0,0,98,2.24,1
212,front,qwen3:8b,500a1f067a9f782620b40bee6f7b0c89e17ae61f686b92c24933e4ca4b2b8b41,20260801,16384,0.67,0.33,0.0,0.5,0,514,2.96,1
212,second,qwen3:8b,500a1f067a9f782620b40bee6f7b0c89e17ae61f686b92c24933e4ca4b2b8b41,20260801,16384,0.33,0.25,0.0,0.5,0,289,2.53,1
212,third,qwen3:8b,500a1f067a9f782620b40bee6f7b0c89e17ae61f686b92c24933e4ca4b2b8b41,20260801,16384,0.75,0.25,0.0,0.5,0,129,2.19,1
213,front,qwen3:8b,500a1f067a9f782620b40bee6f7b0c89e17ae61f686b92c24933e4ca4b2b8b41,20260801,16384,0.75,0.5,0.25,0.75,0,589,2.9,1
213,second,qwen3:8b,500a1f067a9f782620b40bee6f7b0c89e17ae61f686b92c24933e4ca4b2b8b41,20260801,16384,0.33,0.5,0.0,0.5,0,491,2.6,1
213,third,qwen3:8b,500a1f067a9f782620b40bee6f7b0c89e17ae61f686b92c24933e4ca4b2b8b41,20260801,16384,0.5,0.3,0.0,0.5,0,184,2.01,1
214,front,qwen3:8b,500a1f067a9f782620b40bee6f7b0c89e17ae61f686b92c24933e4ca4b2b8b41,20260801,16384,0.75,0.5,0.25,0.5,0,442,2.58,1
214,second,qwen3:8b,500a1f067a9f782620b40bee6f7b0c89e17ae61f686b92c24933e4ca4b2b8b41,20260801,16384,0.75,0.25,0.0,0.5,0,300,2.37,1
214,third,qwen3:8b,500a1f067a9f782620b40bee6f7b0c89e17ae61f686b92c24933e4ca4b2b8b41,20260801,16384,0.75,0.25,0.0,0.5,0,152,2.26,1
215,front,qwen3:8b,500a1f067a9f782620b40bee6f7b0c89e17ae61f686b92c24933e4ca4b2b8b41,20260801,16384,0.75,0.67,0.0,0.5,0,420,2.75,1
215,second,qwen3:8b,500a1f067a9f782620b40bee6f7b0c89e17ae61f686b92c24933e4ca4b2b8b41,20260801,16384,0.75,0.25,0.0,0.5,0,250,2.44,1
215,third,qwen3:8b,500a1f067a9f782620b40bee6f7b0c89e17ae61f686b92c24933e4ca4b2b8b41,20260801,16384,0.75,0.25,0.0,0.5,0,154,2.25,1
216,front,qwen3:8b,500a1f067a9f782620b40bee6f7b0c89e17ae61f686b92c24933e4ca4b2b8b41,20260801,16384,0.75,0.5,0.25,0.75,0,646,2.95,1
216,second,qwen3:8b,500a1f067a9f782620b40bee6f7b0c89e17ae61f686b92c24933e4ca4b2b8b41,20260801,16384,0.33,0.5,0.25,0.75,0,265,2.43,1
216,third,qwen3:8b,500a1f067a9f782620b40bee6f7b0c89e17ae61f686b92c24933e4ca4b2b8b41,20260801,16384,0.5,0.3,0.0,0.5,0,153,2.08,1
217,front,qwen3:8b,500a1f067a9f782620b40bee6f7b0c89e17ae61f686b92c24933e4ca4b2b8b41,20260801,16384,0.0,0.0,0.0,0.0,0,62,2.27,1
217,second,qwen3:8b,500a1f067a9f782620b40bee6f7b0c89e17ae61f686b92c24933e4ca4b2b8b41,20260801,16384,0.0,0.0,0.0,0.0,0,159,2.23,1
217,third,qwen3:8b,500a1f067a9f782620b40bee6f7b0c89e17ae61f686b92c24933e4ca4b2b8b41,20260801,16384,0.0,0.0,0.0,0.0,0,63,2.23,1
218,front,qwen3:8b,500a1f067a9f782620b40bee6f7b0c89e17ae61f686b92c24933e4ca4b2b8b41,20260801,16384,0.0,0.0,0.0,0.0,0,65,2.23,1
218,second,qwen3:8b,500a1f067a9f782620b40bee6f7b0c89e17ae61f686b92c24933e4ca4b2b8b41,20260801,16384,0.25,0.25,0.0,0.5,0,213,2.4,1
218,third,qwen3:8b,500a1f067a9f782620b40bee6f7b0c89e17ae61f686b92c24933e4ca4b2b8b41,20260801,16384,0.25,0.0,0.0,0.0,0,84,2.18,1
219,front,qwen3:8b,500a1f067a9f782620b40bee6f7b0c89e17ae61f686b92c24933e4ca4b2b8b41,20260801,16384,0.0,0.0,0.0,0.0,0,57,2.18,1
219,second,qwen3:8b,500a1f067a9f782620b40bee6f7b0c89e17ae61f686b92c24933e4ca4b2b8b41,20260801,16384,0.0,0.0,0.5,0.5,0,144,2.23,1
219,third,qwen3:8b,500a1f067a9f782620b40bee6f7b0c89e17ae61f686b92c24933e4ca4b2b8b41,20260801,16384,0.0,0.0,0.0,0.0,0,60,2.19,1
220,front,qwen3:8b,500a1f067a9f782620b40bee6f7b0c89e17ae61f686b92c24933e4ca4b2b8b41,20260801,16384,0.75,0.5,0.0,0.0,0,808,3.38,1
220,second,qwen3:8b,500a1f067a9f782620b40bee6f7b0c89e17ae61f686b92c24933e4ca4b2b8b41,20260801,16384,0.25,0.25,0.0,0.5,0,253,2.42,1
220,third,qwen3:8b,500a1f067a9f782620b40bee6f7b0c89e17ae61f686b92c24933e4ca4b2b8b41,20260801,16384,0.5,0.5,0.0,0.5,0,105,2.21,1
221,front,qwen3:8b,500a1f067a9f782620b40bee6f7b0c89e17ae61f686b92c24933e4ca4b2b8b41,20260801,16384,0.85,0.65,0.1,0.25,0,985,3.59,1
221,second,qwen3:8b,500a1f067a9f782620b40bee6f7b0c89e17ae61f686b92c24933e4ca4b2b8b41,20260801,16384,0.33,0.5,0.0,0.5,0,274,2.44,1
221,third,qwen3:8b,500a1f067a9f782620b40bee6f7b0c89e17ae61f686b92c24933e4ca4b2b8b41,20260801,16384,0.5,0.0,0.0,0.5,0,103,2.08,1
222,front,qwen3:8b,500a1f067a9f782620b40bee6f7b0c89e17ae61f686b92c24933e4ca4b2b8b41,20260801,16384,0.85,0.75,0.1,0.5,0,850,3.63,1
222,second,qwen3:8b,500a1f067a9f782620b40bee6f7b0c89e17ae61f686b92c24933e4ca4b2b8b41,20260801,16384,0.5,0.5,0.5,0.5,0,251,2.24,1
222,third,qwen3:8b,500a1f067a9f782620b40bee6f7b0c89e17ae61f686b92c24933e4ca4b2b8b41,20260801,16384,0.5,0.5,0.0,0.5,0,71,2.09,1
223,front,qwen3:8b,500a1f067a9f782620b40bee6f7b0c89e17ae61f686b92c24933e4ca4b2b8b41,20260801,16384,0.0,0.0,0.0,0.0,0,69,2.18,1
223,second,qwen3:8b,500a1f067a9f782620b40bee6f7b0c89e17ae61f686b92c24933e4ca4b2b8b41,20260801,16384,0.0,0.0,0.0,0.0,0,188,2.31,1
223,third,qwen3:8b,500a1f067a9f782620b40bee6f7b0c89e17ae61f686b92c24933e4ca4b2b8b41,20260801,16384,0.0,0.0,0.0,0.0,0,64,2.16,1
224,front,qwen3:8b,500a1f067a9f782620b40bee6f7b0c89e17ae61f686b92c24933e4ca4b2b8b41,20260801,16384,0.85,0.75,0.0,0.0,0,964,3.51,1
224,second,qwen3:8b,500a1f067a9f782620b40bee6f7b0c89e17ae61f686b92c24933e4ca4b2b8b41,20260801,16384,0.33,0.25,0.5,0.5,0,404,2.53,1
224,third,qwen3:8b,500a1f067a9f782620b40bee6f7b0c89e17ae61f686b92c24933e4ca4b2b8b41,20260801,16384,0.0,0.0,0.0,0.5,0,65,2.1,1
225,front,qwen3:8b,500a1f067a9f782620b40bee6f7b0c89e17ae61f686b92c24933e4ca4b2b8b41,20260801,16384,0.0,0.0,0.0,0.0,0,64,2.11,1
225,second,qwen3:8b,500a1f067a9f782620b40bee6f7b0c89e17ae61f686b92c24933e4ca4b2b8b41,20260801,16384,0.0,0.0,0.0,0.0,0,138,2.11,1
225,third,qwen3:8b,500a1f067a9f782620b40bee6f7b0c89e17ae61f686b92c24933e4ca4b2b8b41,20260801,16384,0.0,0.0,0.0,0.0,0,64,2.1,1
226,front,qwen3:8b,500a1f067a9f782620b40bee6f7b0c89e17ae61f686b92c24933e4ca4b2b8b41,20260801,16384,0.0,0.0,0.0,0.0,0,73,2.13,1
226,second,qwen3:8b,500a1f067a9f782620b40bee6f7b0c89e17ae61f686b92c24933e4ca4b2b8b41,20260801,16384,0.25,0.25,0.0,0.5,0,163,2.15,1
226,third,qwen3:8b,500a1f067a9f782620b40bee6f7b0c89e17ae61f686b92c24933e4ca4b2b8b41,20260801,16384,0.25,0.0,0.0,0.5,0,67,2.12,1
227,front,qwen3:8b,500a1f067a9f782620b40bee6f7b0c89e17ae61f686b92c24933e4ca4b2b8b41,20260801,16384,0.75,0.67,0.0,0.0,0,959,3.66,1
227,second,qwen3:8b,500a1f067a9f782620b40bee6f7b0c89e17ae61f686b92c24933e4ca4b2b8b41,20260801,16384,0.25,0.5,0.0,0.5,0,329,2.47,1
227,third,qwen3:8b,500a1f067a9f782620b40bee6f7b0c89e17ae61f686b92c24933e4ca4b2b8b41,20260801,16384,0.5,0.0,0.0,0.5,0,97,2.2,1
228,front,qwen3:8b,500a1f067a9f782620b40bee6f7b0c89e17ae61f686b92c24933e4ca4b2b8b41,20260801,16384,0.85,0.75,0.1,0.3,0,757,3.21,1
228,second,qwen3:8b,500a1f067a9f782620b40bee6f7b0c89e17ae61f686b92c24933e4ca4b2b8b41,20260801,16384,0.75,0.5,0.0,0.5,0,279,2.42,1
228,third,qwen3:8b,500a1f067a9f782620b40bee6f7b0c89e17ae61f686b92c24933e4ca4b2b8b41,20260801,16384,0.75,0.5,0.0,0.0,0,118,2.15,1
229,front,qwen3:8b,500a1f067a9f782620b40bee6f7b0c89e17ae61f686b92c24933e4ca4b2b8b41,20260801,16384,0.85,0.65,0.15,0.35,0,745,3.24,1
229,second,qwen3:8b,500a1f067a9f782620b40bee6f7b0c89e17ae61f686b92c24933e4ca4b2b8b41,20260801,16384,0.67,0.33,0.5,0.5,0,354,2.55,1
229,third,qwen3:8b,500a1f067a9f782620b40bee6f7b0c89e17ae61f686b92c24933e4ca4b2b8b41,20260801,16384,0.5,0.5,0.0,0.5,0,159,2.01,1
230,front,qwen3:8b,500a1f067a9f782620b40bee6f7b0c89e17ae61f686b92c24933e4ca4b2b8b41,20260801,16384,0.85,0.75,0.1,0.3,0,1119,3.87,1
230,second,qwen3:8b,500a1f067a9f782620b40bee6f7b0c89e17ae61f686b92c24933e4ca4b2b8b41,20260801,16384,0.25,0.5,0.0,0.5,0,452,2.62,1
230,third,qwen3:8b,500a1f067a9f782620b40bee6f7b0c89e17ae61f686b92c24933e4ca4b2b8b41,20260801,16384,0.5,0.0,0.0,0.5,0,89,1.97,1
231,front,qwen3:8b,500a1f067a9f782620b40bee6f7b0c89e17ae61f686b92c24933e4ca4b2b8b41,20260801,16384,0.75,0.67,0.0,0.5,0,618,2.87,1
231,second,qwen3:8b,500a1f067a9f782620b40bee6f7b0c89e17ae61f686b92c24933e4ca4b2b8b41,20260801,16384,0.75,0.5,0.0,0.5,0,249,2.33,1
231,third,qwen3:8b,500a1f067a9f782620b40bee6f7b0c89e17ae61f686b92c24933e4ca4b2b8b41,20260801,16384,0.5,0.5,0.0,0.0,0,72,1.97,1
232,front,qwen3:8b,500a1f067a9f782620b40bee6f7b0c89e17ae61f686b92c24933e4ca4b2b8b41,20260801,16384,0.85,0.6,0.1,0.25,0,862,3.23,1
232,second,qwen3:8b,500a1f067a9f782620b40bee6f7b0c89e17ae61f686b92c24933e4ca4b2b8b41,20260801,16384,0.25,0.25,0.0,0.5,0,354,2.56,1
232,third,qwen3:8b,500a1f067a9f782620b40bee6f7b0c89e17ae61f686b92c24933e4ca4b2b8b41,20260801,16384,0.25,0.0,0.0,0.5,0,110,2.2,1
233,front,qwen3:8b,500a1f067a9f782620b40bee6f7b0c89e17ae61f686b92c24933e4ca4b2b8b41,20260801,16384,0.85,0.75,0.0,0.0,0,837,3.58,1
233,second,qwen3:8b,500a1f067a9f782620b40bee6f7b0c89e17ae61f686b92c24933e4ca4b2b8b41,20260801,16384,0.75,0.25,0.0,0.0,0,366,2.59,1
233,third,qwen3:8b,500a1f067a9f782620b40bee6f7b0c89e17ae61f686b92c24933e4ca4b2b8b41,20260801,16384,0.5,0.5,0.0,0.5,0,70,1.98,1
234,front,qwen3:8b,500a1f067a9f782620b40bee6f7b0c89e17ae61f686b92c24933e4ca4b2b8b41,20260801,16384,0.0,0.0,0.0,0.0,0,69,2.14,1
234,second,qwen3:8b,500a1f067a9f782620b40bee6f7b0c89e17ae61f686b92c24933e4ca4b2b8b41,20260801,16384,0.25,0.25,0.0,0.5,0,217,2.34,1
234,third,qwen3:8b,500a1f067a9f782620b40bee6f7b0c89e17ae61f686b92c24933e4ca4b2b8b41,20260801,16384,0.25,0.0,0.0,0.0,0,88,2.17,1
235,front,qwen3:8b,500a1f067a9f782620b40bee6f7b0c89e17ae61f686b92c24933e4ca4b2b8b41,20260801,16384,0.85,0.75,0.0,0.5,0,608,3.38,1
235,second,qwen3:8b,500a1f067a9f782620b40bee6f7b0c89e17ae61f686b92c24933e4ca4b2b8b41,20260801,16384,0.75,0.5,0.0,0.5,0,287,2.53,1
235,third,qwen3:8b,500a1f067a9f782620b40bee6f7b0c89e17ae61f686b92c24933e4ca4b2b8b41,20260801,16384,0.75,0.5,0.0,0.5,0,135,2.23,1
236,front,qwen3:8b,500a1f067a9f782620b40bee6f7b0c89e17ae61f686b92c24933e4ca4b2b8b41,20260801,16384,0.85,0.75,0.0,0.0,0,734,3.36,1
236,second,qwen3:8b,500a1f067a9f782620b40bee6f7b0c89e17ae61f686b92c24933e4ca4b2b8b41,20260801,16384,0.25,0.25,0.0,0.5,0,258,2.43,1
236,third,qwen3:8b,500a1f067a9f782620b40bee6f7b0c89e17ae61f686b92c24933e4ca4b2b8b41,20260801,16384,0.75,0.5,0.0,0.5,0,110,2.2,1
237,front,qwen3:8b,500a1f067a9f782620b40bee6f7b0c89e17ae61f686b92c24933e4ca4b2b8b41,20260801,16384,0.85,0.6,0.0,0.0,0,766,3.27,1
237,second,qwen3:8b,500a1f067a9f782620b40bee6f7b0c89e17ae61f686b92c24933e4ca4b2b8b41,20260801,16384,0.33,0.25,0.0,0.5,0,381,2.64,1
237,third,qwen3:8b,500a1f067a9f782620b40bee6f7b0c89e17ae61f686b92c24933e4ca4b2b8b41,20260801,16384,0.33,0.5,0.0,0.5,0,100,2.2,1
238,front,qwen3:8b,500a1f067a9f782620b40bee6f7b0c89e17ae61f686b92c24933e4ca4b2b8b41,20260801,16384,0.85,0.75,0.0,0.0,0,871,3.57,1
238,second,qwen3:8b,500a1f067a9f782620b40bee6f7b0c89e17ae61f686b92c24933e4ca4b2b8b41,20260801,16384,0.67,0.33,0.0,0.5,0,386,2.64,1
238,third,qwen3:8b,500a1f067a9f782620b40bee6f7b0c89e17ae61f686b92c24933e4ca4b2b8b41,20260801,16384,0.75,0.25,0.0,0.0,0,156,2.24,1
239,front,qwen3:8b,500a1f067a9f782620b40bee6f7b0c89e17ae61f686b92c24933e4ca4b2b8b41,20260801,16384,0.5,0.0,0.0,0.5,0,99,2.24,1
239,second,qwen3:8b,500a1f067a9f782620b40bee6f7b0c89e17ae61f686b92c24933e4ca4b2b8b41,20260801,16384,0.5,0.5,0.0,0.5,0,186,2.0,1
239,third,qwen3:8b,500a1f067a9f782620b40bee6f7b0c89e17ae61f686b92c24933e4ca4b2b8b41,20260801,16384,0.5,0.0,0.0,0.5,0,92,1.98,1
240,front,qwen3:8b,500a1f067a9f782620b40bee6f7b0c89e17ae61f686b92c24933e4ca4b2b8b41,20260801,16384,0.85,0.75,0.0,0.0,0,788,3.54,1
240,second,qwen3:8b,500a1f067a9f782620b40bee6f7b0c89e17ae61f686b92c24933e4ca4b2b8b41,20260801,16384,0.25,0.5,0.0,0.5,0,467,2.57,1
240,third,qwen3:8b,500a1f067a9f782620b40bee6f7b0c89e17ae61f686b92c24933e4ca4b2b8b41,20260801,16384,0.0,0.0,0.0,0.5,0,69,2.12,1
241,front,qwen3:8b,500a1f067a9f782620b40bee6f7b0c89e17ae61f686b92c24933e4ca4b2b8b41,20260801,16384,0.85,0.75,0.0,0.0,0,680,3.22,1
241,second,qwen3:8b,500a1f067a9f782620b40bee6f7b0c89e17ae61f686b92c24933e4ca4b2b8b41,20260801,16384,0.67,0.5,0.0,0.5,0,488,2.56,1
241,third,qwen3:8b,500a1f067a9f782620b40bee6f7b0c89e17ae61f686b92c24933e4ca4b2b8b41,20260801,16384,0.75,0.5,0.0,0.0,0,106,2.14,1
242,front,qwen3:8b,500a1f067a9f782620b40bee6f7b0c89e17ae61f686b92c24933e4ca4b2b8b41,20260801,16384,0.85,0.65,0.0,0.0,0,910,3.52,1
242,second,qwen3:8b,500a1f067a9f782620b40bee6f7b0c89e17ae61f686b92c24933e4ca4b2b8b41,20260801,16384,0.33,0.5,0.5,0.5,0,368,2.38,1
242,third,qwen3:8b,500a1f067a9f782620b40bee6f7b0c89e17ae61f686b92c24933e4ca4b2b8b41,20260801,16384,0.75,0.5,0.0,0.5,0,115,2.14,1
243,front,qwen3:8b,500a1f067a9f782620b40bee6f7b0c89e17ae61f686b92c24933e4ca4b2b8b41,20260801,16384,0.95,0.75,0.0,0.0,0,582,2.82,1
243,second,qwen3:8b,500a1f067a9f782620b40bee6f7b0c89e17ae61f686b92c24933e4ca4b2b8b41,20260801,16384,0.67,0.5,0.0,0.5,0,377,2.58,1
243,third,qwen3:8b,500a1f067a9f782620b40bee6f7b0c89e17ae61f686b92c24933e4ca4b2b8b41,20260801,16384,0.75,0.25,0.0,0.0,0,141,2.14,1
244,front,qwen3:8b,500a1f067a9f782620b40bee6f7b0c89e17ae61f686b92c24933e4ca4b2b8b41,20260801,16384,0.95,0.85,0.0,0.5,0,542,2.82,1
244,second,qwen3:8b,500a1f067a9f782620b40bee6f7b0c89e17ae61f686b92c24933e4ca4b2b8b41,20260801,16384,0.75,0.25,0.0,0.0,0,231,2.3,1
244,third,qwen3:8b,500a1f067a9f782620b40bee6f7b0c89e17ae61f686b92c24933e4ca4b2b8b41,20260801,16384,0.5,0.0,0.0,0.5,0,71,1.96,1
245,front,qwen3:8b,500a1f067a9f782620b40bee6f7b0c89e17ae61f686b92c24933e4ca4b2b8b41,20260801,16384,0.85,0.75,0.0,0.0,0,710,3.23,1
245,second,qwen3:8b,500a1f067a9f782620b40bee6f7b0c89e17ae61f686b92c24933e4ca4b2b8b41,20260801,16384,0.33,0.5,0.0,0.5,0,352,2.54,1
245,third,qwen3:8b,500a1f067a9f782620b40bee6f7b0c89e17ae61f686b92c24933e4ca4b2b8b41,20260801,16384,0.5,0.5,0.0,0.5,0,131,1.97,1
246,front,qwen3:8b,500a1f067a9f782620b40bee6f7b0c89e17ae61f686b92c24933e4ca4b2b8b41,20260801,16384,0.85,0.75,0.0,0.0,0,830,3.56,1
246,second,qwen3:8b,500a1f067a9f782620b40bee6f7b0c89e17ae61f686b92c24933e4ca4b2b8b41,20260801,16384,0.33,0.5,0.0,0.5,0,256,2.4,1
246,third,qwen3:8b,500a1f067a9f782620b40bee6f7b0c89e17ae61f686b92c24933e4ca4b2b8b41,20260801,16384,0.5,0.0,0.0,0.5,0,89,2.01,1
247,front,qwen3:8b,500a1f067a9f782620b40bee6f7b0c89e17ae61f686b92c24933e4ca4b2b8b41,20260801,16384,0.75,0.75,0.0,0.0,0,661,3.47,1
247,second,qwen3:8b,500a1f067a9f782620b40bee6f7b0c89e17ae61f686b92c24933e4ca4b2b8b41,20260801,16384,0.33,0.25,0.0,0.5,0,303,2.37,1
247,third,qwen3:8b,500a1f067a9f782620b40bee6f7b0c89e17ae61f686b92c24933e4ca4b2b8b41,20260801,16384,0.5,0.0,0.0,0.0,0,116,1.98,1
248,front,qwen3:8b,500a1f067a9f782620b40bee6f7b0c89e17ae61f686b92c24933e4ca4b2b8b41,20260801,16384,0.95,0.65,0.0,0.0,0,867,3.24,1
248,second,qwen3:8b,500a1f067a9f782620b40bee6f7b0c89e17ae61f686b92c24933e4ca4b2b8b41,20260801,16384,0.25,0.17,0.0,0.5,0,358,2.58,1
248,third,qwen3:8b,500a1f067a9f782620b40bee6f7b0c89e17ae61f686b92c24933e4ca4b2b8b41,20260801,16384,0.33,0.0,0.0,0.5,0,114,2.15,1
249,front,qwen3:8b,500a1f067a9f782620b40bee6f7b0c89e17ae61f686b92c24933e4ca4b2b8b41,20260801,16384,0.75,0.75,0.0,0.5,0,337,2.59,1
249,second,qwen3:8b,500a1f067a9f782620b40bee6f7b0c89e17ae61f686b92c24933e4ca4b2b8b41,20260801,16384,0.75,0.5,0.0,0.0,0,276,2.35,1
249,third,qwen3:8b,500a1f067a9f782620b40bee6f7b0c89e17ae61f686b92c24933e4ca4b2b8b41,20260801,16384,0.5,0.5,0.0,0.0,0,139,2.01,1
250,front,qwen3:8b,500a1f067a9f782620b40bee6f7b0c89e17ae61f686b92c24933e4ca4b2b8b41,20260801,16384,0.0,0.0,0.0,0.5,0,67,2.24,1
250,second,qwen3:8b,500a1f067a9f782620b40bee6f7b0c89e17ae61f686b92c24933e4ca4b2b8b41,20260801,16384,0.25,0.25,0.0,0.5,0,180,2.27,1
250,third,qwen3:8b,500a1f067a9f782620b40bee6f7b0c89e17ae61f686b92c24933e4ca4b2b8b41,20260801,16384,0.0,0.0,0.0,0.0,0,78,2.21,1
251,front,qwen3:8b,500a1f067a9f782620b40bee6f7b0c89e17ae61f686b92c24933e4ca4b2b8b41,20260801,16384,0.0,0.0,0.0,1.0,0,85,2.24,1
251,second,qwen3:8b,500a1f067a9f782620b40bee6f7b0c89e17ae61f686b92c24933e4ca4b2b8b41,20260801,16384,0.0,0.0,0.0,0.5,0,187,2.38,1
251,third,qwen3:8b,500a1f067a9f782620b40bee6f7b0c89e17ae61f686b92c24933e4ca4b2b8b41,20260801,16384,0.5,0.5,0.0,1.0,0,78,2.02,1
252,front,qwen3:8b,500a1f067a9f782620b40bee6f7b0c89e17ae61f686b92c24933e4ca4b2b8b41,20260801,16384,0.75,0.5,0.0,0.5,0,298,2.42,1
252,second,qwen3:8b,500a1f067a9f782620b40bee6f7b0c89e17ae61f686b92c24933e4ca4b2b8b41,20260801,16384,0.75,0.75,0.0,0.5,0,255,2.41,1
252,third,qwen3:8b,500a1f067a9f782620b40bee6f7b0c89e17ae61f686b92c24933e4ca4b2b8b41,20260801,16384,0.75,0.75,0.0,0.5,0,105,2.2,1
253,front,qwen3:8b,500a1f067a9f782620b40bee6f7b0c89e17ae61f686b92c24933e4ca4b2b8b41,20260801,16384,0.0,0.0,0.0,0.5,0,78,2.19,1
253,second,qwen3:8b,500a1f067a9f782620b40bee6f7b0c89e17ae61f686b92c24933e4ca4b2b8b41,20260801,16384,0.5,0.5,0.0,0.5,0,235,2.23,1
253,third,qwen3:8b,500a1f067a9f782620b40bee6f7b0c89e17ae61f686b92c24933e4ca4b2b8b41,20260801,16384,0.5,0.0,0.0,1.0,0,61,2.05,1
254,front,qwen3:8b,500a1f067a9f782620b40bee6f7b0c89e17ae61f686b92c24933e4ca4b2b8b41,20260801,16384,0.0,0.0,0.0,1.0,0,79,2.2,1
254,second,qwen3:8b,500a1f067a9f782620b40bee6f7b0c89e17ae61f686b92c24933e4ca4b2b8b41,20260801,16384,0.0,0.0,0.0,0.5,0,178,2.23,1
254,third,qwen3:8b,500a1f067a9f782620b40bee6f7b0c89e17ae61f686b92c24933e4ca4b2b8b41,20260801,16384,0.5,0.5,0.0,1.0,0,78,2.02,1
255,front,qwen3:8b,500a1f067a9f782620b40bee6f7b0c89e17ae61f686b92c24933e4ca4b2b8b41,20260801,16384,0.0,0.0,0.0,0.0,0,54,2.2,1
255,second,qwen3:8b,500a1f067a9f782620b40bee6f7b0c89e17ae61f686b92c24933e4ca4b2b8b41,20260801,16384,0.0,0.0,0.0,0.0,0,105,2.2,1
255,third,qwen3:8b,500a1f067a9f782620b40bee6f7b0c89e17ae61f686b92c24933e4ca4b2b8b41,20260801,16384,0.0,0.0,0.0,0.0,0,62,2.19,1
256,front,qwen3:8b,500a1f067a9f782620b40bee6f7b0c89e17ae61f686b92c24933e4ca4b2b8b41,20260801,16384,0.0,0.0,0.0,0.5,0,69,2.2,1
256,second,qwen3:8b,500a1f067a9f782620b40bee6f7b0c89e17ae61f686b92c24933e4ca4b2b8b41,20260801,16384,0.5,0.5,0.0,0.5,0,167,2.05,1
256,third,qwen3:8b,500a1f067a9f782620b40bee6f7b0c89e17ae61f686b92c24933e4ca4b2b8b41,20260801,16384,0.5,0.0,0.0,0.5,0,64,2.01,1
257,front,qwen3:8b,500a1f067a9f782620b40bee6f7b0c89e17ae61f686b92c24933e4ca4b2b8b41,20260801,16384,0.0,0.0,0.0,0.0,0,67,2.21,1
257,second,qwen3:8b,500a1f067a9f782620b40bee6f7b0c89e17ae61f686b92c24933e4ca4b2b8b41,20260801,16384,0.0,0.0,0.0,0.0,0,229,2.45,1
257,third,qwen3:8b,500a1f067a9f782620b40bee6f7b0c89e17ae61f686b92c24933e4ca4b2b8b41,20260801,16384,0.0,0.0,0.0,0.0,0,78,2.22,1
258,front,qwen3:8b,500a1f067a9f782620b40bee6f7b0c89e17ae61f686b92c24933e4ca4b2b8b41,20260801,16384,0.0,0.0,0.0,0.5,0,78,2.23,1
258,second,qwen3:8b,500a1f067a9f782620b40bee6f7b0c89e17ae61f686b92c24933e4ca4b2b8b41,20260801,16384,0.5,0.0,0.0,0.5,0,190,2.01,1
258,third,qwen3:8b,500a1f067a9f782620b40bee6f7b0c89e17ae61f686b92c24933e4ca4b2b8b41,20260801,16384,0.5,0.5,0.0,1.0,0,76,2.19,1
259,front,qwen3:8b,500a1f067a9f782620b40bee6f7b0c89e17ae61f686b92c24933e4ca4b2b8b41,20260801,16384,0.0,0.0,0.0,0.0,0,71,2.22,1
259,second,qwen3:8b,500a1f067a9f782620b40bee6f7b0c89e17ae61f686b92c24933e4ca4b2b8b41,20260801,16384,0.0,0.0,0.0,0.0,0,174,2.21,1
259,third,qwen3:8b,500a1f067a9f782620b40bee6f7b0c89e17ae61f686b92c24933e4ca4b2b8b41,20260801,16384,0.0,0.0,0.0,0.0,0,79,2.14,1
260,front,qwen3:8b,500a1f067a9f782620b40bee6f7b0c89e17ae61f686b92c24933e4ca4b2b8b41,20260801,16384,0.85,0.75,0.1,0.25,0,751,3.25,1
260,second,qwen3:8b,500a1f067a9f782620b40bee6f7b0c89e17ae61f686b92c24933e4ca4b2b8b41,20260801,16384,0.33,0.5,0.0,0.5,0,382,2.6,1
260,third,qwen3:8b,500a1f067a9f782620b40bee6f7b0c89e17ae61f686b92c24933e4ca4b2b8b41,20260801,16384,0.75,0.5,0.0,0.5,0,142,2.16,1
261,front,qwen3:8b,500a1f067a9f782620b40bee6f7b0c89e17ae61f686b92c24933e4ca4b2b8b41,20260801,16384,0.75,0.75,0.5,0.5,0,773,3.32,1
261,second,qwen3:8b,500a1f067a9f782620b40bee6f7b0c89e17ae61f686b92c24933e4ca4b2b8b41,20260801,16384,0.0,0.0,0.5,0.5,0,274,2.45,1
261,third,qwen3:8b,500a1f067a9f782620b40bee6f7b0c89e17ae61f686b92c24933e4ca4b2b8b41,20260801,16384,0.25,0.25,0.0,0.5,0,94,2.23,1
262,front,qwen3:8b,500a1f067a9f782620b40bee6f7b0c89e17ae61f686b92c24933e4ca4b2b8b41,20260801,16384,0.85,0.75,0.1,0.25,0,765,3.65,1
262,second,qwen3:8b,500a1f067a9f782620b40bee6f7b0c89e17ae61f686b92c24933e4ca4b2b8b41,20260801,16384,0.67,0.5,0.0,0.5,0,327,2.59,1
262,third,qwen3:8b,500a1f067a9f782620b40bee6f7b0c89e17ae61f686b92c24933e4ca4b2b8b41,20260801,16384,0.5,0.5,0.0,1.0,0,108,2.04,1
263,front,qwen3:8b,500a1f067a9f782620b40bee6f7b0c89e17ae61f686b92c24933e4ca4b2b8b41,20260801,16384,0.83,0.75,0.0,0.0,0,251,2.43,1
263,second,qwen3:8b,500a1f067a9f782620b40bee6f7b0c89e17ae61f686b92c24933e4ca4b2b8b41,20260801,16384,0.5,0.33,0.0,0.5,0,245,2.35,1
263,third,qwen3:8b,500a1f067a9f782620b40bee6f7b0c89e17ae61f686b92c24933e4ca4b2b8b41,20260801,16384,0.75,0.5,0.0,0.5,0,153,2.16,1
264,front,qwen3:8b,500a1f067a9f782620b40bee6f7b0c89e17ae61f686b92c24933e4ca4b2b8b41,20260801,16384,0.85,0.75,0.0,0.0,0,685,3.2,1
264,second,qwen3:8b,500a1f067a9f782620b40bee6f7b0c89e17ae61f686b92c24933e4ca4b2b8b41,20260801,16384,0.67,0.5,0.0,0.0,0,275,2.5,1
264,third,qwen3:8b,500a1f067a9f782620b40bee6f7b0c89e17ae61f686b92c24933e4ca4b2b8b41,20260801,16384,0.5,0.5,0.0,1.0,0,150,2.01,1
265,front,qwen3:8b,500a1f067a9f782620b40bee6f7b0c89e17ae61f686b92c24933e4ca4b2b8b41,20260801,16384,0.0,0.0,0.0,0.0,0,55,2.2,1
265,second,qwen3:8b,500a1f067a9f782620b40bee6f7b0c89e17ae61f686b92c24933e4ca4b2b8b41,20260801,16384,0.0,0.0,0.0,0.0,0,152,2.14,1
265,third,qwen3:8b,500a1f067a9f782620b40bee6f7b0c89e17ae61f686b92c24933e4ca4b2b8b41,20260801,16384,0.0,0.0,0.0,0.5,0,56,2.13,1
266,front,qwen3:8b,500a1f067a9f782620b40bee6f7b0c89e17ae61f686b92c24933e4ca4b2b8b41,20260801,16384,0.0,0.0,0.0,0.5,0,58,2.15,1
266,second,qwen3:8b,500a1f067a9f782620b40bee6f7b0c89e17ae61f686b92c24933e4ca4b2b8b41,20260801,16384,0.25,0.25,0.0,0.5,0,206,2.33,1
266,third,qwen3:8b,500a1f067a9f782620b40bee6f7b0c89e17ae61f686b92c24933e4ca4b2b8b41,20260801,16384,0.0,0.0,0.0,0.0,0,77,2.11,1
267,front,qwen3:8b,500a1f067a9f782620b40bee6f7b0c89e17ae61f686b92c24933e4ca4b2b8b41,20260801,16384,0.0,0.0,0.5,0.5,0,50,2.11,1
267,second,qwen3:8b,500a1f067a9f782620b40bee6f7b0c89e17ae61f686b92c24933e4ca4b2b8b41,20260801,16384,0.0,0.0,0.0,0.5,0,137,2.16,1
267,third,qwen3:8b,500a1f067a9f782620b40bee6f7b0c89e17ae61f686b92c24933e4ca4b2b8b41,20260801,16384,0.0,0.0,0.0,0.0,0,53,2.11,1
268,front,qwen3:8b,500a1f067a9f782620b40bee6f7b0c89e17ae61f686b92c24933e4ca4b2b8b41,20260801,16384,0.0,0.0,0.0,0.5,0,60,2.13,1
268,second,qwen3:8b,500a1f067a9f782620b40bee6f7b0c89e17ae61f686b92c24933e4ca4b2b8b41,20260801,16384,0.0,0.0,0.0,0.5,0,141,2.15,1
268,third,qwen3:8b,500a1f067a9f782620b40bee6f7b0c89e17ae61f686b92c24933e4ca4b2b8b41,20260801,16384,0.0,0.0,0.0,0.5,0,59,2.12,1
269,front,qwen3:8b,500a1f067a9f782620b40bee6f7b0c89e17ae61f686b92c24933e4ca4b2b8b41,20260801,16384,0.75,0.5,0.0,0.0,0,978,3.55,1
269,second,qwen3:8b,500a1f067a9f782620b40bee6f7b0c89e17ae61f686b92c24933e4ca4b2b8b41,20260801,16384,0.33,0.25,0.0,0.5,0,267,2.36,1
269,third,qwen3:8b,500a1f067a9f782620b40bee6f7b0c89e17ae61f686b92c24933e4ca4b2b8b41,20260801,16384,0.5,0.0,0.0,0.5,0,96,1.96,1
270,front,qwen3:8b,500a1f067a9f782620b40bee6f7b0c89e17ae61f686b92c24933e4ca4b2b8b41,20260801,16384,0.75,0.75,0.0,0.0,0,843,3.57,1
270,second,qwen3:8b,500a1f067a9f782620b40bee6f7b0c89e17ae61f686b92c24933e4ca4b2b8b41,20260801,16384,0.5,0.0,0.5,0.5,0,244,2.19,1
270,third,qwen3:8b,500a1f067a9f782620b40bee6f7b0c89e17ae61f686b92c24933e4ca4b2b8b41,20260801,16384,0.5,0.0,0.0,1.0,0,64,1.96,1
271,front,qwen3:8b,500a1f067a9f782620b40bee6f7b0c89e17ae61f686b92c24933e4ca4b2b8b41,20260801,16384,0.0,0.0,0.0,0.0,0,62,2.17,1
271,second,qwen3:8b,500a1f067a9f782620b40bee6f7b0c89e17ae61f686b92c24933e4ca4b2b8b41,20260801,16384,0.0,0.0,0.0,0.0,0,181,2.19,1
271,third,qwen3:8b,500a1f067a9f782620b40bee6f7b0c89e17ae61f686b92c24933e4ca4b2b8b41,20260801,16384,0.0,0.0,0.0,0.0,0,57,2.15,1
272,front,qwen3:8b,500a1f067a9f782620b40bee6f7b0c89e17ae61f686b92c24933e4ca4b2b8b41,20260801,16384,0.85,0.75,0.0,0.0,0,957,3.46,1
272,second,qwen3:8b,500a1f067a9f782620b40bee6f7b0c89e17ae61f686b92c24933e4ca4b2b8b41,20260801,16384,0.25,0.25,0.5,0.5,0,397,2.58,1
272,third,qwen3:8b,500a1f067a9f782620b40bee6f7b0c89e17ae61f686b92c24933e4ca4b2b8b41,20260801,16384,0.0,0.0,0.0,1.0,0,58,2.13,1
273,front,qwen3:8b,500a1f067a9f782620b40bee6f7b0c89e17ae61f686b92c24933e4ca4b2b8b41,20260801,16384,0.0,0.0,0.0,0.0,0,57,2.14,1
273,second,qwen3:8b,500a1f067a9f782620b40bee6f7b0c89e17ae61f686b92c24933e4ca4b2b8b41,20260801,16384,0.0,0.0,0.0,0.0,0,131,2.15,1
273,third,qwen3:8b,500a1f067a9f782620b40bee6f7b0c89e17ae61f686b92c24933e4ca4b2b8b41,20260801,16384,0.0,0.0,0.0,0.0,0,57,2.13,1
274,front,qwen3:8b,500a1f067a9f782620b40bee6f7b0c89e17ae61f686b92c24933e4ca4b2b8b41,20260801,16384,0.0,0.0,0.0,0.5,0,66,2.14,1
274,second,qwen3:8b,500a1f067a9f782620b40bee6f7b0c89e17ae61f686b92c24933e4ca4b2b8b41,20260801,16384,0.0,0.0,0.5,0.5,0,156,2.17,1
274,third,qwen3:8b,500a1f067a9f782620b40bee6f7b0c89e17ae61f686b92c24933e4ca4b2b8b41,20260801,16384,0.0,0.0,0.0,0.5,0,60,2.13,1
275,front,qwen3:8b,500a1f067a9f782620b40bee6f7b0c89e17ae61f686b92c24933e4ca4b2b8b41,20260801,16384,0.67,0.5,0.0,0.0,0,952,3.63,1
275,second,qwen3:8b,500a1f067a9f782620b40bee6f7b0c89e17ae61f686b92c24933e4ca4b2b8b41,20260801,16384,0.25,0.25,0.0,0.5,0,322,2.43,1
275,third,qwen3:8b,500a1f067a9f782620b40bee6f7b0c89e17ae61f686b92c24933e4ca4b2b8b41,20260801,16384,0.5,0.0,0.0,1.0,0,90,2.28,1
276,front,qwen3:8b,500a1f067a9f782620b40bee6f7b0c89e17ae61f686b92c24933e4ca4b2b8b41,20260801,16384,0.85,0.75,0.0,0.5,0,750,3.2,1
276,second,qwen3:8b,500a1f067a9f782620b40bee6f7b0c89e17ae61f686b92c24933e4ca4b2b8b41,20260801,16384,0.5,0.5,0.0,0.5,0,272,2.28,1
276,third,qwen3:8b,500a1f067a9f782620b40bee6f7b0c89e17ae61f686b92c24933e4ca4b2b8b41,20260801,16384,0.5,0.5,0.0,0.0,0,111,1.97,1
277,front,qwen3:8b,500a1f067a9f782620b40bee6f7b0c89e17ae61f686b92c24933e4ca4b2b8b41,20260801,16384,0.0,0.0,0.0,0.5,0,72,2.13,1
277,second,qwen3:8b,500a1f067a9f782620b40bee6f7b0c89e17ae61f686b92c24933e4ca4b2b8b41,20260801,16384,0.0,0.0,0.0,0.5,0,204,2.29,1
277,third,qwen3:8b,500a1f067a9f782620b40bee6f7b0c89e17ae61f686b92c24933e4ca4b2b8b41,20260801,16384,0.5,0.0,0.0,1.0,0,83,1.95,1
278,front,qwen3:8b,500a1f067a9f782620b40bee6f7b0c89e17ae61f686b92c24933e4ca4b2b8b41,20260801,16384,0.85,0.75,0.1,0.25,0,1112,3.82,1
278,second,qwen3:8b,500a1f067a9f782620b40bee6f7b0c89e17ae61f686b92c24933e4ca4b2b8b41,20260801,16384,0.25,0.25,0.0,0.5,0,445,2.57,1
278,third,qwen3:8b,500a1f067a9f782620b40bee6f7b0c89e17ae61f686b92c24933e4ca4b2b8b41,20260801,16384,0.5,0.0,0.0,1.0,0,82,1.95,1
279,front,qwen3:8b,500a1f067a9f782620b40bee6f7b0c89e17ae61f686b92c24933e4ca4b2b8b41,20260801,16384,0.0,0.0,0.0,0.0,0,69,2.11,1
279,second,qwen3:8b,500a1f067a9f782620b40bee6f7b0c89e17ae61f686b92c24933e4ca4b2b8b41,20260801,16384,0.0,0.0,0.0,0.0,0,224,2.46,1
279,third,qwen3:8b,500a1f067a9f782620b40bee6f7b0c89e17ae61f686b92c24933e4ca4b2b8b41,20260801,16384,0.0,0.0,0.0,0.0,0,60,2.27,1
280,front,qwen3:8b,500a1f067a9f782620b40bee6f7b0c89e17ae61f686b92c24933e4ca4b2b8b41,20260801,16384,0.85,0.35,0.0,0.0,0,855,3.22,1
280,second,qwen3:8b,500a1f067a9f782620b40bee6f7b0c89e17ae61f686b92c24933e4ca4b2b8b41,20260801,16384,0.25,0.25,0.0,0.5,0,347,2.56,1
280,third,qwen3:8b,500a1f067a9f782620b40bee6f7b0c89e17ae61f686b92c24933e4ca4b2b8b41,20260801,16384,0.25,0.0,0.0,0.5,0,103,2.13,1
281,front,qwen3:8b,500a1f067a9f782620b40bee6f7b0c89e17ae61f686b92c24933e4ca4b2b8b41,20260801,16384,0.75,0.5,0.0,0.5,0,333,2.54,1
281,second,qwen3:8b,500a1f067a9f782620b40bee6f7b0c89e17ae61f686b92c24933e4ca4b2b8b41,20260801,16384,0.67,0.5,0.0,0.0,0,272,2.37,1
281,third,qwen3:8b,500a1f067a9f782620b40bee6f7b0c89e17ae61f686b92c24933e4ca4b2b8b41,20260801,16384,0.5,0.5,0.0,0.0,0,135,1.98,1
282,front,qwen3:8b,500a1f067a9f782620b40bee6f7b0c89e17ae61f686b92c24933e4ca4b2b8b41,20260801,16384,0.0,0.0,0.0,0.0,0,60,2.12,1
282,second,qwen3:8b,500a1f067a9f782620b40bee6f7b0c89e17ae61f686b92c24933e4ca4b2b8b41,20260801,16384,0.25,0.25,0.0,0.5,0,208,2.3,1
282,third,qwen3:8b,500a1f067a9f782620b40bee6f7b0c89e17ae61f686b92c24933e4ca4b2b8b41,20260801,16384,0.0,0.0,0.0,0.0,0,79,2.11,1
283,front,qwen3:8b,500a1f067a9f782620b40bee6f7b0c89e17ae61f686b92c24933e4ca4b2b8b41,20260801,16384,0.0,0.0,0.0,0.0,0,53,2.14,1
283,second,qwen3:8b,500a1f067a9f782620b40bee6f7b0c89e17ae61f686b92c24933e4ca4b2b8b41,20260801,16384,0.0,0.0,0.0,0.0,0,140,2.16,1
283,third,qwen3:8b,500a1f067a9f782620b40bee6f7b0c89e17ae61f686b92c24933e4ca4b2b8b41,20260801,16384,0.0,0.0,0.0,0.0,0,56,2.11,1
284,front,qwen3:8b,500a1f067a9f782620b40bee6f7b0c89e17ae61f686b92c24933e4ca4b2b8b41,20260801,16384,0.0,0.0,0.0,0.5,0,63,2.13,1
284,second,qwen3:8b,500a1f067a9f782620b40bee6f7b0c89e17ae61f686b92c24933e4ca4b2b8b41,20260801,16384,0.0,0.0,0.0,0.5,0,143,2.15,1
284,third,qwen3:8b,500a1f067a9f782620b40bee6f7b0c89e17ae61f686b92c24933e4ca4b2b8b41,20260801,16384,0.0,0.0,0.0,0.5,0,61,2.13,1
285,front,qwen3:8b,500a1f067a9f782620b40bee6f7b0c89e17ae61f686b92c24933e4ca4b2b8b41,20260801,16384,0.0,0.0,0.0,0.5,0,74,2.14,1
285,second,qwen3:8b,500a1f067a9f782620b40bee6f7b0c89e17ae61f686b92c24933e4ca4b2b8b41,20260801,16384,0.5,0.5,0.0,0.5,0,231,2.17,1
285,third,qwen3:8b,500a1f067a9f782620b40bee6f7b0c89e17ae61f686b92c24933e4ca4b2b8b41,20260801,16384,0.5,0.0,0.0,0.5,0,57,1.97,1
286,front,qwen3:8b,500a1f067a9f782620b40bee6f7b0c89e17ae61f686b92c24933e4ca4b2b8b41,20260801,16384,0.0,0.0,0.0,0.5,0,75,2.15,1
286,second,qwen3:8b,500a1f067a9f782620b40bee6f7b0c89e17ae61f686b92c24933e4ca4b2b8b41,20260801,16384,0.0,0.0,0.0,0.5,0,174,2.16,1
286,third,qwen3:8b,500a1f067a9f782620b40bee6f7b0c89e17ae61f686b92c24933e4ca4b2b8b41,20260801,16384,0.5,0.0,0.0,1.0,0,74,1.95,1
287,front,qwen3:8b,500a1f067a9f782620b40bee6f7b0c89e17ae61f686b92c24933e4ca4b2b8b41,20260801,16384,0.0,0.0,0.0,0.0,0,65,2.12,1
287,second,qwen3:8b,500a1f067a9f782620b40bee6f7b0c89e17ae61f686b92c24933e4ca4b2b8b41,20260801,16384,0.0,0.0,0.0,0.0,0,184,2.16,1
287,third,qwen3:8b,500a1f067a9f782620b40bee6f7b0c89e17ae61f686b92c24933e4ca4b2b8b41,20260801,16384,0.0,0.0,0.0,0.0,0,60,2.12,1
288,front,qwen3:8b,500a1f067a9f782620b40bee6f7b0c89e17ae61f686b92c24933e4ca4b2b8b41,20260801,16384,0.0,0.0,0.0,0.5,0,65,2.15,1
288,second,qwen3:8b,500a1f067a9f782620b40bee6f7b0c89e17ae61f686b92c24933e4ca4b2b8b41,20260801,16384,0.5,0.5,0.0,0.5,0,163,2.03,1
288,third,qwen3:8b,500a1f067a9f782620b40bee6f7b0c89e17ae61f686b92c24933e4ca4b2b8b41,20260801,16384,0.5,0.0,0.0,0.5,0,60,1.97,1
289,front,qwen3:8b,500a1f067a9f782620b40bee6f7b0c89e17ae61f686b92c24933e4ca4b2b8b41,20260801,16384,0.0,0.0,0.0,0.0,0,63,2.14,1
289,second,qwen3:8b,500a1f067a9f782620b40bee6f7b0c89e17ae61f686b92c24933e4ca4b2b8b41,20260801,16384,0.0,0.0,0.0,0.0,0,225,2.34,1
289,third,qwen3:8b,500a1f067a9f782620b40bee6f7b0c89e17ae61f686b92c24933e4ca4b2b8b41,20260801,16384,0.0,0.0,0.0,0.0,0,74,2.14,1
290,front,qwen3:8b,500a1f067a9f782620b40bee6f7b0c89e17ae61f686b92c24933e4ca4b2b8b41,20260801,16384,0.0,0.0,0.0,0.0,0,74,2.14,1
290,second,qwen3:8b,500a1f067a9f782620b40bee6f7b0c89e17ae61f686b92c24933e4ca4b2b8b41,20260801,16384,0.5,0.0,0.0,0.5,0,186,2.04,1
290,third,qwen3:8b,500a1f067a9f782620b40bee6f7b0c89e17ae61f686b92c24933e4ca4b2b8b41,20260801,16384,0.5,0.0,0.0,1.0,0,72,1.98,1
291,front,qwen3:8b,500a1f067a9f782620b40bee6f7b0c89e17ae61f686b92c24933e4ca4b2b8b41,20260801,16384,0.0,0.0,0.0,0.0,0,67,2.14,1
291,second,qwen3:8b,500a1f067a9f782620b40bee6f7b0c89e17ae61f686b92c24933e4ca4b2b8b41,20260801,16384,0.0,0.0,0.0,0.0,0,170,2.17,1
291,third,qwen3:8b,500a1f067a9f782620b40bee6f7b0c89e17ae61f686b92c24933e4ca4b2b8b41,20260801,16384,0.0,0.0,0.0,0.0,0,75,2.15,1
292,front,qwen3:8b,500a1f067a9f782620b40bee6f7b0c89e17ae61f686b92c24933e4ca4b2b8b41,20260801,16384,0.85,0.75,0.1,0.25,0,747,3.27,1
292,second,qwen3:8b,500a1f067a9f782620b40bee6f7b0c89e17ae61f686b92c24933e4ca4b2b8b41,20260801,16384,0.33,0.5,0.0,0.5,0,378,2.55,1
292,third,qwen3:8b,500a1f067a9f782620b40bee6f7b0c89e17ae61f686b92c24933e4ca4b2b8b41,20260801,16384,0.75,0.25,0.0,0.5,0,138,2.15,1
293,front,qwen3:8b,500a1f067a9f782620b40bee6f7b0c89e17ae61f686b92c24933e4ca4b2b8b41,20260801,16384,0.0,0.0,0.0,0.0,0,75,2.15,1
293,second,qwen3:8b,500a1f067a9f782620b40bee6f7b0c89e17ae61f686b92c24933e4ca4b2b8b41,20260801,16384,0.0,0.0,0.0,0.5,0,206,2.32,1
293,third,qwen3:8b,500a1f067a9f782620b40bee6f7b0c89e17ae61f686b92c24933e4ca4b2b8b41,20260801,16384,0.5,0.0,0.0,0.5,0,86,1.97,1
294,front,qwen3:8b,500a1f067a9f782620b40bee6f7b0c89e17ae61f686b92c24933e4ca4b2b8b41,20260801,16384,0.85,0.75,0.1,0.25,0,761,3.57,1
294,second,qwen3:8b,500a1f067a9f782620b40bee6f7b0c89e17ae61f686b92c24933e4ca4b2b8b41,20260801,16384,0.67,0.33,0.0,0.5,0,323,2.42,1
294,third,qwen3:8b,500a1f067a9f782620b40bee6f7b0c89e17ae61f686b92c24933e4ca4b2b8b41,20260801,16384,0.5,0.0,0.0,0.5,0,104,2.15,1
295,front,qwen3:8b,500a1f067a9f782620b40bee6f7b0c89e17ae61f686b92c24933e4ca4b2b8b41,20260801,16384,0.0,0.0,0.0,0.0,0,67,2.14,1
295,second,qwen3:8b,500a1f067a9f782620b40bee6f7b0c89e17ae61f686b92c24933e4ca4b2b8b41,20260801,16384,0.5,0.5,0.0,0.5,0,182,2.01,1
295,third,qwen3:8b,500a1f067a9f782620b40bee6f7b0c89e17ae61f686b92c24933e4ca4b2b8b41,20260801,16384,0.0,0.0,0.0,0.5,0,100,2.15,1
296,front,qwen3:8b,500a1f067a9f782620b40bee6f7b0c89e17ae61f686b92c24933e4ca4b2b8b41,20260801,16384,0.85,0.6,0.0,0.0,0,858,3.23,1
296,second,qwen3:8b,500a1f067a9f782620b40bee6f7b0c89e17ae61f686b92c24933e4ca4b2b8b41,20260801,16384,0.25,0.25,0.0,0.5,0,349,2.56,1
296,third,qwen3:8b,500a1f067a9f782620b40bee6f7b0c89e17ae61f686b92c24933e4ca4b2b8b41,20260801,16384,0.25,0.0,0.0,0.5,0,105,2.15,1
297,front,qwen3:8b,500a1f067a9f782620b40bee6f7b0c89e17ae61f686b92c24933e4ca4b2b8b41,20260801,16384,0.0,0.0,0.0,0.0,0,55,2.25,1
297,second,qwen3:8b,500a1f067a9f782620b40bee6f7b0c89e17ae61f686b92c24933e4ca4b2b8b41,20260801,16384,0.0,0.0,0.0,0.0,0,151,2.25,1
297,third,qwen3:8b,500a1f067a9f782620b40bee6f7b0c89e17ae61f686b92c24933e4ca4b2b8b41,20260801,16384,0.0,0.0,0.0,0.5,0,56,2.24,1
298,front,qwen3:8b,500a1f067a9f782620b40bee6f7b0c89e17ae61f686b92c24933e4ca4b2b8b41,20260801,16384,0.0,0.0,0.0,0.0,0,58,2.25,1
298,second,qwen3:8b,500a1f067a9f782620b40bee6f7b0c89e17ae61f686b92c24933e4ca4b2b8b41,20260801,16384,0.25,0.25,0.0,0.5,0,206,2.34,1
298,third,qwen3:8b,500a1f067a9f782620b40bee6f7b0c89e17ae61f686b92c24933e4ca4b2b8b41,20260801,16384,0.25,0.0,0.0,0.0,0,76,2.15,1
299,front,qwen3:8b,500a1f067a9f782620b40bee6f7b0c89e17ae61f686b92c24933e4ca4b2b8b41,20260801,16384,0.0,0.0,0.5,0.5,0,50,2.16,1
299,second,qwen3:8b,500a1f067a9f782620b40bee6f7b0c89e17ae61f686b92c24933e4ca4b2b8b41,20260801,16384,0.0,0.0,0.0,0.5,0,137,2.19,1
299,third,qwen3:8b,500a1f067a9f782620b40bee6f7b0c89e17ae61f686b92c24933e4ca4b2b8b41,20260801,16384,0.0,0.0,0.0,0.0,0,53,2.22,1
300,front,qwen3:8b,500a1f067a9f782620b40bee6f7b0c89e17ae61f686b92c24933e4ca4b2b8b41,20260801,16384,0.0,0.0,0.0,0.5,0,60,2.39,1
300,second,qwen3:8b,500a1f067a9f782620b40bee6f7b0c89e17ae61f686b92c24933e4ca4b2b8b41,20260801,16384,0.0,0.0,0.0,1.0,0,141,2.27,1
300,third,qwen3:8b,500a1f067a9f782620b40bee6f7b0c89e17ae61f686b92c24933e4ca4b2b8b41,20260801,16384,0.0,0.0,0.0,0.5,0,58,2.17,1
301,front,qwen3:8b,500a1f067a9f782620b40bee6f7b0c89e17ae61f686b92c24933e4ca4b2b8b41,20260801,16384,0.85,0.65,0.1,0.25,0,978,3.53,1
301,second,qwen3:8b,500a1f067a9f782620b40bee6f7b0c89e17ae61f686b92c24933e4ca4b2b8b41,20260801,16384,0.33,0.5,0.0,0.5,0,267,2.35,1
301,third,qwen3:8b,500a1f067a9f782620b40bee6f7b0c89e17ae61f686b92c24933e4ca4b2b8b41,20260801,16384,0.5,0.0,0.0,0.5,0,96,2.1,1
302,front,qwen3:8b,500a1f067a9f782620b40bee6f7b0c89e17ae61f686b92c24933e4ca4b2b8b41,20260801,16384,0.75,0.75,0.0,0.0,0,843,3.56,1
302,second,qwen3:8b,500a1f067a9f782620b40bee6f7b0c89e17ae61f686b92c24933e4ca4b2b8b41,20260801,16384,0.5,0.5,0.5,0.5,0,244,2.18,1
302,third,qwen3:8b,500a1f067a9f782620b40bee6f7b0c89e17ae61f686b92c24933e4ca4b2b8b41,20260801,16384,0.5,0.5,0.0,1.0,0,63,1.94,1
303,front,qwen3:8b,500a1f067a9f782620b40bee6f7b0c89e17ae61f686b92c24933e4ca4b2b8b41,20260801,16384,0.0,0.0,0.0,0.0,0,62,2.1,1
303,second,qwen3:8b,500a1f067a9f782620b40bee6f7b0c89e17ae61f686b92c24933e4ca4b2b8b41,20260801,16384,0.0,0.0,0.0,0.0,0,181,2.15,1
303,third,qwen3:8b,500a1f067a9f782620b40bee6f7b0c89e17ae61f686b92c24933e4ca4b2b8b41,20260801,16384,0.0,0.0,0.0,0.0,0,57,2.09,1
304,front,qwen3:8b,500a1f067a9f782620b40bee6f7b0c89e17ae61f686b92c24933e4ca4b2b8b41,20260801,16384,0.85,0.75,0.0,0.0,0,957,3.4,1
304,second,qwen3:8b,500a1f067a9f782620b40bee6f7b0c89e17ae61f686b92c24933e4ca4b2b8b41,20260801,16384,0.33,0.25,0.5,0.5,0,397,2.52,1
304,third,qwen3:8b,500a1f067a9f782620b40bee6f7b0c89e17ae61f686b92c24933e4ca4b2b8b41,20260801,16384,0.0,0.0,0.0,0.5,0,58,2.08,1
305,front,qwen3:8b,500a1f067a9f782620b40bee6f7b0c89e17ae61f686b92c24933e4ca4b2b8b41,20260801,16384,0.0,0.0,0.0,0.0,0,56,2.1,1
305,second,qwen3:8b,500a1f067a9f782620b40bee6f7b0c89e17ae61f686b92c24933e4ca4b2b8b41,20260801,16384,0.0,0.0,0.0,0.0,0,131,2.11,1
305,third,qwen3:8b,500a1f067a9f782620b40bee6f7b0c89e17ae61f686b92c24933e4ca4b2b8b41,20260801,16384,0.0,0.0,0.0,0.0,0,57,2.12,1
306,front,qwen3:8b,500a1f067a9f782620b40bee6f7b0c89e17ae61f686b92c24933e4ca4b2b8b41,20260801,16384,0.0,0.0,0.0,0.0,0,66,2.1,1
306,second,qwen3:8b,500a1f067a9f782620b40bee6f7b0c89e17ae61f686b92c24933e4ca4b2b8b41,20260801,16384,0.25,0.5,0.5,0.75,0,155,2.14,1
306,third,qwen3:8b,500a1f067a9f782620b40bee6f7b0c89e17ae61f686b92c24933e4ca4b2b8b41,20260801,16384,0.25,0.0,0.0,0.5,0,60,2.1,1
307,front,qwen3:8b,500a1f067a9f782620b40bee6f7b0c89e17ae61f686b92c24933e4ca4b2b8b41,20260801,16384,0.75,0.67,0.25,0.0,0,952,3.51,1
307,second,qwen3:8b,500a1f067a9f782620b40bee6f7b0c89e17ae61f686b92c24933e4ca4b2b8b41,20260801,16384,0.33,0.5,0.0,0.5,0,322,2.36,1
307,third,qwen3:8b,500a1f067a9f782620b40bee6f7b0c89e17ae61f686b92c24933e4ca4b2b8b41,20260801,16384,0.5,0.5,0.0,0.5,0,90,2.1,1
308,front,qwen3:8b,500a1f067a9f782620b40bee6f7b0c89e17ae61f686b92c24933e4ca4b2b8b41,20260801,16384,0.85,0.75,0.1,0.5,0,749,3.12,1
308,second,qwen3:8b,500a1f067a9f782620b40bee6f7b0c89e17ae61f686b92c24933e4ca4b2b8b41,20260801,16384,0.75,0.5,0.0,0.5,0,272,2.33,1
308,third,qwen3:8b,500a1f067a9f782620b40bee6f7b0c89e17ae61f686b92c24933e4ca4b2b8b41,20260801,16384,0.75,0.5,0.0,0.0,0,110,2.11,1
309,front,qwen3:8b,500a1f067a9f782620b40bee6f7b0c89e17ae61f686b92c24933e4ca4b2b8b41,20260801,16384,0.0,0.0,0.0,0.0,0,72,2.11,1
309,second,qwen3:8b,500a1f067a9f782620b40bee6f7b0c89e17ae61f686b92c24933e4ca4b2b8b41,20260801,16384,0.0,0.0,0.0,0.5,0,203,2.27,1
309,third,qwen3:8b,500a1f067a9f782620b40bee6f7b0c89e17ae61f686b92c24933e4ca4b2b8b41,20260801,16384,0.5,0.0,0.0,0.5,0,83,1.94,1
